TeamID,0,0,0,0,0,0,0,0,0,0,0,0,0,0,0,0,0,0,0,0,1,1,1,1,1,1,1,1,1,1,1,1,1,1,1,1,1,1,1,1,BALL,BALL,BALL,BALL
PlayerID,1,1,1,1,2,2,2,2,3,3,3,3,4,4,4,4,5,5,5,5,0,0,0,0,1,1,1,1,3,3,3,3,4,4,4,4,5,5,5,5,BALL,BALL,BALL,BALL
Attributes,bb_height,bb_left,bb_top,bb_width,bb_height,bb_left,bb_top,bb_width,bb_height,bb_left,bb_top,bb_width,bb_height,bb_left,bb_top,bb_width,bb_height,bb_left,bb_top,bb_width,bb_height,bb_left,bb_top,bb_width,bb_height,bb_left,bb_top,bb_width,bb_height,bb_left,bb_top,bb_width,bb_height,bb_left,bb_top,bb_width,bb_height,bb_left,bb_top,bb_width,bb_height,bb_left,bb_top,bb_width
frame,,,,,,,,,,,,,,,,,,,,,,,,,,,,,,,,,,,,,,,,,,,,
1,177,2717,913,86,162,2149,881,85,165,3149,1081,211,137,1424,850,73,188,2635,989,90,163,2829,961,79,173,1400,897,94,156,2809,910,79,154,1567,862,82,139,1363,833,74,35,3315,1172,40
2,177,2718.965517,913.3448276,86,162.0869565,2150.26087,881.3913043,84.82608696,163.3333333,3165.333333,1085,190.3333333,137.15,1420.725,850.2625,73.1375,188.1891892,2637.162162,990.0540541,90.24324324,163.6296296,2831.777778,962,79.92592593,173.1851852,1399.555556,896.8518519,93.74074074,156,2808.66129,909.9516129,79,154,1566.428571,862.0952381,82,139,1363.034188,832.982906,74,35,3318,1193.5,40
3,177,2720.931034,913.6896552,86,162.173913,2151.521739,881.7826087,84.65217391,161.6666667,3181.666667,1089,169.6666667,137.3,1417.45,850.525,73.275,188.3783784,2639.324324,991.1081081,90.48648649,164.2592593,2834.555556,963,80.85185185,173.3703704,1399.111111,896.7037037,93.48148148,156,2808.322581,909.9032258,79,154,1565.857143,862.1904762,82,139,1363.068376,832.965812,74,35,3321,1215,40
4,177,2722.896552,914.0344828,86,162.2608696,2152.782609,882.173913,84.47826087,160,3198,1093,149,137.45,1414.175,850.7875,73.4125,188.5675676,2641.486486,992.1621622,90.72972973,164.8888889,2837.333333,964,81.77777778,173.5555556,1398.666667,896.5555556,93.22222222,156,2807.983871,909.8548387,79,154,1565.285714,862.2857143,82,139,1363.102564,832.9487179,74,35,3328,1229,40
5,177,2724.862069,914.3793103,86,162.3478261,2154.043478,882.5652174,84.30434783,165.4,3203.2,1092.8,157.2,137.6,1410.9,851.05,73.55,188.7567568,2643.648649,993.2162162,90.97297297,165.5185185,2840.111111,965,82.7037037,173.7407407,1398.222222,896.4074074,92.96296296,156,2807.645161,909.8064516,79,154,1564.714286,862.3809524,82,139,1363.136752,832.9316239,74,35,3333.666667,1216.666667,40
6,177,2726.827586,914.7241379,86,162.4347826,2155.304348,882.9565217,84.13043478,170.8,3208.4,1092.6,165.4,137.75,1407.625,851.3125,73.6875,188.9459459,2645.810811,994.2702703,91.21621622,166.1481481,2842.888889,966,83.62962963,173.9259259,1397.777778,896.2592593,92.7037037,156,2807.306452,909.7580645,79,154,1564.142857,862.4761905,82,139,1363.17094,832.9145299,74,35,3339.333333,1204.333333,40
7,177,2728.793103,915.0689655,86,162.5217391,2156.565217,883.3478261,83.95652174,176.2,3213.6,1092.4,173.6,137.9,1404.35,851.575,73.825,189.1351351,2647.972973,995.3243243,91.45945946,166.7777778,2845.666667,967,84.55555556,174.1111111,1397.333333,896.1111111,92.44444444,156,2806.967742,909.7096774,79,154,1563.571429,862.5714286,82,139,1363.205128,832.8974359,74,35,3345,1192,40
8,177,2730.758621,915.4137931,86,162.6086957,2157.826087,883.7391304,83.7826087,181.6,3218.8,1092.2,181.8,138.05,1401.075,851.8375,73.9625,189.3243243,2650.135135,996.3783784,91.7027027,167.4074074,2848.444444,968,85.48148148,174.2962963,1396.888889,895.962963,92.18518519,156,2806.629032,909.6612903,79,154,1563,862.6666667,82,139,1363.239316,832.8803419,74,35,3352.333333,1182,40
9,177,2732.724138,915.7586207,86,162.6956522,2159.086957,884.1304348,83.60869565,187,3224,1092,190,138.2,1397.8,852.1,74.1,189.5135135,2652.297297,997.4324324,91.94594595,168.037037,2851.222222,969,86.40740741,174.4814815,1396.444444,895.8148148,91.92592593,156,2806.290323,909.6129032,79,154,1562.428571,862.7619048,82,139,1363.273504,832.8632479,74,35,3359.666667,1172,40
10,177,2734.689655,916.1034483,86,162.7826087,2160.347826,884.5217391,83.43478261,186.6666667,3241.666667,1092.166667,184.3333333,138.35,1394.525,852.3625,74.2375,189.7027027,2654.459459,998.4864865,92.18918919,168.6666667,2854,970,87.33333333,174.6666667,1396,895.6666667,91.66666667,156,2805.951613,909.5645161,79,154,1561.857143,862.8571429,82,139,1363.307692,832.8461538,74,35,3367,1162,40
11,177,2736.655172,916.4482759,86,162.8695652,2161.608696,884.9130435,83.26086957,186.3333333,3259.333333,1092.333333,178.6666667,138.5,1391.25,852.625,74.375,189.8918919,2656.621622,999.5405405,92.43243243,169.2962963,2856.777778,971,88.25925926,174.8518519,1395.555556,895.5185185,91.40740741,156,2805.612903,909.516129,79,154,1561.285714,862.952381,82,139,1363.34188,832.8290598,74,35,3374.666667,1155,40
12,177,2738.62069,916.7931034,86,162.9565217,2162.869565,885.3043478,83.08695652,186,3277,1092.5,173,138.65,1387.975,852.8875,74.5125,190.0810811,2658.783784,1000.594595,92.67567568,169.9259259,2859.555556,972,89.18518519,175.037037,1395.111111,895.3703704,91.14814815,156,2805.274194,909.4677419,79,154,1560.714286,863.047619,82,139,1363.376068,832.8119658,74,35,3382.333333,1148,40
13,177,2740.586207,917.137931,86,163.0434783,2164.130435,885.6956522,82.91304348,185.6666667,3294.666667,1092.666667,167.3333333,138.8,1384.7,853.15,74.65,190.2702703,2660.945946,1001.648649,92.91891892,170.5555556,2862.333333,973,90.11111111,175.2222222,1394.666667,895.2222222,90.88888889,156,2804.935484,909.4193548,79,154,1560.142857,863.1428571,82,139,1363.410256,832.7948718,74,35,3390,1141,40
14,177,2742.551724,917.4827586,86,163.1304348,2165.391304,886.0869565,82.73913043,185.3333333,3312.333333,1092.833333,161.6666667,138.95,1381.425,853.4125,74.7875,190.4594595,2663.108108,1002.702703,93.16216216,171.1851852,2865.111111,974,91.03703704,175.4074074,1394.222222,895.0740741,90.62962963,156,2804.596774,909.3709677,79,154,1559.571429,863.2380952,82,139,1363.444444,832.7777778,74,35,3395.333333,1138,40
15,177,2744.517241,917.8275862,86,163.2173913,2166.652174,886.4782609,82.56521739,185,3330,1093,156,139.1,1378.15,853.675,74.925,190.6486486,2665.27027,1003.756757,93.40540541,171.8148148,2867.888889,975,91.96296296,175.5925926,1393.777778,894.9259259,90.37037037,156,2804.258065,909.3225806,79,154,1559,863.3333333,82,139,1363.478632,832.7606838,74,35,3400.666667,1135,40
16,177,2746.482759,918.1724138,86,163.3043478,2167.913043,886.8695652,82.39130435,190.125,3342.25,1094.5,155.625,139.25,1374.875,853.9375,75.0625,190.8378378,2667.432432,1004.810811,93.64864865,172.4444444,2870.666667,976,92.88888889,175.7777778,1393.333333,894.7777778,90.11111111,156,2803.919355,909.2741935,79,154,1558.428571,863.4285714,82,139,1363.512821,832.7435897,74,35,3406,1132,40
17,177,2748.448276,918.5172414,86,163.3913043,2169.173913,887.2608696,82.2173913,195.25,3354.5,1096,155.25,139.4,1371.6,854.2,75.2,191.027027,2669.594595,1005.864865,93.89189189,173.0740741,2873.444444,977,93.81481481,175.962963,1392.888889,894.6296296,89.85185185,156,2803.580645,909.2258065,79,154,1557.857143,863.5238095,82,139,1363.547009,832.7264957,74,35,3411,1131.666667,40
18,177,2750.413793,918.862069,86,163.4782609,2170.434783,887.6521739,82.04347826,200.375,3366.75,1097.5,154.875,139.55,1368.325,854.4625,75.3375,191.2162162,2671.756757,1006.918919,94.13513514,173.7037037,2876.222222,978,94.74074074,176.1481481,1392.444444,894.4814815,89.59259259,156,2803.241935,909.1774194,79,154,1557.285714,863.6190476,82,139,1363.581197,832.7094017,74,35,3416,1131.333333,40
19,177,2752.37931,919.2068966,86,163.5652174,2171.695652,888.0434783,81.86956522,205.5,3379,1099,154.5,139.7,1365.05,854.725,75.475,191.4054054,2673.918919,1007.972973,94.37837838,174.3333333,2879,979,95.66666667,176.3333333,1392,894.3333333,89.33333333,156,2802.903226,909.1290323,79,154,1556.714286,863.7142857,82,139,1363.615385,832.6923077,74,35,3421,1131,40
20,177,2754.344828,919.5517241,86,163.6521739,2172.956522,888.4347826,81.69565217,210.625,3391.25,1100.5,154.125,139.85,1361.775,854.9875,75.6125,191.5945946,2676.081081,1009.027027,94.62162162,174.962963,2881.777778,980,96.59259259,176.5185185,1391.555556,894.1851852,89.07407407,156,2802.564516,909.0806452,79,154,1556.142857,863.8095238,82,139,1363.649573,832.6752137,74,35,3426,1134,40
21,177,2756.310345,919.8965517,86,163.7391304,2174.217391,888.826087,81.52173913,215.75,3403.5,1102,153.75,140,1358.5,855.25,75.75,191.7837838,2678.243243,1010.081081,94.86486486,175.5925926,2884.555556,981,97.51851852,176.7037037,1391.111111,894.037037,88.81481481,156,2802.225806,909.0322581,79,154,1555.571429,863.9047619,82,139,1363.683761,832.6581197,74,35,3431,1137,40
22,177,2758.275862,920.2413793,86,163.826087,2175.478261,889.2173913,81.34782609,220.875,3415.75,1103.5,153.375,140.15,1355.225,855.5125,75.8875,191.972973,2680.405405,1011.135135,95.10810811,176.2222222,2887.333333,982,98.44444444,176.8888889,1390.666667,893.8888889,88.55555556,156,2801.887097,908.983871,79,154,1555,864,82,139,1363.717949,832.6410256,74,35,3436,1140,40
23,177,2760.241379,920.5862069,86,163.9130435,2176.73913,889.6086957,81.17391304,226,3428,1105,153,140.3,1351.95,855.775,76.025,192.1621622,2682.567568,1012.189189,95.35135135,176.8518519,2890.111111,983,99.37037037,177.0740741,1390.222222,893.7407407,88.2962963,156,2801.548387,908.9354839,79,154,1554.860465,863.9302326,82,139,1363.752137,832.6239316,74,35,3441,1143,40
24,177,2762.206897,920.9310345,86,164,2178,890,81,226.875,3439.875,1107.875,151.875,140.45,1348.675,856.0375,76.1625,192.3513514,2684.72973,1013.243243,95.59459459,177.4814815,2892.888889,984,100.2962963,177.2592593,1389.777778,893.5925926,88.03703704,156,2801.209677,908.8870968,79,154,1554.72093,863.8604651,82,139,1363.786325,832.6068376,74,35,3445.6,1151.8,40
25,177,2764.172414,921.2758621,86,164.0869565,2179.26087,890.3913043,80.82608696,227.75,3451.75,1110.75,150.75,140.6,1345.4,856.3,76.3,192.5405405,2686.891892,1014.297297,95.83783784,178.1111111,2895.666667,985,101.2222222,177.4444444,1389.333333,893.4444444,87.77777778,156,2800.870968,908.8387097,79,154,1554.581395,863.7906977,82,139,1363.820513,832.5897436,74,35,3450.2,1160.6,40
26,177,2766.137931,921.6206897,86,164.173913,2180.521739,890.7826087,80.65217391,228.625,3463.625,1113.625,149.625,140.75,1342.125,856.5625,76.4375,192.7297297,2689.054054,1015.351351,96.08108108,178.7407407,2898.444444,986,102.1481481,177.6296296,1388.888889,893.2962963,87.51851852,156,2800.532258,908.7903226,79,154,1554.44186,863.7209302,82,139,1363.854701,832.5726496,74,35,3454.8,1169.4,40
27,177,2768.103448,921.9655172,86,164.2608696,2181.782609,891.173913,80.47826087,229.5,3475.5,1116.5,148.5,140.9,1338.85,856.825,76.575,192.9189189,2691.216216,1016.405405,96.32432432,179.3703704,2901.222222,987,103.0740741,177.8148148,1388.444444,893.1481481,87.25925926,156,2800.193548,908.7419355,79,154,1554.302326,863.6511628,82,139,1363.888889,832.5555556,74,35,3459.4,1178.2,40
28,177,2770.068966,922.3103448,86,164.3478261,2183.043478,891.5652174,80.30434783,230.375,3487.375,1119.375,147.375,141.05,1335.575,857.0875,76.7125,193.1081081,2693.378378,1017.459459,96.56756757,180,2904,988,104,178,1388,893,87,156,2799.854839,908.6935484,79,154,1554.162791,863.5813953,82,139,1363.923077,832.5384615,74,35,3464,1187,40
29,177,2772.034483,922.6551724,86,164.4347826,2184.304348,891.9565217,80.13043478,231.25,3499.25,1122.25,146.25,141.2,1332.3,857.35,76.85,193.2972973,2695.540541,1018.513514,96.81081081,180.6470588,2907.823529,989.4117647,104.9411765,177.8648649,1386.648649,893.2972973,87.18918919,156,2799.516129,908.6451613,79,154,1554.023256,863.5116279,82,139,1363.957265,832.5213675,74,35.66666667,3466.333333,1199.666667,40
30,177,2774,923,86,164.5217391,2185.565217,892.3478261,79.95652174,232.125,3511.125,1125.125,145.125,141.35,1329.025,857.6125,76.9875,193.4864865,2697.702703,1019.567568,97.05405405,181.2941176,2911.647059,990.8235294,105.8823529,177.7297297,1385.297297,893.5945946,87.37837838,156,2799.177419,908.5967742,79,154,1553.883721,863.4418605,82,139,1363.991453,832.5042735,74,36.33333333,3468.666667,1212.333333,40
31,176.6666667,2776.083333,923.6666667,85.16666667,164.6086957,2186.826087,892.7391304,79.7826087,233,3523,1128,144,141.5,1325.75,857.875,77.125,193.6756757,2699.864865,1020.621622,97.2972973,181.9411765,2915.470588,992.2352941,106.8235294,177.5945946,1383.945946,893.8918919,87.56756757,156,2798.83871,908.5483871,79,154,1553.744186,863.372093,82,139,1364.025641,832.4871795,74,37,3471,1225,40
32,176.3333333,2778.166667,924.3333333,84.33333333,164.6956522,2188.086957,893.1304348,79.60869565,233.7777778,3534.777778,1131.333333,143,141.65,1322.475,858.1375,77.2625,193.8648649,2702.027027,1021.675676,97.54054054,182.5882353,2919.294118,993.6470588,107.7647059,177.4594595,1382.594595,894.1891892,87.75675676,156,2798.5,908.5,79,154,1553.604651,863.3023256,82,139,1364.059829,832.4700855,74,38,3473.5,1242,40.5
33,176,2780.25,925,83.5,164.7826087,2189.347826,893.5217391,79.43478261,234.5555556,3546.555556,1134.666667,142,141.8,1319.2,858.4,77.4,194.0540541,2704.189189,1022.72973,97.78378378,183.2352941,2923.117647,995.0588235,108.7058824,177.3243243,1381.243243,894.4864865,87.94594595,156,2798.16129,908.4516129,79,154,1553.465116,863.2325581,82,139,1364.094017,832.4529915,74,39,3476,1259,41
34,175.6666667,2782.333333,925.6666667,82.66666667,164.8695652,2190.608696,893.9130435,79.26086957,235.3333333,3558.333333,1138,141,141.95,1315.925,858.6625,77.5375,194.2432432,2706.351351,1023.783784,98.02702703,183.8823529,2926.941176,996.4705882,109.6470588,177.1891892,1379.891892,894.7837838,88.13513514,156,2797.822581,908.4032258,79,154,1553.325581,863.1627907,82,139,1364.128205,832.4358974,74,39.66666667,3478,1277.666667,41
35,175.3333333,2784.416667,926.3333333,81.83333333,164.9565217,2191.869565,894.3043478,79.08695652,236.1111111,3570.111111,1141.333333,140,142.1,1312.65,858.925,77.675,194.4324324,2708.513514,1024.837838,98.27027027,184.5294118,2930.764706,997.8823529,110.5882353,177.0540541,1378.540541,895.0810811,88.32432432,156,2797.483871,908.3548387,79,154,1553.186047,863.0930233,82,139,1364.162393,832.4188034,74,40.33333333,3480,1296.333333,41
36,175,2786.5,927,81,165.0434783,2193.130435,894.6956522,78.91304348,236.8888889,3581.888889,1144.666667,139,142.25,1309.375,859.1875,77.8125,194.6216216,2710.675676,1025.891892,98.51351351,185.1764706,2934.588235,999.2941176,111.5294118,176.9189189,1377.189189,895.3783784,88.51351351,156,2797.145161,908.3064516,79,154,1553.046512,863.0232558,82,139,1364.196581,832.4017094,74,41,3482,1315,41
37,174.6666667,2788.583333,927.6666667,80.16666667,165.1304348,2194.391304,895.0869565,78.73913043,237.6666667,3593.666667,1148,138,142.4,1306.1,859.45,77.95,194.8108108,2712.837838,1026.945946,98.75675676,185.8235294,2938.411765,1000.705882,112.4705882,176.7837838,1375.837838,895.6756757,88.7027027,156,2796.806452,908.2580645,79,154,1552.906977,862.9534884,82,139,1364.230769,832.3846154,74,41,3491.4,1306.4,41
38,174.3333333,2790.666667,928.3333333,79.33333333,165.2173913,2195.652174,895.4782609,78.56521739,238.4444444,3605.444444,1151.333333,137,142.55,1302.825,859.7125,78.0875,195,2715,1028,99,186.4705882,2942.235294,1002.117647,113.4117647,176.6486486,1374.486486,895.972973,88.89189189,156,2796.467742,908.2096774,79,154,1552.767442,862.8837209,82,139,1364.264957,832.3675214,74,41,3500.8,1297.8,41
39,174,2792.75,929,78.5,165.3043478,2196.913043,895.8695652,78.39130435,239.2222222,3617.222222,1154.666667,136,142.7,1299.55,859.975,78.225,195.1818182,2714.045455,1029.227273,99.27272727,187.1176471,2946.058824,1003.529412,114.3529412,176.5135135,1373.135135,896.2702703,89.08108108,156,2796.129032,908.1612903,79,154,1552.627907,862.8139535,82,139,1364.299145,832.3504274,74,41,3510.2,1289.2,41
40,173.6666667,2794.833333,929.6666667,77.66666667,165.3913043,2198.173913,896.2608696,78.2173913,240,3629,1158,135,142.85,1296.275,860.2375,78.3625,195.3636364,2713.090909,1030.454545,99.54545455,187.7647059,2949.882353,1004.941176,115.2941176,176.3783784,1371.783784,896.5675676,89.27027027,156,2795.790323,908.1129032,79,154,1552.488372,862.744186,82,139,1364.333333,832.3333333,74,41,3519.6,1280.6,41
41,173.3333333,2796.916667,930.3333333,76.83333333,165.4782609,2199.434783,896.6521739,78.04347826,240,3638.5,1162,134,143,1293,860.5,78.5,195.5454545,2712.136364,1031.681818,99.81818182,188.4117647,2953.705882,1006.352941,116.2352941,176.2432432,1370.432432,896.8648649,89.45945946,156,2795.451613,908.0645161,79,154,1552.348837,862.6744186,82,139,1364.367521,832.3162393,74,41,3529,1272,41
42,173,2799,931,76,165.5652174,2200.695652,897.0434783,77.86956522,240,3648,1166,133,143.15,1289.725,860.7625,78.6375,195.7272727,2711.181818,1032.909091,100.0909091,189.0588235,2957.529412,1007.764706,117.1764706,176.1081081,1369.081081,897.1621622,89.64864865,156,2795.112903,908.016129,79,154,1552.209302,862.6046512,82,139,1364.401709,832.2991453,74,41,3536.75,1267.25,41
43,173.2352941,2799,931.6470588,76.58823529,165.6521739,2201.956522,897.4347826,77.69565217,240,3657.5,1170,132,143.3,1286.45,861.025,78.775,195.9090909,2710.227273,1034.136364,100.3636364,189.7058824,2961.352941,1009.176471,118.1176471,175.972973,1367.72973,897.4594595,89.83783784,156,2794.774194,907.9677419,79,154,1552.069767,862.5348837,82,139,1364.435897,832.2820513,74,41,3544.5,1262.5,41
44,173.4705882,2799,932.2941176,77.17647059,165.7391304,2203.217391,897.826087,77.52173913,240,3667,1174,131,143.45,1283.175,861.2875,78.9125,196.0909091,2709.272727,1035.363636,100.6363636,190.3529412,2965.176471,1010.588235,119.0588235,175.8378378,1366.378378,897.7567568,90.02702703,156,2794.435484,907.9193548,79,154,1551.930233,862.4651163,82,139,1364.470085,832.2649573,74,41,3552.25,1257.75,41
45,173.7058824,2799,932.9411765,77.76470588,165.826087,2204.478261,898.2173913,77.34782609,240,3676,1176.333333,129.3333333,143.6,1279.9,861.55,79.05,196.2727273,2708.318182,1036.590909,100.9090909,191,2969,1012,120,175.7027027,1365.027027,898.0540541,90.21621622,156,2794.096774,907.8709677,79,154,1551.790698,862.3953488,82,139,1364.504274,832.2478632,74,41,3560,1253,41
46,173.9411765,2799,933.5882353,78.35294118,165.9130435,2205.73913,898.6086957,77.17391304,240,3685,1178.666667,127.6666667,143.75,1276.625,861.8125,79.1875,196.4545455,2707.363636,1037.818182,101.1818182,191.6470588,2972.823529,1013.411765,120.9411765,175.5675676,1363.675676,898.3513514,90.40540541,156,2793.758065,907.8225806,79,154,1551.651163,862.3255814,82,139,1364.538462,832.2307692,74,41,3567.75,1252.75,41
47,174.1764706,2799,934.2352941,78.94117647,166,2207,899,77,240,3694,1181,126,143.9,1273.35,862.075,79.325,196.6363636,2706.409091,1039.045455,101.4545455,192.2941176,2976.647059,1014.823529,121.8823529,175.4324324,1362.324324,898.6486486,90.59459459,156,2793.419355,907.7741935,79,154,1551.511628,862.255814,82,139,1364.57265,832.2136752,74,41,3575.5,1252.5,41
48,174.4117647,2799,934.8823529,79.52941176,166.1333333,2206.6,899.4666667,76.86666667,240.2,3699.6,1184,124.4,144.05,1270.075,862.3375,79.4625,196.8181818,2705.454545,1040.272727,101.7272727,192.9411765,2980.470588,1016.235294,122.8235294,175.2972973,1360.972973,898.9459459,90.78378378,156,2793.080645,907.7258065,79,154,1551.372093,862.1860465,82,139,1364.606838,832.1965812,74,41,3583.25,1252.25,41
49,174.6470588,2799,935.5294118,80.11764706,166.2666667,2206.2,899.9333333,76.73333333,240.4,3705.2,1187,122.8,144.2,1266.8,862.6,79.6,197,2704.5,1041.5,102,193.5882353,2984.294118,1017.647059,123.7647059,175.1621622,1359.621622,899.2432432,90.97297297,156,2792.741935,907.6774194,79,154,1551.232558,862.1162791,82,139,1364.641026,832.1794872,74,41,3591,1252,41
50,174.8823529,2799,936.1764706,80.70588235,166.4,2205.8,900.4,76.6,240.6,3710.8,1190,121.2,144.35,1263.525,862.8625,79.7375,197.1818182,2703.545455,1042.727273,102.2727273,194.2352941,2988.117647,1019.058824,124.7058824,175.027027,1358.27027,899.5405405,91.16216216,156,2792.403226,907.6290323,79,154,1551.093023,862.0465116,82,139,1364.675214,832.1623932,74,41,3597.5,1256.75,41
51,175.1176471,2799,936.8235294,81.29411765,166.5333333,2205.4,900.8666667,76.46666667,240.8,3716.4,1193,119.6,144.5,1260.25,863.125,79.875,197.3636364,2702.590909,1043.954545,102.5454545,194.8823529,2991.941176,1020.470588,125.6470588,174.8918919,1356.918919,899.8378378,91.35135135,156,2792.064516,907.5806452,79,154,1550.953488,861.9767442,82,139,1364.709402,832.1452991,74,41,3604,1261.5,41
52,175.3529412,2799,937.4705882,81.88235294,166.6666667,2205,901.3333333,76.33333333,241,3722,1196,118,144.65,1256.975,863.3875,80.0125,197.5454545,2701.636364,1045.181818,102.8181818,195.5294118,2995.764706,1021.882353,126.5882353,174.7567568,1355.567568,900.1351351,91.54054054,156,2791.725806,907.5322581,79,154,1550.813953,861.9069767,82,139,1364.74359,832.1282051,74,41,3610.5,1266.25,41
53,175.5882353,2799,938.1176471,82.47058824,166.8,2204.6,901.8,76.2,240.8333333,3728.5,1199.833333,111.5,144.8,1253.7,863.65,80.15,197.7272727,2700.681818,1046.409091,103.0909091,196.1764706,2999.588235,1023.294118,127.5294118,174.6216216,1354.216216,900.4324324,91.72972973,156,2791.387097,907.483871,79,154,1550.674419,861.8372093,82,139,1364.777778,832.1111111,74,41,3617,1271,41
54,175.8235294,2799,938.7647059,83.05882353,166.9333333,2204.2,902.2666667,76.06666667,240.6666667,3735,1203.666667,105,144.95,1250.425,863.9125,80.2875,197.9090909,2699.727273,1047.636364,103.3636364,196.8235294,3003.411765,1024.705882,128.4705882,174.4864865,1352.864865,900.7297297,91.91891892,156,2791.048387,907.4354839,79,154,1550.534884,861.7674419,82,139,1364.811966,832.0940171,74,41,3623.5,1280,41
55,176.0588235,2799,939.4117647,83.64705882,167.0666667,2203.8,902.7333333,75.93333333,240.5,3741.5,1207.5,98.5,145.1,1247.15,864.175,80.425,198.0909091,2698.772727,1048.863636,103.6363636,197.4705882,3007.235294,1026.117647,129.4117647,174.3513514,1351.513514,901.027027,92.10810811,156,2790.709677,907.3870968,79,154,1550.395349,861.6976744,82,139,1364.846154,832.0769231,74,41,3630,1289,41
56,176.2941176,2799,940.0588235,84.23529412,167.2,2203.4,903.2,75.8,240.3333333,3748,1211.333333,92,145.25,1243.875,864.4375,80.5625,198.2727273,2697.818182,1050.090909,103.9090909,198.1176471,3011.058824,1027.529412,130.3529412,174.2162162,1350.162162,901.3243243,92.2972973,156,2790.370968,907.3387097,79,154,1550.255814,861.627907,82,139,1364.880342,832.0598291,74,41,3636.5,1298,41
57,176.5294118,2799,940.7058824,84.82352941,167.3333333,2203,903.6666667,75.66666667,240.1666667,3754.5,1215.166667,85.5,145.4,1240.6,864.7,80.7,198.4545455,2696.863636,1051.318182,104.1818182,198.7647059,3014.882353,1028.941176,131.2941176,174.0810811,1348.810811,901.6216216,92.48648649,156,2790.032258,907.2903226,79,154,1550.116279,861.5581395,82,139,1364.91453,832.042735,74,41,3643,1307,41
58,176.7647059,2799,941.3529412,85.41176471,167.4666667,2202.6,904.1333333,75.53333333,240,3761,1219,79,145.55,1237.325,864.9625,80.8375,198.6363636,2695.909091,1052.545455,104.4545455,199.4117647,3018.705882,1030.352941,132.2352941,173.9459459,1347.459459,901.9189189,92.67567568,156,2789.693548,907.2419355,79,154,1549.976744,861.4883721,82,139,1364.948718,832.025641,74,41,3647.666667,1321.333333,41
59,177,2799,942,86,167.6,2202.2,904.6,75.4,241.3333333,3762.833333,1220.5,77.16666667,145.7,1234.05,865.225,80.975,198.8181818,2694.954545,1053.772727,104.7272727,200.0588235,3022.529412,1031.764706,133.1764706,173.8108108,1346.108108,902.2162162,92.86486486,156,2789.354839,907.1935484,79,154,1549.837209,861.4186047,82,139,1364.982906,832.008547,74,41,3652.333333,1335.666667,41
60,177,2796.695652,942.3913043,86.08695652,167.7333333,2201.8,905.0666667,75.26666667,242.6666667,3764.666667,1222,75.33333333,145.85,1230.775,865.4875,81.1125,199,2694,1055,105,200.7058824,3026.352941,1033.176471,134.1176471,173.6756757,1344.756757,902.5135135,93.05405405,156,2789.016129,907.1451613,79,154,1549.697674,861.3488372,82,139,1365.017094,831.991453,74,41,3657,1350,41
61,177,2794.391304,942.7826087,86.17391304,167.8666667,2201.4,905.5333333,75.13333333,244,3766.5,1223.5,73.5,146,1227.5,865.75,81.25,199.2105263,2690.210526,1055.315789,105.2631579,201.3529412,3030.176471,1034.588235,135.0588235,173.5405405,1343.405405,902.8108108,93.24324324,156,2788.677419,907.0967742,79,154,1549.55814,861.2790698,82,139,1365.051282,831.974359,74,41,3661.666667,1366.333333,41
62,177,2792.086957,943.173913,86.26086957,168,2201,906,75,245.3333333,3768.333333,1225,71.66666667,146.15,1224.225,866.0125,81.3875,199.4210526,2686.421053,1055.631579,105.5263158,202,3034,1036,136,173.4054054,1342.054054,903.1081081,93.43243243,156,2788.33871,907.0483871,79,154,1549.418605,861.2093023,82,139,1365.08547,831.957265,74,41,3666.333333,1382.666667,41
63,177,2789.782609,943.5652174,86.34782609,168.0384615,2199.846154,906.3461538,75.23076923,246.6666667,3770.166667,1226.5,69.83333333,146.3,1220.95,866.275,81.525,199.6315789,2682.631579,1055.947368,105.7894737,202.0833333,3039.888889,1037.194444,135.3611111,173.2702703,1340.702703,903.4054054,93.62162162,156,2788,907,79,154,1549.27907,861.1395349,82,139,1365.119658,831.9401709,74,41,3671,1399,41
64,177,2787.478261,943.9565217,86.43478261,168.0769231,2198.692308,906.6923077,75.46153846,248,3772,1228,68,146.45,1217.675,866.5375,81.6625,199.8421053,2678.842105,1056.263158,106.0526316,202.1666667,3045.777778,1038.388889,134.7222222,173.1351351,1339.351351,903.7027027,93.81081081,156,2786.604651,906.744186,79.09302326,154,1549.139535,861.0697674,82,139,1365.153846,831.9230769,74,41,3679.5,1391.5,41
65,177,2785.173913,944.3478261,86.52173913,168.1153846,2197.538462,907.0384615,75.69230769,246.8571429,3767.428571,1233,72.57142857,146.6,1214.4,866.8,81.8,200.0526316,2675.052632,1056.578947,106.3157895,202.25,3051.666667,1039.583333,134.0833333,173,1338,904,94,156,2785.209302,906.4883721,79.18604651,154,1549,861,82,139,1365.188034,831.9059829,74,41,3688,1384,41
66,177,2782.869565,944.7391304,86.60869565,168.1538462,2196.384615,907.3846154,75.92307692,245.7142857,3762.857143,1238,77.14285714,146.75,1211.125,867.0625,81.9375,200.2631579,2671.263158,1056.894737,106.5789474,202.3333333,3057.555556,1040.777778,133.4444444,173,1336.166667,904.3666667,94,156,2783.813953,906.2325581,79.27906977,154,1549.333333,861.0666667,81.6,139,1365.222222,831.8888889,74,41,3696.5,1376.5,41
67,177,2780.565217,945.1304348,86.69565217,168.1923077,2195.230769,907.7307692,76.15384615,244.5714286,3758.285714,1243,81.71428571,146.9,1207.85,867.325,82.075,200.4736842,2667.473684,1057.210526,106.8421053,202.4166667,3063.444444,1041.972222,132.8055556,173,1334.333333,904.7333333,94,156,2782.418605,905.9767442,79.37209302,154,1549.666667,861.1333333,81.2,139,1365.25641,831.8717949,74,41,3705,1369,41
68,177,2778.26087,945.5217391,86.7826087,168.2307692,2194.076923,908.0769231,76.38461538,243.4285714,3753.714286,1248,86.28571429,147.05,1204.575,867.5875,82.2125,200.6842105,2663.684211,1057.526316,107.1052632,202.5,3069.333333,1043.166667,132.1666667,173,1332.5,905.1,94,156,2781.023256,905.7209302,79.46511628,154,1550,861.2,80.8,139,1365.290598,831.8547009,74,41,3713.333333,1364.333333,41
69,177,2775.956522,945.9130435,86.86956522,168.2692308,2192.923077,908.4230769,76.61538462,242.2857143,3749.142857,1253,90.85714286,147.2,1201.3,867.85,82.35,200.8947368,2659.894737,1057.842105,107.3684211,202.5833333,3075.222222,1044.361111,131.5277778,173,1330.666667,905.4666667,94,156,2779.627907,905.4651163,79.55813953,154,1550.333333,861.2666667,80.4,139,1365.324786,831.8376068,74,41,3721.666667,1359.666667,41
70,177,2773.652174,946.3043478,86.95652174,168.3076923,2191.769231,908.7692308,76.84615385,241.1428571,3744.571429,1258,95.42857143,147.35,1198.025,868.1125,82.4875,201.1052632,2656.105263,1058.157895,107.6315789,202.6666667,3081.111111,1045.555556,130.8888889,173,1328.833333,905.8333333,94,156,2778.232558,905.2093023,79.65116279,154,1550.666667,861.3333333,80,139,1365.358974,831.8205128,74,41,3730,1355,41
71,177,2771.347826,946.6956522,87.04347826,168.3461538,2190.615385,909.1153846,77.07692308,240,3740,1263,100,147.5,1194.75,868.375,82.625,201.3157895,2652.315789,1058.473684,107.8947368,202.75,3087,1046.75,130.25,173,1327,906.2,94,156,2776.837209,904.9534884,79.74418605,154,1551,861.4,79.6,139,1365.393162,831.8034188,74,41,3725,1362.5,41
72,177,2769.043478,947.0869565,87.13043478,168.3846154,2189.461538,909.4615385,77.30769231,240.6666667,3753.333333,1263.666667,86.66666667,147.65,1191.475,868.6375,82.7625,201.5263158,2648.526316,1058.789474,108.1578947,202.8333333,3092.888889,1047.944444,129.6111111,173,1325.166667,906.5666667,94,156,2775.44186,904.6976744,79.8372093,154,1551.333333,861.4666667,79.2,139,1365.42735,831.7863248,74,41,3720,1370,41
73,177,2766.73913,947.4782609,87.2173913,168.4230769,2188.307692,909.8076923,77.53846154,241.3333333,3766.666667,1264.333333,73.33333333,147.8,1188.2,868.9,82.9,201.7368421,2644.736842,1059.105263,108.4210526,202.9166667,3098.777778,1049.138889,128.9722222,173,1323.333333,906.9333333,94,156,2774.046512,904.4418605,79.93023256,154,1551.666667,861.5333333,78.8,139,1365.461538,831.7692308,74,41,3712,1388.5,41
74,177,2764.434783,947.8695652,87.30434783,168.4615385,2187.153846,910.1538462,77.76923077,242,3780,1265,60,147.95,1184.925,869.1625,83.0375,201.9473684,2640.947368,1059.421053,108.6842105,203,3104.666667,1050.333333,128.3333333,173,1321.5,907.3,94,156,2772.651163,904.1860465,80.02325581,154,1552,861.6,78.4,139,1365.495726,831.7521368,74,41,3704,1407,41
75,177,2762.130435,948.2608696,87.39130435,168.5,2186,910.5,78,242.3333333,3779,1265.833333,61,148.1,1181.65,869.425,83.175,202.1578947,2637.157895,1059.736842,108.9473684,203.0833333,3110.555556,1051.527778,127.6944444,173,1319.666667,907.6666667,94,156,2771.255814,903.9302326,80.11627907,154,1552.333333,861.6666667,78,139,1365.529915,831.7350427,74,41,3698,1423,41
76,177,2759.826087,948.6521739,87.47826087,168.5384615,2184.846154,910.8461538,78.23076923,242.6666667,3778,1266.666667,62,148.25,1178.375,869.6875,83.3125,202.3684211,2633.368421,1060.052632,109.2105263,203.1666667,3116.444444,1052.722222,127.0555556,173,1317.833333,908.0333333,94,156,2769.860465,903.6744186,80.20930233,154,1552.666667,861.7333333,77.6,139,1365.564103,831.7179487,74,41,3701,1407.5,41
77,177,2757.521739,949.0434783,87.56521739,168.5769231,2183.692308,911.1923077,78.46153846,243,3777,1267.5,63,148.4,1175.1,869.95,83.45,202.5789474,2629.578947,1060.368421,109.4736842,203.25,3122.333333,1053.916667,126.4166667,173,1316,908.4,94,156,2768.465116,903.4186047,80.30232558,154,1553,861.8,77.2,139,1365.598291,831.7008547,74,41,3704,1392,41
78,177,2755.217391,949.4347826,87.65217391,168.6153846,2182.538462,911.5384615,78.69230769,243.3333333,3776,1268.333333,64,148.55,1171.825,870.2125,83.5875,202.7894737,2625.789474,1060.684211,109.7368421,203.3333333,3128.222222,1055.111111,125.7777778,173,1314.166667,908.7666667,94,156,2767.069767,903.1627907,80.39534884,154,1553.333333,861.8666667,76.8,139,1365.632479,831.6837607,74,41,3708,1382.6,41
79,177,2752.913043,949.826087,87.73913043,168.6538462,2181.384615,911.8846154,78.92307692,243.6666667,3775,1269.166667,65,148.7,1168.55,870.475,83.725,203,2622,1061,110,203.4166667,3134.111111,1056.305556,125.1388889,173,1312.333333,909.1333333,94,156,2765.674419,902.9069767,80.48837209,154,1553.666667,861.9333333,76.4,139,1365.666667,831.6666667,74,41,3712,1373.2,41
80,177,2750.608696,950.2173913,87.82608696,168.6923077,2180.230769,912.2307692,79.15384615,244,3774,1270,66,148.85,1165.275,870.7375,83.8625,203.1578947,2615.894737,1061,110.2631579,203.5,3140,1057.5,124.5,173,1310.5,909.5,94,156,2764.27907,902.6511628,80.58139535,154,1554,862,76,139,1365.700855,831.6495726,74,41,3716,1363.8,41
81,177,2748.304348,950.6086957,87.91304348,168.7307692,2179.076923,912.5769231,79.38461538,245.4545455,3770,1269.818182,70,149,1162,871,84,203.3157895,2609.789474,1061,110.5263158,203.5833333,3145.888889,1058.694444,123.8611111,173,1308.666667,909.8666667,94,156,2762.883721,902.3953488,80.6744186,154.0769231,1553.615385,861.7692308,75.53846154,139,1365.735043,831.6324786,74,41,3720,1354.4,41
82,177,2746,951,88,168.7692308,2177.923077,912.9230769,79.61538462,246.9090909,3766,1269.636364,74,149.0952381,1159.333333,870.8809524,83.92857143,203.4736842,2603.684211,1061,110.7894737,203.6666667,3151.777778,1059.888889,123.2222222,173,1306.833333,910.2333333,94,156,2761.488372,902.1395349,80.76744186,154.1538462,1553.230769,861.5384615,75.07692308,139,1365.769231,831.6153846,74,41,3724,1345,41
83,177,2741.4375,951.4375,89.875,168.8076923,2176.769231,913.2692308,79.84615385,248.3636364,3762,1269.454545,78,149.1904762,1156.666667,870.7619048,83.85714286,203.6315789,2597.578947,1061,111.0526316,203.75,3157.666667,1061.083333,122.5833333,173,1305,910.6,94,156,2760.093023,901.8837209,80.86046512,154.2307692,1552.846154,861.3076923,74.61538462,139,1365.803419,831.5982906,74,41,3727,1339.75,41
84,177,2736.875,951.875,91.75,168.8461538,2175.615385,913.6153846,80.07692308,249.8181818,3758,1269.272727,82,149.2857143,1154,870.6428571,83.78571429,203.7894737,2591.473684,1061,111.3157895,203.8333333,3163.555556,1062.277778,121.9444444,173,1303.166667,910.9666667,94,156,2758.697674,901.627907,80.95348837,154.3076923,1552.461538,861.0769231,74.15384615,139,1365.837607,831.5811966,74,41,3730,1334.5,41
85,177,2732.3125,952.3125,93.625,168.8846154,2174.461538,913.9615385,80.30769231,251.2727273,3754,1269.090909,86,149.3809524,1151.333333,870.5238095,83.71428571,203.9473684,2585.368421,1061,111.5789474,203.9166667,3169.444444,1063.472222,121.3055556,173,1301.333333,911.3333333,94,156,2757.302326,901.372093,81.04651163,154.3846154,1552.076923,860.8461538,73.69230769,139,1365.871795,831.5641026,74,41,3733,1329.25,41
86,177,2727.75,952.75,95.5,168.9230769,2173.307692,914.3076923,80.53846154,252.7272727,3750,1268.909091,90,149.4761905,1148.666667,870.4047619,83.64285714,204.1052632,2579.263158,1061,111.8421053,204,3175.333333,1064.666667,120.6666667,173,1299.5,911.7,94,156,2755.906977,901.1162791,81.13953488,154.4615385,1551.692308,860.6153846,73.23076923,139,1365.905983,831.5470085,74,41,3736,1324,41
87,177,2723.1875,953.1875,97.375,168.9615385,2172.153846,914.6538462,80.76923077,254.1818182,3746,1268.727273,94,149.5714286,1146,870.2857143,83.57142857,204.2631579,2573.157895,1061,112.1052632,204.0833333,3181.222222,1065.861111,120.0277778,173,1297.666667,912.0666667,94,156,2754.511628,900.8604651,81.23255814,154.5384615,1551.307692,860.3846154,72.76923077,139,1365.940171,831.5299145,74,41,3732.666667,1323.666667,41
88,177,2718.625,953.625,99.25,169,2171,915,81,255.6363636,3742,1268.545455,98,149.6666667,1143.333333,870.1666667,83.5,204.4210526,2567.052632,1061,112.3684211,204.1666667,3187.111111,1067.055556,119.3888889,173,1295.833333,912.4333333,94,156,2753.116279,900.6046512,81.3255814,154.6153846,1550.923077,860.1538462,72.30769231,139,1365.974359,831.5128205,74,41,3729.333333,1323.333333,41
89,177,2714.0625,954.0625,101.125,169.0196078,2168.411765,915.2352941,81.21568627,257.0909091,3738,1268.363636,102,149.7619048,1140.666667,870.047619,83.42857143,204.5789474,2560.947368,1061,112.6315789,204.25,3193,1068.25,118.75,173,1294,912.8,94,156,2751.72093,900.3488372,81.41860465,154.6923077,1550.538462,859.9230769,71.84615385,139,1366.008547,831.4957265,74,41,3726,1323,41
90,177,2709.5,954.5,103,169.0392157,2165.823529,915.4705882,81.43137255,258.5454545,3734,1268.181818,106,149.8571429,1138,869.9285714,83.35714286,204.7368421,2554.842105,1061,112.8947368,204.3333333,3198.888889,1069.444444,118.1111111,173,1292.166667,913.1666667,94,156,2750.325581,900.0930233,81.51162791,154.7692308,1550.153846,859.6923077,71.38461538,139,1366.042735,831.4786325,74,41,3722,1325,41
91,177,2704.9375,954.9375,104.875,169.0588235,2163.235294,915.7058824,81.64705882,260,3730,1268,110,149.952381,1135.333333,869.8095238,83.28571429,204.8947368,2548.736842,1061,113.1578947,204.4166667,3204.777778,1070.638889,117.4722222,173,1290.333333,913.5333333,94,156,2748.930233,899.8372093,81.60465116,154.8461538,1549.769231,859.4615385,70.92307692,139,1366.076923,831.4615385,74,41,3718,1327,41
92,177,2700.375,955.375,106.75,169.0784314,2160.647059,915.9411765,81.8627451,261.5,3724.666667,1266.833333,114.8333333,150.047619,1132.666667,869.6904762,83.21428571,205.0526316,2542.631579,1061,113.4210526,204.5,3210.666667,1071.833333,116.8333333,173,1288.5,913.9,94,156,2747.534884,899.5813953,81.69767442,154.9230769,1549.384615,859.2307692,70.46153846,139,1366.111111,831.4444444,74,41,3714,1329,41
93,177,2695.8125,955.8125,108.625,169.0980392,2158.058824,916.1764706,82.07843137,263,3719.333333,1265.666667,119.6666667,150.1428571,1130,869.5714286,83.14285714,205.2105263,2536.526316,1061,113.6842105,204.5833333,3216.555556,1073.027778,116.1944444,173,1286.666667,914.2666667,94,156,2746.139535,899.3255814,81.79069767,155,1549,859,70,139,1366.145299,831.4273504,74,41,3711.5,1333.75,41
94,177,2691.25,956.25,110.5,169.1176471,2155.470588,916.4117647,82.29411765,264.5,3714,1264.5,124.5,150.2380952,1127.333333,869.452381,83.07142857,205.3684211,2530.421053,1061,113.9473684,204.6666667,3222.444444,1074.222222,115.5555556,173,1284.833333,914.6333333,94,156,2744.744186,899.0697674,81.88372093,154.8823529,1548.176471,858.5882353,70,139,1366.179487,831.4102564,74,41,3709,1338.5,41
95,177,2686.6875,956.6875,112.375,169.1372549,2152.882353,916.6470588,82.50980392,266,3708.666667,1263.333333,129.3333333,150.3333333,1124.666667,869.3333333,83,205.5263158,2524.315789,1061,114.2105263,204.75,3228.333333,1075.416667,114.9166667,173,1283,915,94,156,2743.348837,898.8139535,81.97674419,154.7647059,1547.352941,858.1764706,70,139,1366.213675,831.3931624,74,41,3706.5,1343.25,41
96,177,2682.125,957.125,114.25,169.1568627,2150.294118,916.8823529,82.7254902,267.5,3703.333333,1262.166667,134.1666667,150.4285714,1122,869.2142857,82.92857143,205.6842105,2518.210526,1061,114.4736842,204.8333333,3234.222222,1076.611111,114.2777778,173,1281.72,915.06,94,156,2741.953488,898.5581395,82.06976744,154.6470588,1546.529412,857.7647059,70,139,1366.247863,831.3760684,74,41,3704,1348,41
97,177,2677.5625,957.5625,116.125,169.1764706,2147.705882,917.1176471,82.94117647,269,3698,1261,139,150.5238095,1119.333333,869.0952381,82.85714286,205.8421053,2512.105263,1061,114.7368421,204.9166667,3240.111111,1077.805556,113.6388889,173,1280.44,915.12,94,156,2740.55814,898.3023256,82.1627907,154.5294118,1545.705882,857.3529412,70,139,1366.282051,831.3589744,74,41,3699.75,1350.5,41
98,177,2673,958,118,169.1960784,2145.117647,917.3529412,83.15686275,269.6666667,3683.333333,1260.666667,151.6666667,150.6190476,1116.666667,868.9761905,82.78571429,206,2506,1061,115,205,3246,1079,113,173,1279.16,915.18,94,156,2739.162791,898.0465116,82.25581395,154.4117647,1544.882353,856.9411765,70,139,1366.316239,831.3418803,74,41,3695.5,1353,41
99,177,2669.357143,957.9285714,116.0714286,169.2156863,2142.529412,917.5882353,83.37254902,270.3333333,3668.666667,1260.333333,164.3333333,150.7142857,1114,868.8571429,82.71428571,205.9642857,2499.214286,1060.571429,115.6071429,205.0769231,3251.384615,1080.538462,112.3846154,173,1277.88,915.24,94,156,2737.767442,897.7906977,82.34883721,154.2941176,1544.058824,856.5294118,70,139,1366.350427,831.3247863,74,41,3691.25,1355.5,41
100,177,2665.714286,957.8571429,114.1428571,169.2352941,2139.941176,917.8235294,83.58823529,271,3654,1260,177,150.8095238,1111.333333,868.7380952,82.64285714,205.9285714,2492.428571,1060.142857,116.2142857,205.1538462,3256.769231,1082.076923,111.7692308,173,1276.6,915.3,94,156,2736.372093,897.5348837,82.44186047,154.1764706,1543.235294,856.1176471,70,139,1366.384615,831.3076923,74,41,3687,1358,41
101,177,2662.071429,957.7857143,112.2142857,169.254902,2137.352941,918.0588235,83.80392157,271.6666667,3653.333333,1259.333333,175.6666667,150.9047619,1108.666667,868.6190476,82.57142857,205.8928571,2485.642857,1059.714286,116.8214286,205.2307692,3262.153846,1083.615385,111.1538462,173,1275.32,915.36,94,156,2734.976744,897.2790698,82.53488372,154.0588235,1542.411765,855.7058824,70,139,1366.418803,831.2905983,74,41,3680.75,1358.25,41
102,177,2658.428571,957.7142857,110.2857143,169.2745098,2134.764706,918.2941176,84.01960784,272.3333333,3652.666667,1258.666667,174.3333333,151,1106,868.5,82.5,205.8571429,2478.857143,1059.285714,117.4285714,205.3076923,3267.538462,1085.153846,110.5384615,173,1274.04,915.42,94,156,2733.581395,897.0232558,82.62790698,153.9411765,1541.588235,855.2941176,70,139,1366.452991,831.2735043,74,41,3674.5,1358.5,41
103,177,2654.785714,957.6428571,108.3571429,169.2941176,2132.176471,918.5294118,84.23529412,273,3652,1258,173,151.0952381,1103.333333,868.3809524,82.42857143,205.8214286,2472.071429,1058.857143,118.0357143,205.3846154,3272.923077,1086.692308,109.9230769,173,1272.76,915.48,94,156,2732.186047,896.7674419,82.72093023,153.8235294,1540.764706,854.8823529,70,139,1366.487179,831.2564103,74,41,3668.25,1358.75,41
104,177,2651.142857,957.5714286,106.4285714,169.3137255,2129.588235,918.7647059,84.45098039,270.8333333,3649,1257,163.5,151.1904762,1100.666667,868.2619048,82.35714286,205.7857143,2465.285714,1058.428571,118.6428571,205.4615385,3278.307692,1088.230769,109.3076923,173,1271.48,915.54,94,156,2730.790698,896.5116279,82.81395349,153.7058824,1539.941176,854.4705882,70,139,1366.521368,831.2393162,74,41,3662,1359,41
105,177,2647.5,957.5,104.5,169.3333333,2127,919,84.66666667,268.6666667,3646,1256,154,151.2857143,1098,868.1428571,82.28571429,205.75,2458.5,1058,119.25,205.5384615,3283.692308,1089.769231,108.6923077,173,1270.2,915.6,94,156,2729.395349,896.255814,82.90697674,153.5882353,1539.117647,854.0588235,70,139,1366.555556,831.2222222,74,41,3660.666667,1356.333333,41
106,177,2643.857143,957.4285714,102.5714286,169.3529412,2124.411765,919.2352941,84.88235294,266.5,3643,1255,144.5,151.3809524,1095.333333,868.0238095,82.21428571,205.7142857,2451.714286,1057.571429,119.8571429,205.6153846,3289.076923,1091.307692,108.0769231,173,1268.92,915.66,94,156,2728,896,83,153.4705882,1538.294118,853.6470588,70,139,1366.589744,831.2051282,74,41,3659.333333,1353.666667,41
107,177,2640.214286,957.3571429,100.6428571,169.372549,2121.823529,919.4705882,85.09803922,264.3333333,3640,1254,135,151.4761905,1092.666667,867.9047619,82.14285714,205.6785714,2444.928571,1057.142857,120.4642857,205.6923077,3294.461538,1092.846154,107.4615385,173,1267.64,915.72,94,156,2724.916667,896.0833333,83.08333333,153.3529412,1537.470588,853.2352941,70,139,1366.623932,831.1880342,74,41,3658,1351,41
108,177,2636.571429,957.2857143,98.71428571,169.3921569,2119.235294,919.7058824,85.31372549,262.1666667,3637,1253,125.5,151.5714286,1090,867.7857143,82.07142857,205.6428571,2438.142857,1056.714286,121.0714286,205.7692308,3299.846154,1094.384615,106.8461538,173,1266.36,915.78,94,156,2721.833333,896.1666667,83.16666667,153.2352941,1536.647059,852.8235294,70,139,1366.65812,831.1709402,74,41,3654.75,1346.25,41
109,177,2632.928571,957.2142857,96.78571429,169.4117647,2116.647059,919.9411765,85.52941176,260,3634,1252,116,151.6666667,1087.333333,867.6666667,82,205.6071429,2431.357143,1056.285714,121.6785714,205.8461538,3305.230769,1095.923077,106.2307692,173,1265.08,915.84,94,156,2718.75,896.25,83.25,153.1176471,1535.823529,852.4117647,70,139,1366.692308,831.1538462,74,41,3651.5,1341.5,41
110,177,2629.285714,957.1428571,94.85714286,169.4313725,2114.058824,920.1764706,85.74509804,260.6,3618,1251.6,129,151.7619048,1084.666667,867.547619,81.92857143,205.5714286,2424.571429,1055.857143,122.2857143,205.9230769,3310.615385,1097.461538,105.6153846,173,1263.8,915.9,94,156,2715.666667,896.3333333,83.33333333,153,1535,852,70,139,1366.726496,831.1367521,74,41,3648.25,1336.75,41
111,177,2625.642857,957.0714286,92.92857143,169.4509804,2111.470588,920.4117647,85.96078431,261.2,3602,1251.2,142,151.8571429,1082,867.4285714,81.85714286,205.5357143,2417.785714,1055.428571,122.8928571,206,3316,1099,105,173,1262.52,915.96,94,156,2712.583333,896.4166667,83.41666667,152.8676471,1533.985294,851.8970588,69.95588235,139,1366.760684,831.1196581,74,41,3645,1332,41
112,177,2622,957,91,169.4705882,2108.882353,920.6470588,86.17647059,261.8,3586,1250.8,155,151.952381,1079.333333,867.3095238,81.78571429,205.5,2411,1055,123.5,206.3333333,3318.75,1101.25,107.1666667,173,1261.24,916.02,94,156,2709.5,896.5,83.5,152.7352941,1532.970588,851.7941176,69.91176471,139,1366.794872,831.1025641,74,41,3640.764706,1330.294118,41
113,177,2616.642857,957.1428571,91.07142857,169.4901961,2106.294118,920.8823529,86.39215686,262.4,3570,1250.4,168,152.047619,1076.666667,867.1904762,81.71428571,205.4642857,2404.214286,1054.571429,124.1071429,206.6666667,3321.5,1103.5,109.3333333,173,1259.96,916.08,94,156,2706.416667,896.5833333,83.58333333,152.6029412,1531.955882,851.6911765,69.86764706,139,1366.82906,831.0854701,74,41,3636.529412,1328.588235,41
114,177,2611.285714,957.2857143,91.14285714,169.5098039,2103.705882,921.1176471,86.60784314,263,3554,1250,181,152.1428571,1074,867.0714286,81.64285714,205.4285714,2397.428571,1054.142857,124.7142857,207,3324.25,1105.75,111.5,173,1258.68,916.14,94,156,2703.333333,896.6666667,83.66666667,152.4705882,1530.941176,851.5882353,69.82352941,139,1366.863248,831.0683761,74,41,3632.294118,1326.882353,41
115,177,2605.928571,957.4285714,91.21428571,169.5294118,2101.117647,921.3529412,86.82352941,263.3333333,3550.666667,1249.666667,181.3333333,152.2380952,1071.333333,866.952381,81.57142857,205.3928571,2390.642857,1053.714286,125.3214286,207.3333333,3327,1108,113.6666667,173,1257.4,916.2,94,156,2700.25,896.75,83.75,152.3382353,1529.926471,851.4852941,69.77941176,139,1366.897436,831.0512821,74,41,3628.058824,1325.176471,41
116,177,2600.571429,957.5714286,91.28571429,169.5490196,2098.529412,921.5882353,87.03921569,263.6666667,3547.333333,1249.333333,181.6666667,152.3333333,1068.666667,866.8333333,81.5,205.3571429,2383.857143,1053.285714,125.9285714,207.6666667,3329.75,1110.25,115.8333333,173,1256.12,916.26,94,156,2697.166667,896.8333333,83.83333333,152.2058824,1528.911765,851.3823529,69.73529412,139,1366.931624,831.034188,74,41,3623.823529,1323.470588,41
117,177,2595.214286,957.7142857,91.35714286,169.5686275,2095.941176,921.8235294,87.25490196,264,3544,1249,182,152.4285714,1066,866.7142857,81.42857143,205.3214286,2377.071429,1052.857143,126.5357143,208,3332.5,1112.5,118,173,1254.84,916.32,94,156,2694.083333,896.9166667,83.91666667,152.0735294,1527.897059,851.2794118,69.69117647,139,1366.965812,831.017094,74,41,3619.588235,1321.764706,41
118,177,2589.857143,957.8571429,91.42857143,169.5882353,2093.352941,922.0588235,87.47058824,263.7241379,3537.068966,1247.758621,181.4482759,152.5238095,1063.333333,866.5952381,81.35714286,205.2857143,2370.285714,1052.428571,127.1428571,208.3333333,3335.25,1114.75,120.1666667,173,1253.56,916.38,94,156,2691,897,84,151.9411765,1526.882353,851.1764706,69.64705882,139,1367,831,74,41,3615.352941,1320.058824,41
119,177,2584.5,958,91.5,169.6078431,2090.764706,922.2941176,87.68627451,263.4482759,3530.137931,1246.517241,180.8965517,152.6190476,1060.666667,866.4761905,81.28571429,205.25,2363.5,1052,127.75,208.6666667,3338,1117,122.3333333,173,1252.28,916.44,94,156.0465116,2688.418605,897.1627907,84.20930233,151.8088235,1525.867647,851.0735294,69.60294118,139.0483871,1367.241935,831.0483871,73.77419355,41,3611.117647,1318.352941,41
120,177,2579.142857,958.1428571,91.57142857,169.627451,2088.176471,922.5294118,87.90196078,263.1724138,3523.206897,1245.275862,180.3448276,152.7142857,1058,866.3571429,81.21428571,205.2142857,2356.714286,1051.571429,128.3571429,209,3340.75,1119.25,124.5,173,1251,916.5,94,156.0930233,2685.837209,897.3255814,84.41860465,151.6764706,1524.852941,850.9705882,69.55882353,139.0967742,1367.483871,831.0967742,73.5483871,41,3606.882353,1316.647059,41
121,177,2573.785714,958.2857143,91.64285714,169.6470588,2085.588235,922.7647059,88.11764706,262.8965517,3516.275862,1244.034483,179.7931034,152.8095238,1055.333333,866.2380952,81.14285714,205.1785714,2349.928571,1051.142857,128.9642857,209.3333333,3343.5,1121.5,126.6666667,173,1249.72,916.56,94,156.1395349,2683.255814,897.4883721,84.62790698,151.5441176,1523.838235,850.8676471,69.51470588,139.1451613,1367.725806,831.1451613,73.32258065,41,3602.647059,1314.941176,41
122,177,2568.428571,958.4285714,91.71428571,169.6666667,2083,923,88.33333333,262.6206897,3509.344828,1242.793103,179.2413793,152.9047619,1052.666667,866.1190476,81.07142857,205.1428571,2343.142857,1050.714286,129.5714286,209.6666667,3346.25,1123.75,128.8333333,173,1248.44,916.62,94,156.1860465,2680.674419,897.6511628,84.8372093,151.4117647,1522.823529,850.7647059,69.47058824,139.1935484,1367.967742,831.1935484,73.09677419,41,3598.411765,1313.235294,41
123,177,2563.071429,958.5714286,91.78571429,169.6862745,2080.411765,923.2352941,88.54901961,262.3448276,3502.413793,1241.551724,178.6896552,153,1050,866,81,205.1071429,2336.357143,1050.285714,130.1785714,210,3349,1126,131,173,1247.16,916.68,94,156.2325581,2678.093023,897.8139535,85.04651163,151.2794118,1521.808824,850.6617647,69.42647059,139.2419355,1368.209677,831.2419355,72.87096774,41,3594.176471,1311.529412,41
124,177,2557.714286,958.7142857,91.85714286,169.7058824,2077.823529,923.4705882,88.76470588,262.0689655,3495.482759,1240.310345,178.137931,153.1052632,1049.263158,866,80.94736842,205.0714286,2329.571429,1049.857143,130.7857143,206.6363636,3350.454545,1129.727273,136.3636364,173,1245.88,916.74,94,156.2790698,2675.511628,897.9767442,85.25581395,151.1470588,1520.794118,850.5588235,69.38235294,139.2903226,1368.451613,831.2903226,72.64516129,41,3589.941176,1309.823529,41
125,177,2552.357143,958.8571429,91.92857143,169.7254902,2075.235294,923.7058824,88.98039216,261.7931034,3488.551724,1239.068966,177.5862069,153.2105263,1048.526316,866,80.89473684,205.0357143,2322.785714,1049.428571,131.3928571,203.2727273,3351.909091,1133.454545,141.7272727,173,1244.6,916.8,94,156.3255814,2672.930233,898.1395349,85.46511628,151.0147059,1519.779412,850.4558824,69.33823529,139.3387097,1368.693548,831.3387097,72.41935484,41,3585.705882,1308.117647,41
126,177,2547,959,92,169.745098,2072.647059,923.9411765,89.19607843,261.5172414,3481.62069,1237.827586,177.0344828,153.3157895,1047.789474,866,80.84210526,205,2316,1049,132,199.9090909,3353.363636,1137.181818,147.0909091,173,1243.32,916.86,94,156.372093,2670.348837,898.3023256,85.6744186,150.8823529,1518.764706,850.3529412,69.29411765,139.3870968,1368.935484,831.3870968,72.19354839,41,3581.470588,1306.411765,41
127,177.1960784,2539.470588,958.745098,92.41176471,169.7647059,2070.058824,924.1764706,89.41176471,261.2413793,3474.689655,1236.586207,176.4827586,153.4210526,1047.052632,866,80.78947368,204.6296296,2307.888889,1048.518519,130.8888889,196.5454545,3354.818182,1140.909091,152.4545455,173,1242.04,916.92,94,156.4186047,2667.767442,898.4651163,85.88372093,150.75,1517.75,850.25,69.25,139.4354839,1369.177419,831.4354839,71.96774194,41,3577.235294,1304.705882,41
128,177.3921569,2531.941176,958.4901961,92.82352941,169.7843137,2067.470588,924.4117647,89.62745098,260.9655172,3467.758621,1235.344828,175.9310345,153.5263158,1046.315789,866,80.73684211,204.2592593,2299.777778,1048.037037,129.7777778,193.1818182,3356.272727,1144.636364,157.8181818,173,1240.76,916.98,94,156.4651163,2665.186047,898.627907,86.09302326,150.6176471,1516.735294,850.1470588,69.20588235,139.483871,1369.419355,831.483871,71.74193548,41,3573,1303,41
129,177.5882353,2524.411765,958.2352941,93.23529412,169.8039216,2064.882353,924.6470588,89.84313725,260.6896552,3460.827586,1234.103448,175.3793103,153.6315789,1045.578947,866,80.68421053,203.8888889,2291.666667,1047.555556,128.6666667,189.8181818,3357.727273,1148.363636,163.1818182,173,1239.48,917.04,94,156.5116279,2662.604651,898.7906977,86.30232558,150.4852941,1515.720588,850.0441176,69.16176471,139.5322581,1369.66129,831.5322581,71.51612903,41,3570.666667,1295.666667,41
130,177.7843137,2516.882353,957.9803922,93.64705882,169.8235294,2062.294118,924.8823529,90.05882353,260.4137931,3453.896552,1232.862069,174.8275862,153.7368421,1044.842105,866,80.63157895,203.5185185,2283.555556,1047.074074,127.5555556,186.4545455,3359.181818,1152.090909,168.5454545,173,1238.2,917.1,94,156.5581395,2660.023256,898.9534884,86.51162791,150.3529412,1514.705882,849.9411765,69.11764706,139.5806452,1369.903226,831.5806452,71.29032258,41,3568.333333,1288.333333,41
131,177.9803922,2509.352941,957.7254902,94.05882353,169.8431373,2059.705882,925.1176471,90.2745098,260.137931,3446.965517,1231.62069,174.2758621,153.8421053,1044.105263,866,80.57894737,203.1481481,2275.444444,1046.592593,126.4444444,183.0909091,3360.636364,1155.818182,173.9090909,173,1236.92,917.16,94,156.6046512,2657.44186,899.1162791,86.72093023,150.2205882,1513.691176,849.8382353,69.07352941,139.6290323,1370.145161,831.6290323,71.06451613,41,3566,1281,41
132,178.1764706,2501.823529,957.4705882,94.47058824,169.8627451,2057.117647,925.3529412,90.49019608,259.862069,3440.034483,1230.37931,173.7241379,153.9473684,1043.368421,866,80.52631579,202.7777778,2267.333333,1046.111111,125.3333333,179.7272727,3362.090909,1159.545455,179.2727273,173,1235.64,917.22,94,156.6511628,2654.860465,899.2790698,86.93023256,150.0882353,1512.676471,849.7352941,69.02941176,139.6774194,1370.387097,831.6774194,70.83870968,41,3562.4,1279,41
133,178.372549,2494.294118,957.2156863,94.88235294,169.8823529,2054.529412,925.5882353,90.70588235,259.5862069,3433.103448,1229.137931,173.1724138,154.0526316,1042.631579,866,80.47368421,202.4074074,2259.222222,1045.62963,124.2222222,176.3636364,3363.545455,1163.272727,184.6363636,173,1234.36,917.28,94,156.6976744,2652.27907,899.4418605,87.13953488,149.9558824,1511.661765,849.6323529,68.98529412,139.7258065,1370.629032,831.7258065,70.61290323,41,3558.8,1277,41
134,178.5686275,2486.764706,956.9607843,95.29411765,169.9019608,2051.941176,925.8235294,90.92156863,259.3103448,3426.172414,1227.896552,172.6206897,154.1578947,1041.894737,866,80.42105263,202.037037,2251.111111,1045.148148,123.1111111,173,3365,1167,190,173,1233.08,917.34,94,156.744186,2649.697674,899.6046512,87.34883721,149.8235294,1510.647059,849.5294118,68.94117647,139.7741935,1370.870968,831.7741935,70.38709677,41,3555.2,1275,41
135,178.7647059,2479.235294,956.7058824,95.70588235,169.9215686,2049.352941,926.0588235,91.1372549,259.0344828,3419.241379,1226.655172,172.0689655,154.2631579,1041.157895,866,80.36842105,201.6666667,2243,1044.666667,122,171.2857143,3365.142857,1169.428571,189.1428571,173,1231.8,917.4,94,156.7906977,2647.116279,899.7674419,87.55813953,149.6911765,1509.632353,849.4264706,68.89705882,139.8225806,1371.112903,831.8225806,70.16129032,41,3551.6,1273,41
136,178.9607843,2471.705882,956.4509804,96.11764706,169.9411765,2046.764706,926.2941176,91.35294118,258.7586207,3412.310345,1225.413793,171.5172414,154.3684211,1040.421053,866,80.31578947,201.2962963,2234.888889,1044.185185,120.8888889,169.5714286,3365.285714,1171.857143,188.2857143,173,1230.52,917.46,94,156.8372093,2644.534884,899.9302326,87.76744186,149.5588235,1508.617647,849.3235294,68.85294118,139.8709677,1371.354839,831.8709677,69.93548387,41,3548,1271,41
137,179.1568627,2464.176471,956.1960784,96.52941176,169.9607843,2044.176471,926.5294118,91.56862745,258.4827586,3405.37931,1224.172414,170.9655172,154.4736842,1039.684211,866,80.26315789,200.9259259,2226.777778,1043.703704,119.7777778,167.8571429,3365.428571,1174.285714,187.4285714,173,1229.24,917.52,94,156.8837209,2641.953488,900.0930233,87.97674419,149.4264706,1507.602941,849.2205882,68.80882353,139.9193548,1371.596774,831.9193548,69.70967742,41.5,3542,1272,41.5
138,179.3529412,2456.647059,955.9411765,96.94117647,169.9803922,2041.588235,926.7647059,91.78431373,258.2068966,3398.448276,1222.931034,170.4137931,154.5789474,1038.947368,866,80.21052632,200.5555556,2218.666667,1043.222222,118.6666667,166.1428571,3365.571429,1176.714286,186.5714286,173,1227.96,917.58,94,156.9302326,2639.372093,900.255814,88.18604651,149.2941176,1506.588235,849.1176471,68.76470588,139.9677419,1371.83871,831.9677419,69.48387097,42,3536,1273,42
139,179.5490196,2449.117647,955.6862745,97.35294118,170,2039,927,92,257.9310345,3391.517241,1221.689655,169.862069,154.6842105,1038.210526,866,80.15789474,200.1851852,2210.555556,1042.740741,117.5555556,164.4285714,3365.714286,1179.142857,185.7142857,173,1226.68,917.64,94,156.9767442,2636.790698,900.4186047,88.39534884,149.1617647,1505.573529,849.0147059,68.72058824,140.016129,1372.080645,832.016129,69.25806452,42,3529.5,1281.5,42
140,179.745098,2441.588235,955.4313725,97.76470588,170,2035.926471,927.0441176,92.13235294,257.6551724,3384.586207,1220.448276,169.3103448,154.7894737,1037.473684,866,80.10526316,199.8148148,2202.444444,1042.259259,116.4444444,162.7142857,3365.857143,1181.571429,184.8571429,173,1225.4,917.7,94,157.0232558,2634.209302,900.5813953,88.60465116,149.0294118,1504.558824,848.9117647,68.67647059,140.0645161,1372.322581,832.0645161,69.03225806,42,3523,1290,42
141,179.9411765,2434.058824,955.1764706,98.17647059,170,2032.852941,927.0882353,92.26470588,257.3793103,3377.655172,1219.206897,168.7586207,154.8947368,1036.736842,866,80.05263158,199.4444444,2194.333333,1041.777778,115.3333333,161,3366,1184,184,173,1224.12,917.76,94,157.0697674,2631.627907,900.744186,88.81395349,148.8970588,1503.544118,848.8088235,68.63235294,140.1129032,1372.564516,832.1129032,68.80645161,42,3514.5,1300.5,42
142,180.1372549,2426.529412,954.9215686,98.58823529,170,2029.779412,927.1323529,92.39705882,257.1034483,3370.724138,1217.965517,168.2068966,155,1036,866,80,199.0740741,2186.222222,1041.296296,114.2222222,161.7777778,3366.333333,1182.888889,183.1111111,173,1222.84,917.82,94,157.1162791,2629.046512,900.9069767,89.02325581,148.7647059,1502.529412,848.7058824,68.58823529,140.1612903,1372.806452,832.1612903,68.58064516,42,3506,1311,42
143,180.3333333,2419,954.6666667,99,170,2026.705882,927.1764706,92.52941176,256.8275862,3363.793103,1216.724138,167.6551724,155.0232558,1035.953488,866.0465116,80.20930233,198.7037037,2178.111111,1040.814815,113.1111111,162.5555556,3366.666667,1181.777778,182.2222222,173,1221.56,917.88,94,157.1627907,2626.465116,901.0697674,89.23255814,148.6323529,1501.514706,848.6029412,68.54411765,140.2096774,1373.048387,832.2096774,68.35483871,42,3505,1294,42
144,180.5294118,2411.470588,954.4117647,99.41176471,170,2023.632353,927.2205882,92.66176471,256.5517241,3356.862069,1215.482759,167.1034483,155.0465116,1035.906977,866.0930233,80.41860465,198.3333333,2170,1040.333333,112,163.3333333,3367,1180.666667,181.3333333,173,1220.28,917.94,94,157.2093023,2623.883721,901.2325581,89.44186047,148.5,1500.5,848.5,68.5,140.2580645,1373.290323,832.2580645,68.12903226,42,3505,1281,42
145,180.7254902,2403.941176,954.1568627,99.82352941,170,2020.558824,927.2647059,92.79411765,256.2758621,3349.931034,1214.241379,166.5517241,155.0697674,1035.860465,866.1395349,80.62790698,197.962963,2161.888889,1039.851852,110.8888889,164.1111111,3367.333333,1179.555556,180.4444444,173,1219,918,94,157.255814,2621.302326,901.3953488,89.65116279,148.3676471,1499.485294,848.3970588,68.45588235,140.3064516,1373.532258,832.3064516,67.90322581,42,3505,1268,42
146,180.9215686,2396.411765,953.9019608,100.2352941,170,2017.485294,927.3088235,92.92647059,256,3343,1213,166,155.0930233,1035.813953,866.1860465,80.8372093,197.5925926,2153.777778,1039.37037,109.7777778,164.8888889,3367.666667,1178.444444,179.5555556,173.4090909,1218.181818,917.9090909,93.81818182,157.3023256,2618.72093,901.5581395,89.86046512,148.2352941,1498.470588,848.2941176,68.41176471,140.3548387,1373.774194,832.3548387,67.67741935,42,3503.666667,1260,42
147,181.1176471,2388.882353,953.6470588,100.6470588,170,2014.411765,927.3529412,93.05882353,255.5,3342.25,1211.5,165,155.1162791,1035.767442,866.2325581,81.04651163,197.2222222,2145.666667,1038.888889,108.6666667,165.6666667,3368,1177.333333,178.6666667,173.8181818,1217.363636,917.8181818,93.63636364,157.3488372,2616.139535,901.7209302,90.06976744,148.1029412,1497.455882,848.1911765,68.36764706,140.4032258,1374.016129,832.4032258,67.4516129,42,3502.333333,1252,42
148,181.3137255,2381.352941,953.3921569,101.0588235,170,2011.338235,927.3970588,93.19117647,255,3341.5,1210,164,155.1395349,1035.72093,866.2790698,81.25581395,196.8518519,2137.555556,1038.407407,107.5555556,166.4444444,3368.333333,1176.222222,177.7777778,174.2272727,1216.545455,917.7272727,93.45454545,157.3953488,2613.55814,901.8837209,90.27906977,147.9705882,1496.441176,848.0882353,68.32352941,140.4516129,1374.258065,832.4516129,67.22580645,42,3501,1244,42
149,181.5098039,2373.823529,953.1372549,101.4705882,170,2008.264706,927.4411765,93.32352941,254.5,3340.75,1208.5,163,155.1627907,1035.674419,866.3255814,81.46511628,196.4814815,2129.444444,1037.925926,106.4444444,167.2222222,3368.666667,1175.111111,176.8888889,174.6363636,1215.727273,917.6363636,93.27272727,157.4418605,2610.976744,902.0465116,90.48837209,147.8382353,1495.426471,847.9852941,68.27941176,140.5,1374.5,832.5,67,42,3499.666667,1239,42
150,181.7058824,2366.294118,952.8823529,101.8823529,170,2005.191176,927.4852941,93.45588235,254,3340,1207,162,155.1860465,1035.627907,866.372093,81.6744186,196.1111111,2121.333333,1037.444444,105.3333333,168,3369,1174,176,175.0454545,1214.909091,917.5454545,93.09090909,157.4883721,2608.395349,902.2093023,90.69767442,147.7058824,1494.411765,847.8823529,68.23529412,140.5483871,1374.741935,832.5483871,66.77419355,42,3498.333333,1234,42
151,181.9019608,2358.764706,952.627451,102.2941176,170,2002.117647,927.5294118,93.58823529,253.6444444,3335,1205.488889,161.2,155.2093023,1035.581395,866.4186047,81.88372093,195.7407407,2113.222222,1036.962963,104.2222222,172.25,3368.625,1169.5,172.375,175.4545455,1214.090909,917.4545455,92.90909091,157.5348837,2605.813953,902.372093,90.90697674,147.5735294,1493.397059,847.7794118,68.19117647,140.5967742,1374.983871,832.5967742,66.5483871,42,3497,1229,42
152,182.0980392,2351.235294,952.372549,102.7058824,170,1999.044118,927.5735294,93.72058824,253.2888889,3330,1203.977778,160.4,155.2325581,1035.534884,866.4651163,82.09302326,195.3703704,2105.111111,1036.481481,103.1111111,176.5,3368.25,1165,168.75,175.8636364,1213.272727,917.3636364,92.72727273,157.5813953,2603.232558,902.5348837,91.11627907,147.4411765,1492.382353,847.6764706,68.14705882,140.6451613,1375.225806,832.6451613,66.32258065,42,3492.666667,1225,42
153,182.2941176,2343.705882,952.1176471,103.1176471,170,1995.970588,927.6176471,93.85294118,252.9333333,3325,1202.466667,159.6,155.255814,1035.488372,866.5116279,82.30232558,195,2097,1036,102,180.75,3367.875,1160.5,165.125,176.2727273,1212.454545,917.2727273,92.54545455,157.627907,2600.651163,902.6976744,91.3255814,147.3088235,1491.367647,847.5735294,68.10294118,140.6935484,1375.467742,832.6935484,66.09677419,42,3488.333333,1221,42
154,182.4901961,2336.176471,951.8627451,103.5294118,170,1992.897059,927.6617647,93.98529412,252.5777778,3320,1200.955556,158.8,155.2790698,1035.44186,866.5581395,82.51162791,195.2285714,2088.771429,1035.085714,102.3714286,185,3367.5,1156,161.5,176.6818182,1211.636364,917.1818182,92.36363636,157.6744186,2598.069767,902.8604651,91.53488372,147.1764706,1490.352941,847.4705882,68.05882353,140.7419355,1375.709677,832.7419355,65.87096774,42,3484,1217,42
155,182.6862745,2328.647059,951.6078431,103.9411765,170,1989.823529,927.7058824,94.11764706,252.2222222,3315,1199.444444,158,155.3023256,1035.395349,866.6046512,82.72093023,195.4571429,2080.542857,1034.171429,102.7428571,189.25,3367.125,1151.5,157.875,177.0909091,1210.818182,917.0909091,92.18181818,157.7209302,2595.488372,903.0232558,91.74418605,147.0441176,1489.338235,847.3676471,68.01470588,140.7903226,1375.951613,832.7903226,65.64516129,41.33333333,3477,1215.666667,41.33333333
156,182.8823529,2321.117647,951.3529412,104.3529412,170,1986.75,927.75,94.25,251.8666667,3310,1197.933333,157.2,155.3255814,1035.348837,866.6511628,82.93023256,195.6857143,2072.314286,1033.257143,103.1142857,193.5,3366.75,1147,154.25,177.5,1210,917,92,157.7674419,2592.906977,903.1860465,91.95348837,146.9117647,1488.323529,847.2647059,67.97058824,140.8387097,1376.193548,832.8387097,65.41935484,40.66666667,3470,1214.333333,40.66666667
157,183.0784314,2313.588235,951.0980392,104.7647059,170,1983.676471,927.7941176,94.38235294,251.5111111,3305,1196.422222,156.4,155.3488372,1035.302326,866.6976744,83.13953488,195.9142857,2064.085714,1032.342857,103.4857143,197.75,3366.375,1142.5,150.625,177.9090909,1209.181818,916.9090909,91.81818182,157.8139535,2590.325581,903.3488372,92.1627907,146.7794118,1487.308824,847.1617647,67.92647059,140.8870968,1376.435484,832.8870968,65.19354839,40,3463,1213,40
158,183.2745098,2306.058824,950.8431373,105.1764706,170,1980.602941,927.8382353,94.51470588,251.1555556,3300,1194.911111,155.6,155.372093,1035.255814,866.744186,83.34883721,196.1428571,2055.857143,1031.428571,103.8571429,202,3366,1138,147,178.3181818,1208.363636,916.8181818,91.63636364,157.8604651,2587.744186,903.5116279,92.37209302,146.6470588,1486.294118,847.0588235,67.88235294,140.9354839,1376.677419,832.9354839,64.96774194,39,3449.5,1212,40
159,183.4705882,2298.529412,950.5882353,105.5882353,170,1977.529412,927.8823529,94.64705882,250.8,3295,1193.4,154.8,155.3953488,1035.209302,866.7906977,83.55813953,196.3714286,2047.628571,1030.514286,104.2285714,204.1111111,3365.111111,1136.111111,142.7777778,178.7272727,1207.545455,916.7272727,91.45454545,157.9069767,2585.162791,903.6744186,92.58139535,146.5147059,1485.279412,846.9558824,67.83823529,140.983871,1376.919355,832.983871,64.74193548,38,3436,1211,40
160,183.6666667,2291,950.3333333,106,170,1974.455882,927.9264706,94.77941176,250.4444444,3290,1191.888889,154,155.4186047,1035.162791,866.8372093,83.76744186,196.6,2039.4,1029.6,104.6,206.2222222,3364.222222,1134.222222,138.5555556,179.1363636,1206.727273,916.6363636,91.27272727,157.9534884,2582.581395,903.8372093,92.79069767,146.3823529,1484.264706,846.8529412,67.79411765,141.0322581,1377.16129,833.0322581,64.51612903,37.33333333,3422.666667,1209.666667,39.66666667
161,183.8627451,2283.470588,950.0784314,106.4117647,170,1971.382353,927.9705882,94.91176471,250.0888889,3285,1190.377778,153.2,155.4418605,1035.116279,866.8837209,83.97674419,196.8285714,2031.171429,1028.685714,104.9714286,208.3333333,3363.333333,1132.333333,134.3333333,179.5454545,1205.909091,916.5454545,91.09090909,158,2580,904,93,146.25,1483.25,846.75,67.75,141.0806452,1377.403226,833.0806452,64.29032258,36.66666667,3409.333333,1208.333333,39.33333333
162,184.0588235,2275.941176,949.8235294,106.8235294,170,1968.308824,928.0147059,95.04411765,249.7333333,3280,1188.866667,152.4,155.4651163,1035.069767,866.9302326,84.18604651,197.0571429,2022.942857,1027.771429,105.3428571,210.4444444,3362.444444,1130.444444,130.1111111,179.9545455,1205.090909,916.4545455,90.90909091,158.0952381,2577.952381,904.2857143,93.23809524,146.1176471,1482.235294,846.6470588,67.70588235,141.1290323,1377.645161,833.1290323,64.06451613,36,3396,1207,39
163,184.254902,2268.411765,949.5686275,107.2352941,170,1965.235294,928.0588235,95.17647059,249.3777778,3275,1187.355556,151.6,155.4883721,1035.023256,866.9767442,84.39534884,197.2857143,2014.714286,1026.857143,105.7142857,212.5555556,3361.555556,1128.555556,125.8888889,180.3636364,1204.272727,916.3636364,90.72727273,158.1904762,2575.904762,904.5714286,93.47619048,145.9852941,1481.220588,846.5441176,67.66176471,141.1774194,1377.887097,833.1774194,63.83870968,36,3388,1204.5,39
164,184.4509804,2260.882353,949.3137255,107.6470588,170,1962.161765,928.1029412,95.30882353,249.0222222,3270,1185.844444,150.8,155.5116279,1034.976744,867.0232558,84.60465116,197.5142857,2006.485714,1025.942857,106.0857143,214.6666667,3360.666667,1126.666667,121.6666667,180.7727273,1203.454545,916.2727273,90.54545455,158.2857143,2573.857143,904.8571429,93.71428571,145.8529412,1480.205882,846.4411765,67.61764706,141.2258065,1378.129032,833.2258065,63.61290323,36,3380,1202,39
165,184.6470588,2253.352941,949.0588235,108.0588235,170,1959.088235,928.1470588,95.44117647,248.6666667,3265,1184.333333,150,155.5348837,1034.930233,867.0697674,84.81395349,197.7428571,1998.257143,1025.028571,106.4571429,216.7777778,3359.777778,1124.777778,117.4444444,181.1818182,1202.636364,916.1818182,90.36363636,158.3809524,2571.809524,905.1428571,93.95238095,145.7205882,1479.191176,846.3382353,67.57352941,141.2741935,1378.370968,833.2741935,63.38709677,36,3378.5,1196,39
166,184.8431373,2245.823529,948.8039216,108.4705882,170,1956.014706,928.1911765,95.57352941,248.3111111,3260,1182.822222,149.2,155.5581395,1034.883721,867.1162791,85.02325581,197.9714286,1990.028571,1024.114286,106.8285714,218.8888889,3358.888889,1122.888889,113.2222222,181.5909091,1201.818182,916.0909091,90.18181818,158.4761905,2569.761905,905.4285714,94.19047619,145.5882353,1478.176471,846.2352941,67.52941176,141.3225806,1378.612903,833.3225806,63.16129032,36,3377,1190,39
167,185.0392157,2238.294118,948.5490196,108.8823529,170,1952.941176,928.2352941,95.70588235,247.9555556,3255,1181.311111,148.4,155.5813953,1034.837209,867.1627907,85.23255814,198.2,1981.8,1023.2,107.2,221,3358,1121,109,182,1201,916,90,158.5714286,2567.714286,905.7142857,94.42857143,145.4558824,1477.161765,846.1323529,67.48529412,141.3709677,1378.854839,833.3709677,62.93548387,36,3380.666667,1184.666667,39
168,185.2352941,2230.764706,948.2941176,109.2941176,170,1949.867647,928.2794118,95.83823529,247.6,3250,1179.8,147.6,155.6046512,1034.790698,867.2093023,85.44186047,198.4285714,1973.571429,1022.285714,107.5714286,221.3333333,3351.333333,1120.083333,112.1666667,181.7391304,1202.086957,915.6086957,89.73913043,158.6666667,2565.666667,906,94.66666667,145.3235294,1476.147059,846.0294118,67.44117647,141.4193548,1379.096774,833.4193548,62.70967742,36,3384.333333,1179.333333,39
169,185.4313725,2223.235294,948.0392157,109.7058824,170,1946.794118,928.3235294,95.97058824,247.2444444,3245,1178.288889,146.8,155.627907,1034.744186,867.255814,85.65116279,198.6571429,1965.342857,1021.371429,107.9428571,221.6666667,3344.666667,1119.166667,115.3333333,181.4782609,1203.173913,915.2173913,89.47826087,158.7619048,2563.619048,906.2857143,94.9047619,145.1911765,1475.132353,845.9264706,67.39705882,141.4677419,1379.33871,833.4677419,62.48387097,36,3388,1174,39
170,185.627451,2215.705882,947.7843137,110.1176471,170,1943.720588,928.3676471,96.10294118,246.8888889,3240,1176.777778,146,155.6511628,1034.697674,867.3023256,85.86046512,198.8857143,1957.114286,1020.457143,108.3142857,222,3338,1118.25,118.5,181.2173913,1204.26087,914.826087,89.2173913,158.8571429,2561.571429,906.5714286,95.14285714,145.0588235,1474.117647,845.8235294,67.35294118,141.516129,1379.580645,833.516129,62.25806452,36,3391.666667,1168.666667,39
171,185.8235294,2208.176471,947.5294118,110.5294118,170,1940.647059,928.4117647,96.23529412,246.5333333,3235,1175.266667,145.2,155.6744186,1034.651163,867.3488372,86.06976744,199.1142857,1948.885714,1019.542857,108.6857143,222.3333333,3331.333333,1117.333333,121.6666667,180.9565217,1205.347826,914.4347826,88.95652174,158.952381,2559.52381,906.8571429,95.38095238,144.9264706,1473.102941,845.7205882,67.30882353,141.5645161,1379.822581,833.5645161,62.03225806,36,3395.333333,1163.333333,39
172,186.0196078,2200.647059,947.2745098,110.9411765,170,1937.573529,928.4558824,96.36764706,246.1777778,3230,1173.755556,144.4,155.6976744,1034.604651,867.3953488,86.27906977,199.3428571,1940.657143,1018.628571,109.0571429,222.6666667,3324.666667,1116.416667,124.8333333,180.6956522,1206.434783,914.0434783,88.69565217,159.047619,2557.47619,907.1428571,95.61904762,144.7941176,1472.088235,845.6176471,67.26470588,141.6129032,1380.064516,833.6129032,61.80645161,36,3399,1158,39
173,186.2156863,2193.117647,947.0196078,111.3529412,170,1934.5,928.5,96.5,245.8222222,3225,1172.244444,143.6,155.7209302,1034.55814,867.4418605,86.48837209,199.5714286,1932.428571,1017.714286,109.4285714,223,3318,1115.5,128,180.4347826,1207.521739,913.6521739,88.43478261,159.1428571,2555.428571,907.4285714,95.85714286,144.6617647,1471.073529,845.5147059,67.22058824,141.6612903,1380.306452,833.6612903,61.58064516,36,3396.5,1151.5,39
174,186.4117647,2185.588235,946.7647059,111.7647059,170,1931.426471,928.5441176,96.63235294,245.4666667,3220,1170.733333,142.8,155.744186,1034.511628,867.4883721,86.69767442,199.8,1924.2,1016.8,109.8,223.3333333,3311.333333,1114.583333,131.1666667,180.173913,1208.608696,913.2608696,88.17391304,159.2380952,2553.380952,907.7142857,96.0952381,144.5294118,1470.058824,845.4117647,67.17647059,141.7096774,1380.548387,833.7096774,61.35483871,36,3394,1145,39
175,186.6078431,2178.058824,946.5098039,112.1764706,170,1928.352941,928.5882353,96.76470588,245.1111111,3215,1169.222222,142,155.7674419,1034.465116,867.5348837,86.90697674,200.0285714,1915.971429,1015.885714,110.1714286,223.6666667,3304.666667,1113.666667,134.3333333,179.9130435,1209.695652,912.8695652,87.91304348,159.3333333,2551.333333,908,96.33333333,144.3970588,1469.044118,845.3088235,67.13235294,141.7580645,1380.790323,833.7580645,61.12903226,36,3386.5,1139.5,39
176,186.8039216,2170.529412,946.254902,112.5882353,170,1925.279412,928.6323529,96.89705882,244.7555556,3210,1167.711111,141.2,155.7906977,1034.418605,867.5813953,87.11627907,200.2571429,1907.742857,1014.971429,110.5428571,224,3298,1112.75,137.5,179.6521739,1210.782609,912.4782609,87.65217391,159.4285714,2549.285714,908.2857143,96.57142857,144.2647059,1468.029412,845.2058824,67.08823529,141.8064516,1381.032258,833.8064516,60.90322581,36,3379,1134,39
177,187,2163,946,113,170,1922.205882,928.6764706,97.02941176,244.4,3205,1166.2,140.4,155.8139535,1034.372093,867.627907,87.3255814,200.4857143,1899.514286,1014.057143,110.9142857,224.3333333,3291.333333,1111.833333,140.6666667,179.3913043,1211.869565,912.0869565,87.39130435,159.5238095,2547.238095,908.5714286,96.80952381,144.1323529,1467.014706,845.1029412,67.04411765,141.8548387,1381.274194,833.8548387,60.67741935,36,3365,1123.5,39
178,187,2155.428571,945.9142857,113,170,1919.132353,928.7205882,97.16176471,244.0444444,3200,1164.688889,139.6,155.8372093,1034.325581,867.6744186,87.53488372,200.7142857,1891.285714,1013.142857,111.2857143,224.6666667,3284.666667,1110.916667,143.8333333,179.1304348,1212.956522,911.6956522,87.13043478,159.6190476,2545.190476,908.8571429,97.04761905,144,1466,845,67,141.9032258,1381.516129,833.9032258,60.4516129,36,3351,1113,39
179,187,2147.857143,945.8285714,113,170,1916.058824,928.7647059,97.29411765,243.6888889,3195,1163.177778,138.8,155.8604651,1034.27907,867.7209302,87.74418605,200.9428571,1883.057143,1012.228571,111.6571429,225,3278,1110,147,178.8695652,1214.043478,911.3043478,86.86956522,159.7142857,2543.142857,909.1428571,97.28571429,144.1139241,1463.924051,845.2151899,67.16455696,141.9516129,1381.758065,833.9516129,60.22580645,36,3326.5,1092.5,39
180,187,2140.285714,945.7428571,113,170,1912.985294,928.8088235,97.42647059,243.3333333,3190,1161.666667,138,155.8837209,1034.232558,867.7674419,87.95348837,201.1714286,1874.828571,1011.314286,112.0285714,243,3271,1092,148,178.6086957,1215.130435,910.9130435,86.60869565,159.8095238,2541.095238,909.4285714,97.52380952,144.2278481,1461.848101,845.4303797,67.32911392,142,1382,834,60,36,3302,1072,39
181,187,2132.714286,945.6571429,113,170,1909.911765,928.8529412,97.55882353,242.9777778,3185,1160.155556,137.2,155.9069767,1034.186047,867.8139535,88.1627907,201.4,1866.6,1010.4,112.4,240.375,3267.375,1094.5,144.875,178.3478261,1216.217391,910.5217391,86.34782609,159.9047619,2539.047619,909.7142857,97.76190476,144.3417722,1459.772152,845.6455696,67.49367089,142,1382,834,59.87804878,36,3268.5,1048.5,39
182,187,2125.142857,945.5714286,113,170,1906.838235,928.8970588,97.69117647,242.6222222,3180,1158.644444,136.4,155.9302326,1034.139535,867.8604651,88.37209302,201.6285714,1858.371429,1009.485714,112.7714286,237.75,3263.75,1097,141.75,178.0869565,1217.304348,910.1304348,86.08695652,160,2537,910,98,144.4556962,1457.696203,845.8607595,67.65822785,142,1382,834,59.75609756,36,3235,1025,39
183,187,2117.571429,945.4857143,113,170,1903.764706,928.9411765,97.82352941,242.2666667,3175,1157.133333,135.6,155.9534884,1034.093023,867.9069767,88.58139535,201.8571429,1850.142857,1008.571429,113.1428571,235.125,3260.125,1099.5,138.625,177.826087,1218.391304,909.7391304,85.82608696,159.7142857,2532.285714,910.4285714,99.42857143,144.5696203,1455.620253,846.0759494,67.82278481,142,1382,834,59.63414634,36,3204.333333,1007.666667,39
184,187,2110,945.4,113,170,1900.691176,928.9852941,97.95588235,241.9111111,3170,1155.622222,134.8,155.9767442,1034.046512,867.9534884,88.79069767,202.0857143,1841.914286,1007.657143,113.5142857,232.5,3256.5,1102,135.5,177.5652174,1219.478261,909.3478261,85.56521739,159.4285714,2527.571429,910.8571429,100.8571429,144.6835443,1453.544304,846.2911392,67.98734177,142,1382,834,59.51219512,36,3173.666667,990.3333333,39
185,187,2102.428571,945.3142857,113,170,1897.617647,929.0294118,98.08823529,241.5555556,3165,1154.111111,134,156,1034,868,89,202.3142857,1833.685714,1006.742857,113.8857143,229.875,3252.875,1104.5,132.375,177.3043478,1220.565217,908.9565217,85.30434783,159.1428571,2522.857143,911.2857143,102.2857143,144.7974684,1451.468354,846.5063291,68.15189873,142,1382,834,59.3902439,36,3143,973,39
186,187,2094.857143,945.2285714,113,170,1894.544118,929.0735294,98.22058824,241.2,3160,1152.6,133.2,156.24,1033.6,868.24,88.4,202.5428571,1825.457143,1005.828571,114.2571429,227.25,3249.25,1107,129.25,177.0434783,1221.652174,908.5652174,85.04347826,158.8571429,2518.142857,911.7142857,103.7142857,144.9113924,1449.392405,846.721519,68.3164557,142,1382,834,59.26829268,36,3114.666667,957,39
187,187,2087.285714,945.1428571,113,170,1891.470588,929.1176471,98.35294118,240.8444444,3155,1151.088889,132.4,156.48,1033.2,868.48,87.8,202.7714286,1817.228571,1004.914286,114.6285714,224.625,3245.625,1109.5,126.125,176.7826087,1222.73913,908.173913,84.7826087,158.5714286,2513.428571,912.1428571,105.1428571,145.0253165,1447.316456,846.9367089,68.48101266,142,1382,834,59.14634146,36,3086.333333,941,39
188,187,2079.714286,945.0571429,113,170,1888.397059,929.1617647,98.48529412,240.4888889,3150,1149.577778,131.6,156.72,1032.8,868.72,87.2,203,1809,1004,115,222,3242,1112,123,176.5217391,1223.826087,907.7826087,84.52173913,158.2857143,2508.714286,912.5714286,106.5714286,145.1392405,1445.240506,847.1518987,68.64556962,142,1382,834,59.02439024,36,3058,925,39
189,187,2072.142857,944.9714286,113,170,1885.323529,929.2058824,98.61764706,240.1333333,3145,1148.066667,130.8,156.96,1032.4,868.96,86.6,202.25,1802.208333,1003.541667,114.0416667,219.5,3223.5,1113,137.5,176.2608696,1224.913043,907.3913043,84.26086957,158,2504,913,108,145.2531646,1443.164557,847.3670886,68.81012658,142,1382,834,58.90243902,36,3030.5,915.75,39
190,187,2064.571429,944.8857143,113,170,1882.25,929.25,98.75,239.7777778,3140,1146.555556,130,157.2,1032,869.2,86,201.5,1795.416667,1003.083333,113.0833333,217,3205,1114,152,176,1226,907,84,158,2501.2,914.2,108.2,145.3670886,1441.088608,847.5822785,68.97468354,142,1382,834,58.7804878,36,3003,906.5,39
191,187,2057,944.8,113,170,1879.176471,929.2941176,98.88235294,239.4222222,3135,1145.044444,129.2,157.44,1031.6,869.44,85.4,200.75,1788.625,1002.625,112.125,216.375,3198.4375,1113.5,152.4375,176,1226.272727,906.8181818,84,158,2498.4,915.4,108.4,145.4810127,1439.012658,847.7974684,69.13924051,142,1382,834,58.65853659,36,2975.5,897.25,39
192,187,2049.428571,944.7142857,113,170,1876.102941,929.3382353,99.01470588,239.0666667,3130,1143.533333,128.4,157.68,1031.2,869.68,84.8,200,1781.833333,1002.166667,111.1666667,215.75,3191.875,1113,152.875,176,1226.545455,906.6363636,84,158,2495.6,916.6,108.6,145.5949367,1436.936709,848.0126582,69.30379747,142,1382,834,58.53658537,36,2948,888,39
193,187,2041.857143,944.6285714,113,170,1873.029412,929.3823529,99.14705882,238.7111111,3125,1142.022222,127.6,157.92,1030.8,869.92,84.2,199.25,1775.041667,1001.708333,110.2083333,215.125,3185.3125,1112.5,153.3125,176,1226.818182,906.4545455,84,158,2492.8,917.8,108.8,145.7088608,1434.860759,848.2278481,69.46835443,142,1382,834,58.41463415,36,2922.666667,881.3333333,39
194,187,2034.285714,944.5428571,113,170,1869.955882,929.4264706,99.27941176,238.3555556,3120,1140.511111,126.8,158.16,1030.4,870.16,83.6,198.5,1768.25,1001.25,109.25,214.5,3178.75,1112,153.75,176,1227.090909,906.2727273,84,158,2490,919,109,145.8227848,1432.78481,848.443038,69.63291139,142,1382,834,58.29268293,36,2897.333333,874.6666667,39
195,187,2026.714286,944.4571429,113,170,1866.882353,929.4705882,99.41176471,238,3115,1139,126,158.4,1030,870.4,83,197.75,1761.458333,1000.791667,108.2916667,213.875,3172.1875,1111.5,154.1875,176,1227.363636,906.0909091,84,160.4,2489.6,916.8,106.8,145.9367089,1430.708861,848.6582278,69.79746835,142,1382,834,58.17073171,36,2872,868,39
196,187,2019.142857,944.3714286,113,170,1863.808824,929.5147059,99.54411765,237.6363636,3110.818182,1138,127.0909091,158.64,1029.6,870.64,82.4,197,1754.666667,1000.333333,107.3333333,213.25,3165.625,1111,154.625,176,1227.636364,905.9090909,84,162.8,2489.2,914.6,104.6,146.0506329,1428.632911,848.8734177,69.96202532,142,1382,834,58.04878049,35.66666667,2846.666667,865,38.33333333
197,187,2011.571429,944.2857143,113,170,1860.735294,929.5588235,99.67647059,237.2727273,3106.636364,1137,128.1818182,158.88,1029.2,870.88,81.8,196.25,1747.875,999.875,106.375,212.625,3159.0625,1110.5,155.0625,176,1227.909091,905.7272727,84,165.2,2488.8,912.4,102.4,146.164557,1426.556962,849.0886076,70.12658228,142,1382,834,57.92682927,35.33333333,2821.333333,862,37.66666667
198,187,2004,944.2,113,170,1857.661765,929.6029412,99.80882353,236.9090909,3102.454545,1136,129.2727273,159.12,1028.8,871.12,81.2,195.5,1741.083333,999.4166667,105.4166667,212,3152.5,1110,155.5,176,1228.181818,905.5454545,84,167.6,2488.4,910.2,100.2,146.278481,1424.481013,849.3037975,70.29113924,142,1382,834,57.80487805,35,2796,859,37
199,187,1996.428571,944.1142857,113,170,1854.588235,929.6470588,99.94117647,236.5454545,3098.272727,1135,130.3636364,159.36,1028.4,871.36,80.6,194.75,1734.291667,998.9583333,104.4583333,211.375,3145.9375,1109.5,155.9375,176,1228.454545,905.3636364,84,170,2488,908,98,146.3924051,1422.405063,849.5189873,70.4556962,142,1382,834,57.68292683,35,2771,858,36
200,187,1988.857143,944.0285714,113,170,1851.514706,929.6911765,100.0735294,236.1818182,3094.090909,1134,131.4545455,159.6,1028,871.6,80,194,1727.5,998.5,103.5,210.75,3139.375,1109,156.375,176,1228.727273,905.1818182,84,171.3636364,2485,906.8181818,99.09090909,146.5063291,1420.329114,849.7341772,70.62025316,142,1382,834,57.56097561,35,2746,857,35
201,187,1981.285714,943.9428571,113,170,1848.441176,929.7352941,100.2058824,235.8181818,3089.909091,1133,132.5454545,159.84,1027.6,871.84,79.4,193.25,1720.708333,998.0416667,102.5416667,210.125,3132.8125,1108.5,156.8125,176,1229,905,84,172.7272727,2482,905.6363636,100.1818182,146.6202532,1418.253165,849.9493671,70.78481013,142,1382,834,57.43902439,34.25,2723.5,859,34.25
202,187,1973.714286,943.8571429,113,170,1845.367647,929.7794118,100.3382353,235.4545455,3085.727273,1132,133.6363636,160.08,1027.2,872.08,78.8,192.5,1713.916667,997.5833333,101.5833333,209.5,3126.25,1108,157.25,176,1229.272727,904.8181818,84,174.0909091,2479,904.4545455,101.2727273,146.7341772,1416.177215,850.164557,70.94936709,142,1382,834,57.31707317,33.5,2701,861,33.5
203,187,1966.142857,943.7714286,113,170,1842.294118,929.8235294,100.4705882,235.0909091,3081.545455,1131,134.7272727,160.32,1026.8,872.32,78.2,191.75,1707.125,997.125,100.625,208.875,3119.6875,1107.5,157.6875,176,1229.545455,904.6363636,84,175.4545455,2476,903.2727273,102.3636364,146.8481013,1414.101266,850.3797468,71.11392405,142,1382,834,57.19512195,32.75,2678.5,863,32.75
204,187,1958.571429,943.6857143,113,170,1839.220588,929.8676471,100.6029412,234.7272727,3077.363636,1130,135.8181818,160.56,1026.4,872.56,77.6,191,1700.333333,996.6666667,99.66666667,208.25,3113.125,1107,158.125,176,1229.818182,904.4545455,84,176.8181818,2473,902.0909091,103.4545455,146.9620253,1412.025316,850.5949367,71.27848101,142,1382,834,57.07317073,32,2656,865,32
205,187,1951,943.6,113,170,1836.147059,929.9117647,100.7352941,234.3636364,3073.181818,1129,136.9090909,160.8,1026,872.8,77,190.25,1693.541667,996.2083333,98.70833333,207.625,3106.5625,1106.5,158.5625,176,1230.090909,904.2727273,84,178.1818182,2470,900.9090909,104.5454545,147.0759494,1409.949367,850.8101266,71.44303797,142,1382,834,56.95121951,31,2634.75,870,31.25
206,187,1943.428571,943.5142857,113,170,1833.073529,929.9558824,100.8676471,234,3069,1128,138,161.04,1025.6,873.04,76.4,189.5,1686.75,995.75,97.75,207,3100,1106,159,176,1230.363636,904.0909091,84,179.5454545,2467,899.7272727,105.6363636,147.1898734,1407.873418,851.0253165,71.60759494,142,1382,834,56.82926829,30,2613.5,875,30.5
207,187,1935.857143,943.4285714,113,170,1830,930,101,233.5714286,3066.357143,1126.571429,135.7142857,161.28,1025.2,873.28,75.8,188.75,1679.958333,995.2916667,96.79166667,206.8985507,3094,1105.289855,158.6956522,176,1230.636364,903.9090909,84,180.9090909,2464,898.5454545,106.7272727,147.3037975,1405.797468,851.2405063,71.7721519,142,1382,834,56.70731707,29,2592.25,880,29.75
208,187,1928.285714,943.3428571,113,170,1827.151515,929.9848485,101,233.1428571,3063.714286,1125.142857,133.4285714,161.52,1024.8,873.52,75.2,188,1673.166667,994.8333333,95.83333333,206.7971014,3088,1104.57971,158.3913043,176,1230.909091,903.7272727,84,182.2727273,2461,897.3636364,107.8181818,147.4177215,1403.721519,851.4556962,71.93670886,142,1382,834,56.58536585,28,2571,885,29
209,187,1920.714286,943.2571429,113,170,1824.30303,929.969697,101,232.7142857,3061.071429,1123.714286,131.1428571,161.76,1024.4,873.76,74.6,187.25,1666.375,994.375,94.875,206.6956522,3082,1103.869565,158.0869565,176,1231.181818,903.5454545,84,183.6363636,2458,896.1818182,108.9090909,147.5316456,1401.64557,851.6708861,72.10126582,142,1382,834,56.46341463,27.5,2552,892,28.5
210,187,1913.142857,943.1714286,113,170,1821.454545,929.9545455,101,232.2857143,3058.428571,1122.285714,128.8571429,162,1024,874,74,186.5,1659.583333,993.9166667,93.91666667,206.5942029,3076,1103.15942,157.7826087,176,1231.454545,903.3636364,84,185,2455,895,110,147.6455696,1399.56962,851.8860759,72.26582278,142,1382,834,56.34146341,27,2533,899,28
211,187,1905.571429,943.0857143,113,170,1818.606061,929.9393939,101,231.8571429,3055.785714,1120.857143,126.5714286,162.125,1023.125,874.1875,76.375,185.75,1652.791667,993.4583333,92.95833333,206.4927536,3070,1102.449275,157.4782609,176,1231.727273,903.1818182,84,179.5,2452,900.5,105.5,147.7594937,1397.493671,852.1012658,72.43037975,142,1382,834,56.2195122,27,2528.666667,903.3333333,28
212,187,1898,943,113,170,1815.757576,929.9242424,101,231.4285714,3053.142857,1119.428571,124.2857143,162.25,1022.25,874.375,78.75,185,1646,993,92,206.3913043,3064,1101.73913,157.173913,176,1232,903,84,174,2449,906,101,147.8734177,1395.417722,852.3164557,72.59493671,142,1382,834,56.09756098,27,2524.333333,907.6666667,28
213,187,1890.451613,942.5806452,113,170,1812.909091,929.9090909,101,231,3050.5,1118,122,162.375,1021.375,874.5625,81.125,184.9,1639.1,992.4,92.3,206.2898551,3058,1101.028986,156.8695652,176,1230.92,903.2,84,173.3571429,2447.928571,907,99.71428571,147.9873418,1393.341772,852.5316456,72.75949367,142,1382,834,55.97560976,27,2520,912,28
214,187,1882.903226,942.1612903,113,170,1810.060606,929.8939394,101,230.5714286,3047.857143,1116.571429,119.7142857,162.5,1020.5,874.75,83.5,184.8,1632.2,991.8,92.6,206.1884058,3052,1100.318841,156.5652174,176,1229.84,903.4,84,172.7142857,2446.857143,908,98.42857143,148.1012658,1391.265823,852.7468354,72.92405063,142,1382,834,55.85365854,27,2517,918.5,28
215,187,1875.354839,941.7419355,113,170,1807.212121,929.8787879,101,230.1428571,3045.214286,1115.142857,117.4285714,162.625,1019.625,874.9375,85.875,184.7,1625.3,991.2,92.9,206.0869565,3046,1099.608696,156.2608696,176,1228.76,903.6,84,172.0714286,2445.785714,909,97.14285714,148.2151899,1389.189873,852.9620253,73.08860759,142,1382,834,55.73170732,27,2514,925,28
216,187,1867.806452,941.3225806,113,170,1804.363636,929.8636364,101,229.7142857,3042.571429,1113.714286,115.1428571,162.75,1018.75,875.125,88.25,184.6,1618.4,990.6,93.2,205.9855072,3040,1098.898551,155.9565217,176,1227.68,903.8,84,171.4285714,2444.714286,910,95.85714286,148.3291139,1387.113924,853.1772152,73.25316456,142,1382,834,55.6097561,27,2512.142857,931.7142857,28
217,187,1860.258065,940.9032258,113,170,1801.515152,929.8484848,101,229.2857143,3039.928571,1112.285714,112.8571429,162.875,1017.875,875.3125,90.625,184.5,1611.5,990,93.5,205.884058,3034,1098.188406,155.6521739,176,1226.6,904,84,170.7857143,2443.642857,911,94.57142857,148.443038,1385.037975,853.3924051,73.41772152,142,1382,834,55.48780488,27,2510.285714,938.4285714,28
218,187,1852.709677,940.483871,113,170,1798.666667,929.8333333,101,228.8571429,3037.285714,1110.857143,110.5714286,163,1017,875.5,93,184.4,1604.6,989.4,93.8,205.7826087,3028,1097.478261,155.3478261,176,1225.52,904.2,84,170.1428571,2442.571429,912,93.28571429,148.556962,1382.962025,853.6075949,73.58227848,142,1382,834,55.36585366,27,2508.428571,945.1428571,28
219,187,1845.16129,940.0645161,113,170,1795.818182,929.8181818,101,228.4285714,3034.642857,1109.428571,108.2857143,163.125,1016.125,875.6875,95.375,184.3,1597.7,988.8,94.1,205.6811594,3022,1096.768116,155.0434783,176,1224.44,904.4,84,169.5,2441.5,913,92,148.6708861,1380.886076,853.8227848,73.74683544,142,1382,834,55.24390244,27,2506.571429,951.8571429,28
220,187,1837.612903,939.6451613,113,170,1792.969697,929.8030303,101,228,3032,1108,106,163.25,1015.25,875.875,97.75,184.2,1590.8,988.2,94.4,205.5797101,3016,1096.057971,154.7391304,176,1223.36,904.6,84,168.8571429,2440.428571,914,90.71428571,148.7848101,1378.810127,854.0379747,73.91139241,142,1382,834,55.12195122,27,2504.714286,958.5714286,28
221,187,1830.064516,939.2258065,113,170,1790.121212,929.7878788,101,227.9152542,3028.762712,1107.118644,106.1355932,163.375,1014.375,876.0625,100.125,184.1,1583.9,987.6,94.7,205.4782609,3010,1095.347826,154.4347826,176,1222.28,904.8,84,168.2142857,2439.357143,915,89.42857143,148.8987342,1376.734177,854.2531646,74.07594937,142,1382,834,55,27,2502.857143,965.2857143,28
222,187,1822.516129,938.8064516,113,170,1787.272727,929.7727273,101,227.8305085,3025.525424,1106.237288,106.2711864,163.5,1013.5,876.25,102.5,184,1577,987,95,205.3768116,3004,1094.637681,154.1304348,176,1221.2,905,84,167.5714286,2438.285714,916,88.14285714,149.0126582,1374.658228,854.4683544,74.24050633,142,1382,834,55.83333333,27,2501,972,28
223,187,1814.967742,938.3870968,113,170,1784.424242,929.7575758,101,227.7457627,3022.288136,1105.355932,106.4067797,163.625,1012.625,876.4375,104.875,183.9285714,1571.857143,986.25,95.35714286,205.2753623,2998,1093.927536,153.826087,176,1220.12,905.2,84,166.9285714,2437.214286,917,86.85714286,149.1265823,1372.582278,854.6835443,74.40506329,142,1382,834,56.66666667,26.33333333,2493,976.6666667,27.66666667
224,187,1807.419355,937.9677419,113,170,1781.575758,929.7424242,101,227.6610169,3019.050847,1104.474576,106.5423729,163.75,1011.75,876.625,107.25,183.8571429,1566.714286,985.5,95.71428571,205.173913,2992,1093.217391,153.5217391,176,1219.04,905.4,84,166.2857143,2436.142857,918,85.57142857,149.2405063,1370.506329,854.8987342,74.56962025,142,1382,834,57.5,25.66666667,2485,981.3333333,27.33333333
225,187,1799.870968,937.5483871,113,170,1778.727273,929.7272727,101,227.5762712,3015.813559,1103.59322,106.6779661,163.875,1010.875,876.8125,109.625,183.7857143,1561.571429,984.75,96.07142857,205.0724638,2986,1092.507246,153.2173913,176,1217.96,905.6,84,165.6428571,2435.071429,919,84.28571429,149.3544304,1368.43038,855.1139241,74.73417722,142,1382,834,58.33333333,25,2477,986,27
226,187,1792.322581,937.1290323,113,170,1775.878788,929.7121212,101,227.4915254,3012.576271,1102.711864,106.8135593,164,1010,877,112,183.7142857,1556.428571,984,96.42857143,204.9710145,2980,1091.797101,152.9130435,176,1216.88,905.8,84,165,2434,920,83,149.4683544,1366.35443,855.3291139,74.89873418,142,1382,834,59.16666667,24.5,2464.5,985.5,27
227,187,1784.774194,936.7096774,113,170,1773.030303,929.6969697,101,227.4067797,3009.338983,1101.830508,106.9491525,164.9047619,1009.333333,876,111.6190476,183.6428571,1551.285714,983.25,96.78571429,204.8695652,2974,1091.086957,152.6086957,176,1215.8,906,84,164,2429.285714,921,86.42857143,149.5822785,1364.278481,855.5443038,75.06329114,142,1382,834,60,24,2452,985,27
228,187,1777.225806,936.2903226,113,170,1770.181818,929.6818182,101,227.3220339,3006.101695,1100.949153,107.0847458,165.8095238,1008.666667,875,111.2380952,183.5714286,1546.142857,982.5,97.14285714,204.7681159,2968,1090.376812,152.3043478,176,1214.72,906.2,84,163,2424.571429,922,89.85714286,149.6962025,1362.202532,855.7594937,75.2278481,142,1382,834,60.83333333,25,2441,980.5,27
229,187,1769.677419,935.8709677,113,170,1767.333333,929.6666667,101,227.2372881,3002.864407,1100.067797,107.220339,166.7142857,1008,874,110.8571429,183.5,1541,981.75,97.5,204.6666667,2962,1089.666667,152,176,1213.64,906.4,84,162,2419.857143,923,93.28571429,149.8101266,1360.126582,855.9746835,75.39240506,142,1382,834,61.66666667,26,2430,976,27
230,187,1762.129032,935.4516129,113,170,1764.484848,929.6515152,101,227.1525424,2999.627119,1099.186441,107.3559322,167.6190476,1007.333333,873,110.4761905,183.4285714,1535.857143,981,97.85714286,204.5652174,2956,1088.956522,151.6956522,176,1212.56,906.6,84,161,2415.142857,924,96.71428571,149.9240506,1358.050633,856.1898734,75.55696203,142,1382,834,62.5,26.5,2422,971.5,27.5
231,187,1754.580645,935.0322581,113,170,1761.636364,929.6363636,101,227.0677966,2996.389831,1098.305085,107.4915254,168.5238095,1006.666667,872,110.0952381,183.3571429,1530.714286,980.25,98.21428571,204.4637681,2950,1088.246377,151.3913043,176,1211.48,906.8,84,160,2410.428571,925,100.1428571,150.0379747,1355.974684,856.4050633,75.72151899,142,1382,834,63.33333333,27,2414,967,28
232,187,1747.032258,934.6129032,113,170,1758.787879,929.6212121,101,226.9830508,2993.152542,1097.423729,107.6271186,169.4285714,1006,871,109.7142857,183.2857143,1525.571429,979.5,98.57142857,204.3623188,2944,1087.536232,151.0869565,176,1210.4,907,84,159,2405.714286,926,103.5714286,150.1518987,1353.898734,856.6202532,75.88607595,142,1382,834,64.16666667,27,2408.333333,965,28
233,187,1739.483871,934.1935484,113,170,1755.939394,929.6060606,101,226.8983051,2989.915254,1096.542373,107.7627119,170.3333333,1005.333333,870,109.3333333,183.2142857,1520.428571,978.75,98.92857143,204.2608696,2938,1086.826087,150.7826087,176,1209.32,907.2,84,158,2401,927,107,150.2658228,1351.822785,856.835443,76.05063291,142,1382,834,65,27,2402.666667,963,28
234,187,1731.935484,933.7741935,113,170,1753.090909,929.5909091,101,226.8135593,2986.677966,1095.661017,107.8983051,171.2380952,1004.666667,869,108.952381,183.1428571,1515.285714,978,99.28571429,204.1594203,2932,1086.115942,150.4782609,176,1208.24,907.4,84,158,2396,926.75,109.75,150.3797468,1349.746835,857.0506329,76.21518987,142,1382,834,65.83333333,27,2397,961,28
235,187,1724.387097,933.3548387,113,170,1750.242424,929.5757576,101,226.7288136,2983.440678,1094.779661,108.0338983,172.1428571,1004,868,108.5714286,183.0714286,1510.142857,977.25,99.64285714,204.057971,2926,1085.405797,150.173913,176,1207.16,907.6,84,158,2391,926.5,112.5,150.4936709,1347.670886,857.2658228,76.37974684,142,1382,834,66.66666667,27,2389,963.6666667,28
236,187,1716.83871,932.9354839,113,170,1747.393939,929.5606061,101,226.6440678,2980.20339,1093.898305,108.1694915,173.047619,1003.333333,867,108.1904762,183,1505,976.5,100,203.9565217,2920,1084.695652,149.8695652,176,1206.08,907.8,84,158,2386,926.25,115.25,150.6075949,1345.594937,857.4810127,76.5443038,142,1382,834,67.5,27,2381,966.3333333,28
237,187,1709.290323,932.516129,113,170,1744.545455,929.5454545,101,226.559322,2976.966102,1093.016949,108.3050847,173.952381,1002.666667,866,107.8095238,182.9285714,1499.857143,975.75,100.3571429,203.8550725,2914,1083.985507,149.5652174,176,1205,908,84,158,2381,926,118,150.721519,1343.518987,857.6962025,76.70886076,142,1382,834,68.33333333,27,2373,969,28
238,187,1701.741935,932.0967742,113,170,1741.69697,929.530303,101,226.4745763,2973.728814,1092.135593,108.440678,174.8571429,1002,865,107.4285714,182.8571429,1494.714286,975,100.7142857,203.7536232,2908,1083.275362,149.2608696,176,1204.777778,907.8333333,84,159,2379.166667,926.1666667,113.1666667,150.835443,1341.443038,857.9113924,76.87341772,142,1382,834,69.16666667,27,2364.75,980,28
239,187,1694.193548,931.6774194,113,170,1738.848485,929.5151515,101,226.3898305,2970.491525,1091.254237,108.5762712,175.7619048,1001.333333,864,107.047619,182.7857143,1489.571429,974.25,101.0714286,203.6521739,2902,1082.565217,148.9565217,176,1204.555556,907.6666667,84,160,2377.333333,926.3333333,108.3333333,150.9493671,1339.367089,858.1265823,77.03797468,142,1382,834,70,27,2356.5,991,28
240,187,1686.645161,931.2580645,113,170,1736,929.5,101,226.3050847,2967.254237,1090.372881,108.7118644,176.6666667,1000.666667,863,106.6666667,182.7142857,1484.428571,973.5,101.4285714,203.5507246,2896,1081.855072,148.6521739,176,1204.333333,907.5,84,161,2375.5,926.5,103.5,151.0632911,1337.291139,858.3417722,77.20253165,142,1382,834,70.83333333,27,2348.25,1002,28
241,187,1679.096774,930.8387097,113,170,1733.151515,929.4848485,101,226.220339,2964.016949,1089.491525,108.8474576,177.5714286,1000,862,106.2857143,182.6428571,1479.285714,972.75,101.7857143,203.4492754,2890,1081.144928,148.3478261,176,1204.111111,907.3333333,84,162,2373.666667,926.6666667,98.66666667,151.1772152,1335.21519,858.556962,77.36708861,142,1382,834,71.66666667,27,2340,1013,28
242,187,1671.548387,930.4193548,113,170,1730.30303,929.469697,101,226.1355932,2960.779661,1088.610169,108.9830508,178.4761905,999.3333333,861,105.9047619,182.5714286,1474.142857,972,102.1428571,203.3478261,2884,1080.434783,148.0434783,176,1203.888889,907.1666667,84,163,2371.833333,926.8333333,93.83333333,151.2911392,1333.139241,858.7721519,77.53164557,142,1382,834,72.5,27,2331.666667,1026.666667,28
243,187,1664,930,113,170,1727.454545,929.4545455,101,226.0508475,2957.542373,1087.728814,109.1186441,179.3809524,998.6666667,860,105.5238095,182.5,1469,971.25,102.5,203.2463768,2878,1079.724638,147.7391304,176,1203.666667,907,84,164,2370,927,89,151.4050633,1331.063291,858.9873418,77.69620253,142,1382,834,73.33333333,27,2323.333333,1040.333333,28
244,186.7666667,1657.766667,929.8333333,112.6,170,1724.606061,929.4393939,101,225.9661017,2954.305085,1086.847458,109.2542373,180.2857143,998,859,105.1428571,182.4285714,1463.857143,970.5,102.8571429,203.1449275,2872,1079.014493,147.4347826,176,1203.444444,906.8333333,84,164,2363.230769,926.8461538,90.61538462,151.5189873,1328.987342,859.2025316,77.86075949,142,1382,834,74.16666667,27,2315,1054,28
245,186.5333333,1651.533333,929.6666667,112.2,170,1721.757576,929.4242424,101,225.8813559,2951.067797,1085.966102,109.3898305,181.1904762,997.3333333,858,104.7619048,182.3571429,1458.714286,969.75,103.2142857,203.0434783,2866,1078.304348,147.1304348,176,1203.222222,906.6666667,84,164,2356.461538,926.6923077,92.23076923,151.6329114,1326.911392,859.4177215,78.02531646,142,1382,834,75,27,2312,1046,28
246,186.3,1645.3,929.5,111.8,170,1718.909091,929.4090909,101,225.7966102,2947.830508,1085.084746,109.5254237,182.0952381,996.6666667,857,104.3809524,182.2857143,1453.571429,969,103.5714286,202.942029,2860,1077.594203,146.826087,176,1203,906.5,84,164,2349.692308,926.5384615,93.84615385,151.7468354,1324.835443,859.6329114,78.18987342,142,1382,834,75.83333333,27,2309,1035.5,28
247,186.0666667,1639.066667,929.3333333,111.4,170,1716.060606,929.3939394,101,225.7118644,2944.59322,1084.20339,109.6610169,183,996,856,104,182.2142857,1448.428571,968.25,103.9285714,202.8405797,2854,1076.884058,146.5217391,176,1202.777778,906.3333333,84,164,2342.923077,926.3846154,95.46153846,151.8607595,1322.759494,859.8481013,78.35443038,142,1382,834,76.66666667,27,2306,1025,28
248,185.8333333,1632.833333,929.1666667,111,170,1713.212121,929.3787879,101,225.6271186,2941.355932,1083.322034,109.7966102,183.2857143,998.1071429,855.5714286,103.1071429,182.1428571,1443.285714,967.5,104.2857143,202.7391304,2848,1076.173913,146.2173913,176,1202.555556,906.1666667,84,164,2336.153846,926.2307692,97.07692308,151.9746835,1320.683544,860.0632911,78.51898734,142,1382,834,77.5,27,2303,1017,28
249,185.6,1626.6,929,110.6,170,1710.363636,929.3636364,101,225.5423729,2938.118644,1082.440678,109.9322034,183.5714286,1000.214286,855.1428571,102.2142857,182.0714286,1438.142857,966.75,104.6428571,202.6376812,2842,1075.463768,145.9130435,176,1202.333333,906,84,164,2329.384615,926.0769231,98.69230769,152.0886076,1318.607595,860.278481,78.6835443,142,1382,834,78.33333333,27,2300,1009,28
250,185.3666667,1620.366667,928.8333333,110.2,170,1707.515152,929.3484848,101,225.4576271,2934.881356,1081.559322,110.0677966,183.8571429,1002.321429,854.7142857,101.3214286,182,1433,966,105,202.5362319,2836,1074.753623,145.6086957,176,1202.111111,905.8333333,84,164,2322.615385,925.9230769,100.3076923,152.2025316,1316.531646,860.4936709,78.84810127,142,1382,834,79.16666667,27,2297.25,1002.75,28
251,185.1333333,1614.133333,928.6666667,109.8,170,1704.666667,929.3333333,101,225.3728814,2931.644068,1080.677966,110.2033898,184.1428571,1004.428571,854.2857143,100.4285714,181.8823529,1428.470588,965.7058824,105.3529412,202.4347826,2830,1074.043478,145.3043478,176,1201.888889,905.6666667,84,164,2315.846154,925.7692308,101.9230769,152.3164557,1314.455696,860.7088608,79.01265823,142,1382,834,80,27,2294.5,996.5,28
252,184.9,1607.9,928.5,109.4,170,1701.818182,929.3181818,101,225.2881356,2928.40678,1079.79661,110.3389831,184.4285714,1006.535714,853.8571429,99.53571429,181.7647059,1423.941176,965.4117647,105.7058824,202.3333333,2824,1073.333333,145,176,1201.666667,905.5,84,164,2309.076923,925.6153846,103.5384615,152.4303797,1312.379747,860.9240506,79.17721519,142,1382,834,80.83333333,27,2291.75,990.25,28
253,184.6666667,1601.666667,928.3333333,109,170,1698.969697,929.3030303,101,225.2033898,2925.169492,1078.915254,110.4745763,184.7142857,1008.642857,853.4285714,98.64285714,181.6470588,1419.411765,965.1176471,106.0588235,202.2318841,2818,1072.623188,144.6956522,176,1201.444444,905.3333333,84,164,2302.307692,925.4615385,105.1538462,152.5443038,1310.303797,861.1392405,79.34177215,142,1382,834,81.66666667,27,2289,984,28
254,184.4333333,1595.433333,928.1666667,108.6,170,1696.121212,929.2878788,101,225.1186441,2921.932203,1078.033898,110.6101695,185,1010.75,853,97.75,181.5294118,1414.882353,964.8235294,106.4117647,202.1304348,2812,1071.913043,144.3913043,176,1201.222222,905.1666667,84,164,2295.538462,925.3076923,106.7692308,152.6582278,1308.227848,861.3544304,79.50632911,142,1382,834,82.5,27,2284.333333,981.3333333,28
255,184.2,1589.2,928,108.2,170,1693.272727,929.2727273,101,225.0338983,2918.694915,1077.152542,110.7457627,185.2857143,1012.857143,852.5714286,96.85714286,181.4117647,1410.352941,964.5294118,106.7647059,202.0289855,2806,1071.202899,144.0869565,176,1201,905,84,164,2288.769231,925.1538462,108.3846154,152.7721519,1306.151899,861.5696203,79.67088608,142,1382,834,83.33333333,27,2279.666667,978.6666667,28
256,183.9666667,1582.966667,927.8333333,107.8,170,1690.424242,929.2575758,101,224.9491525,2915.457627,1076.271186,110.8813559,185.5714286,1014.964286,852.1428571,95.96428571,181.2941176,1405.823529,964.2352941,107.1176471,201.9275362,2800,1070.492754,143.7826087,176,1201.692308,905.3076923,84,164,2282,925,110,152.8860759,1304.075949,861.7848101,79.83544304,142,1382,834,84.16666667,27,2275,976,28
257,183.7333333,1576.733333,927.6666667,107.4,170,1687.575758,929.2424242,101,224.8644068,2912.220339,1075.389831,111.0169492,185.8571429,1017.071429,851.7142857,95.07142857,181.1764706,1401.294118,963.9411765,107.4705882,201.826087,2794,1069.782609,143.4782609,176,1202.384615,905.6153846,84,164,2275.25,924.8333333,108.9166667,153,1302,862,80,142,1382,834,85,27,2269.5,976,28
258,183.5,1570.5,927.5,107,170,1684.727273,929.2272727,101,224.779661,2908.983051,1074.508475,111.1525424,186.1428571,1019.178571,851.2857143,94.17857143,181.0588235,1396.764706,963.6470588,107.8235294,201.7246377,2788,1069.072464,143.173913,176,1203.076923,905.9230769,84,164,2268.5,924.6666667,107.8333333,152.7111111,1301.8,861.8888889,80.24444444,142,1382.102564,834.025641,84.79487179,27,2264,976,28
259,183.2666667,1564.266667,927.3333333,106.6,170,1681.878788,929.2121212,101,224.6949153,2905.745763,1073.627119,111.2881356,186.4285714,1021.285714,850.8571429,93.28571429,180.9411765,1392.235294,963.3529412,108.1764706,201.6231884,2782,1068.362319,142.8695652,176,1203.769231,906.2307692,84,164,2261.75,924.5,106.75,152.4222222,1301.6,861.7777778,80.48888889,142,1382.205128,834.0512821,84.58974359,27,2258.5,976,28
260,183.0333333,1558.033333,927.1666667,106.2,170,1679.030303,929.1969697,101,224.6101695,2902.508475,1072.745763,111.4237288,186.7142857,1023.392857,850.4285714,92.39285714,180.8235294,1387.705882,963.0588235,108.5294118,201.5217391,2776,1067.652174,142.5652174,176,1204.461538,906.5384615,84,164,2255,924.3333333,105.6666667,152.1333333,1301.4,861.6666667,80.73333333,142,1382.307692,834.0769231,84.38461538,27,2253,976,28
261,182.8,1551.8,927,105.8,170,1676.181818,929.1818182,101,224.5254237,2899.271186,1071.864407,111.559322,187,1025.5,850,91.5,180.7058824,1383.176471,962.7647059,108.8823529,201.4202899,2770,1066.942029,142.2608696,176,1205.153846,906.8461538,84,164,2248.25,924.1666667,104.5833333,151.8444444,1301.2,861.5555556,80.97777778,142,1382.410256,834.1025641,84.17948718,27,2242.666667,982.3333333,28
262,182.5666667,1545.566667,926.8333333,105.4,170,1673.333333,929.1666667,101,224.440678,2896.033898,1070.983051,111.6949153,187.2857143,1027.607143,849.5714286,90.60714286,180.5882353,1378.647059,962.4705882,109.2352941,201.3188406,2764,1066.231884,141.9565217,176,1205.846154,907.1538462,84,164,2241.5,924,103.5,151.5555556,1301,861.4444444,81.22222222,142,1382.512821,834.1282051,83.97435897,27,2232.333333,988.6666667,28
263,182.3333333,1539.333333,926.6666667,105,170,1670.484848,929.1515152,101,224.3559322,2892.79661,1070.101695,111.8305085,187.5714286,1029.714286,849.1428571,89.71428571,180.4705882,1374.117647,962.1764706,109.5882353,201.2173913,2758,1065.521739,141.6521739,176,1206.538462,907.4615385,84,164,2234.75,923.8333333,102.4166667,151.2666667,1300.8,861.3333333,81.46666667,142,1382.615385,834.1538462,83.76923077,27,2222,995,28
264,182.1,1533.1,926.5,104.6,170,1667.636364,929.1363636,101,224.2711864,2889.559322,1069.220339,111.9661017,187.8571429,1031.821429,848.7142857,88.82142857,180.3529412,1369.588235,961.8823529,109.9411765,201.115942,2752,1064.811594,141.3478261,176,1207.230769,907.7692308,84,164,2228,923.6666667,101.3333333,150.9777778,1300.6,861.2222222,81.71111111,142,1382.717949,834.1794872,83.56410256,27,2211.333333,1005.666667,28
265,181.8666667,1526.866667,926.3333333,104.2,170,1664.787879,929.1212121,101,224.1864407,2886.322034,1068.338983,112.1016949,188.1428571,1033.928571,848.2857143,87.92857143,180.2352941,1365.058824,961.5882353,110.2941176,201.0144928,2746,1064.101449,141.0434783,176,1207.923077,908.0769231,84,164,2221.25,923.5,100.25,150.6888889,1300.4,861.1111111,81.95555556,142,1382.820513,834.2051282,83.35897436,27,2200.666667,1016.333333,28
266,181.6333333,1520.633333,926.1666667,103.8,170,1661.939394,929.1060606,101,224.1016949,2883.084746,1067.457627,112.2372881,188.4285714,1036.035714,847.8571429,87.03571429,180.1176471,1360.529412,961.2941176,110.6470588,200.9130435,2740,1063.391304,140.7391304,176,1208.615385,908.3846154,84,164,2214.5,923.3333333,99.16666667,150.4,1300.2,861,82.2,142,1382.923077,834.2307692,83.15384615,27,2190,1027,28
267,181.4,1514.4,926,103.4,170,1659.090909,929.0909091,101,224.0169492,2879.847458,1066.576271,112.3728814,188.7142857,1038.142857,847.4285714,86.14285714,180,1356,961,111,200.8115942,2734,1062.681159,140.4347826,176,1209.307692,908.6923077,84,164,2207.75,923.1666667,98.08333333,150.1111111,1300,860.8888889,82.44444444,142,1383.025641,834.2564103,82.94871795,27,2181.5,1036,28
268,181.1666667,1508.166667,925.8333333,103,170,1656.242424,929.0757576,101,223.9322034,2876.610169,1065.694915,112.5084746,189,1040.25,847,85.25,179.9545455,1352.727273,960.8181818,110.4545455,200.7101449,2728,1061.971014,140.1304348,176,1210,909,84,164,2201,923,97,149.8222222,1299.8,860.7777778,82.68888889,142,1383.128205,834.2820513,82.74358974,27,2173,1045,28
269,180.9333333,1501.933333,925.6666667,102.6,170,1653.393939,929.0606061,101,223.8474576,2873.372881,1064.813559,112.6440678,189.2857143,1042.357143,846.5714286,84.35714286,179.9090909,1349.454545,960.6363636,109.9090909,200.6086957,2722,1061.26087,139.826087,176,1210.823529,908.7647059,84,164.8484848,2194.060606,921.7878788,96.60606061,149.5333333,1299.6,860.6666667,82.93333333,142,1383.230769,834.3076923,82.53846154,27,2169,1034,28
270,180.7,1495.7,925.5,102.2,170,1650.545455,929.0454545,101,223.7627119,2870.135593,1063.932203,112.779661,189.5714286,1044.464286,846.1428571,83.46428571,179.8636364,1346.181818,960.4545455,109.3636364,200.5072464,2716,1060.550725,139.5217391,176,1211.647059,908.5294118,84,165.6969697,2187.121212,920.5757576,96.21212121,149.2444444,1299.4,860.5555556,83.17777778,142,1383.333333,834.3333333,82.33333333,27,2165,1023,28
271,180.4666667,1489.466667,925.3333333,101.8,170,1647.69697,929.030303,101,223.6779661,2866.898305,1063.050847,112.9152542,189.8571429,1046.571429,845.7142857,82.57142857,179.8181818,1342.909091,960.2727273,108.8181818,200.4057971,2710,1059.84058,139.2173913,176,1212.470588,908.2941176,84,166.5454545,2180.181818,919.3636364,95.81818182,148.9555556,1299.2,860.4444444,83.42222222,142,1383.435897,834.3589744,82.12820513,27,2161,1012,28
272,180.2333333,1483.233333,925.1666667,101.4,170,1644.848485,929.0151515,101,223.5932203,2863.661017,1062.169492,113.0508475,190.1428571,1048.678571,845.2857143,81.67857143,179.7727273,1339.636364,960.0909091,108.2727273,200.3043478,2704,1059.130435,138.9130435,176,1213.294118,908.0588235,84,167.3939394,2173.242424,918.1515152,95.42424242,148.6666667,1299,860.3333333,83.66666667,142,1383.538462,834.3846154,81.92307692,27,2156.666667,1002,28
273,180,1477,925,101,170,1642,929,101,223.5084746,2860.423729,1061.288136,113.1864407,190.4285714,1050.785714,844.8571429,80.78571429,179.7272727,1336.363636,959.9090909,107.7272727,200.2028986,2698,1058.42029,138.6086957,176,1214.117647,907.8235294,84,168.2424242,2166.30303,916.9393939,95.03030303,148.3777778,1298.8,860.2222222,83.91111111,142,1383.641026,834.4102564,81.71794872,27,2152.333333,992,28
274,179.7777778,1472.222222,924.8888889,100.5555556,170.0555556,1641,928.8888889,100.5555556,223.4237288,2857.186441,1060.40678,113.3220339,190.7142857,1052.892857,844.4285714,79.89285714,179.6818182,1333.090909,959.7272727,107.1818182,200.1014493,2692,1057.710145,138.3043478,176,1214.941176,907.5882353,84,169.0909091,2159.363636,915.7272727,94.63636364,148.0888889,1298.6,860.1111111,84.15555556,142,1383.74359,834.4358974,81.51282051,27,2148,982,28
275,179.5555556,1467.444444,924.7777778,100.1111111,170.1111111,1640,928.7777778,100.1111111,223.3389831,2853.949153,1059.525424,113.4576271,191,1055,844,79,179.6363636,1329.818182,959.5454545,106.6363636,200,2686,1057,138,176,1215.764706,907.3529412,84,169.9393939,2152.424242,914.5151515,94.24242424,147.8,1298.4,860,84.4,142,1383.846154,834.4615385,81.30769231,27,2144.5,975,28
276,179.3333333,1462.666667,924.6666667,99.66666667,170.1666667,1639,928.6666667,99.66666667,223.2542373,2850.711864,1058.644068,113.5932203,191.2857143,1058,843.0714286,78.78571429,179.5909091,1326.545455,959.3636364,106.0909091,200.0875,2680.7125,1056.575,137.4875,176,1216.588235,907.1176471,84,170.7878788,2145.484848,913.3030303,93.84848485,147.5111111,1298.2,859.8888889,84.64444444,142,1383.948718,834.4871795,81.1025641,27,2141,968,28
277,179.1111111,1457.888889,924.5555556,99.22222222,170.2222222,1638,928.5555556,99.22222222,223.1694915,2847.474576,1057.762712,113.7288136,191.5714286,1061,842.1428571,78.57142857,179.5454545,1323.272727,959.1818182,105.5454545,200.175,2675.425,1056.15,136.975,176,1217.411765,906.8823529,84,171.6363636,2138.545455,912.0909091,93.45454545,147.2222222,1298,859.7777778,84.88888889,142,1384.051282,834.5128205,80.8974359,27,2136.333333,962.6666667,28
278,178.8888889,1453.111111,924.4444444,98.77777778,170.2777778,1637,928.4444444,98.77777778,223.0847458,2844.237288,1056.881356,113.8644068,191.8571429,1064,841.2142857,78.35714286,179.5,1320,959,105,200.2625,2670.1375,1055.725,136.4625,176,1218.235294,906.6470588,84,172.4848485,2131.606061,910.8787879,93.06060606,146.9333333,1297.8,859.6666667,85.13333333,142,1384.153846,834.5384615,80.69230769,27,2131.666667,957.3333333,28
279,178.6666667,1448.333333,924.3333333,98.33333333,170.3333333,1636,928.3333333,98.33333333,223,2841,1056,114,192.1428571,1067,840.2857143,78.14285714,179.4545455,1316.727273,958.8181818,104.4545455,200.35,2664.85,1055.3,135.95,176,1219.058824,906.4117647,84,173.3333333,2124.666667,909.6666667,92.66666667,146.6444444,1297.6,859.5555556,85.37777778,142,1384.25641,834.5641026,80.48717949,27,2127,952,28
280,178.4444444,1443.555556,924.2222222,97.88888889,170.3888889,1635,928.2222222,97.88888889,222.7222222,2838.944444,1054.611111,113.7777778,192.4285714,1070,839.3571429,77.92857143,179.4090909,1313.454545,958.6363636,103.9090909,200.4375,2659.5625,1054.875,135.4375,176,1219.882353,906.1764706,84,174.1818182,2117.727273,908.4545455,92.27272727,146.3555556,1297.4,859.4444444,85.62222222,142,1384.358974,834.5897436,80.28205128,27,2123.333333,949.3333333,28
281,178.2222222,1438.777778,924.1111111,97.44444444,170.4444444,1634,928.1111111,97.44444444,222.4444444,2836.888889,1053.222222,113.5555556,192.7142857,1073,838.4285714,77.71428571,179.3636364,1310.181818,958.4545455,103.3636364,200.525,2654.275,1054.45,134.925,176,1220.705882,905.9411765,84,175.030303,2110.787879,907.2424242,91.87878788,146.0666667,1297.2,859.3333333,85.86666667,142,1384.461538,834.6153846,80.07692308,27,2119.666667,946.6666667,28
282,178,1434,924,97,170.5,1633,928,97,222.1666667,2834.833333,1051.833333,113.3333333,193,1076,837.5,77.5,179.3181818,1306.909091,958.2727273,102.8181818,200.6125,2648.9875,1054.025,134.4125,176,1221.529412,905.7058824,84,175.8787879,2103.848485,906.030303,91.48484848,145.7777778,1297,859.2222222,86.11111111,142,1384.564103,834.6410256,79.87179487,27,2116,944,28
283,177.826087,1428.434783,923.7826087,96.56521739,170.5555556,1632,927.8888889,96.55555556,221.8888889,2832.777778,1050.444444,113.1111111,193.2857143,1079,836.5714286,77.28571429,179.2727273,1303.636364,958.0909091,102.2727273,200.7,2643.7,1053.6,133.9,176,1222.352941,905.4705882,84,176.7272727,2096.909091,904.8181818,91.09090909,145.4888889,1296.8,859.1111111,86.35555556,142,1384.666667,834.6666667,79.66666667,27,2111,942.5,28
284,177.6521739,1422.869565,923.5652174,96.13043478,170.6111111,1631,927.7777778,96.11111111,221.6111111,2830.722222,1049.055556,112.8888889,193.5714286,1082,835.6428571,77.07142857,179.2272727,1300.363636,957.9090909,101.7272727,200.7875,2638.4125,1053.175,133.3875,176,1223.176471,905.2352941,84,177.5757576,2089.969697,903.6060606,90.6969697,145.2,1296.6,859,86.6,142,1384.769231,834.6923077,79.46153846,27,2106,941,28
285,177.4782609,1417.304348,923.3478261,95.69565217,170.6666667,1630,927.6666667,95.66666667,221.3333333,2828.666667,1047.666667,112.6666667,193.8571429,1085,834.7142857,76.85714286,179.1818182,1297.090909,957.7272727,101.1818182,200.875,2633.125,1052.75,132.875,176,1224,905,84,178.4242424,2083.030303,902.3939394,90.3030303,144.9111111,1296.4,858.8888889,86.84444444,142,1384.871795,834.7179487,79.25641026,27,2101.6,938.2,28
286,177.3043478,1411.73913,923.1304348,95.26086957,170.7222222,1629,927.5555556,95.22222222,221.0555556,2826.611111,1046.277778,112.4444444,194.1428571,1088,833.7857143,76.64285714,179.1363636,1293.818182,957.5454545,100.6363636,200.9625,2627.8375,1052.325,132.3625,176.3,1222.2,905.1,84.6,179.2727273,2076.090909,901.1818182,89.90909091,144.6222222,1296.2,858.7777778,87.08888889,142,1384.974359,834.7435897,79.05128205,27,2097.2,935.4,28
287,177.1304348,1406.173913,922.9130435,94.82608696,170.7777778,1628,927.4444444,94.77777778,220.7777778,2824.555556,1044.888889,112.2222222,194.4285714,1091,832.8571429,76.42857143,179.0909091,1290.545455,957.3636364,100.0909091,201.05,2622.55,1051.9,131.85,176.6,1220.4,905.2,85.2,180.1212121,2069.151515,899.969697,89.51515152,144.3333333,1296,858.6666667,87.33333333,142,1385.076923,834.7692308,78.84615385,27,2092.8,932.6,28
288,176.9565217,1400.608696,922.6956522,94.39130435,170.8333333,1627,927.3333333,94.33333333,220.5,2822.5,1043.5,112,194.7142857,1094,831.9285714,76.21428571,179.0454545,1287.272727,957.1818182,99.54545455,201.1375,2617.2625,1051.475,131.3375,176.9,1218.6,905.3,85.8,180.969697,2062.212121,898.7575758,89.12121212,144.0444444,1295.8,858.5555556,87.57777778,142,1385.179487,834.7948718,78.64102564,27,2088.4,929.8,28
289,176.7826087,1395.043478,922.4782609,93.95652174,170.8888889,1626,927.2222222,93.88888889,220.2222222,2820.444444,1042.111111,111.7777778,195,1097,831,76,179,1284,957,99,201.225,2611.975,1051.05,130.825,177.2,1216.8,905.4,86.4,181.8181818,2055.272727,897.5454545,88.72727273,143.7555556,1295.6,858.4444444,87.82222222,142,1385.282051,834.8205128,78.43589744,27,2084,927,28
290,176.6086957,1389.478261,922.2608696,93.52173913,170.9444444,1625,927.1111111,93.44444444,219.9444444,2818.388889,1040.722222,111.5555556,194.6666667,1100.25,831.3333333,76.25,178.9375,1281,956.75,98.5,201.3125,2606.6875,1050.625,130.3125,177.5,1215,905.5,87,182.6666667,2048.333333,896.3333333,88.33333333,143.4666667,1295.4,858.3333333,88.06666667,142,1385.384615,834.8461538,78.23076923,27,2080.75,925.5,28
291,176.4347826,1383.913043,922.0434783,93.08695652,171,1624,927,93,219.6666667,2816.333333,1039.333333,111.3333333,194.3333333,1103.5,831.6666667,76.5,178.875,1278,956.5,98,201.4,2601.4,1050.2,129.8,177.8,1213.2,905.6,87.6,183.5151515,2041.393939,895.1212121,87.93939394,143.1777778,1295.2,858.2222222,88.31111111,142,1385.487179,834.8717949,78.02564103,27,2077.5,924,28
292,176.2608696,1378.347826,921.826087,92.65217391,171,1623.866667,926.3,92.5,219.3888889,2814.277778,1037.944444,111.1111111,194,1106.75,832,76.75,178.8125,1275,956.25,97.5,201.4875,2596.1125,1049.775,129.2875,178.1,1211.4,905.7,88.2,184.3636364,2034.454545,893.9090909,87.54545455,142.8888889,1295,858.1111111,88.55555556,142,1385.589744,834.8974359,77.82051282,27,2074.25,922.5,28
293,176.0869565,1372.782609,921.6086957,92.2173913,171,1623.733333,925.6,92,219.1111111,2812.222222,1036.555556,110.8888889,193.6666667,1110,832.3333333,77,178.75,1272,956,97,201.575,2590.825,1049.35,128.775,178.4,1209.6,905.8,88.8,185.2121212,2027.515152,892.6969697,87.15151515,142.6,1294.8,858,88.8,142,1385.692308,834.9230769,77.61538462,27,2071,921,28
294,175.9130435,1367.217391,921.3913043,91.7826087,171,1623.6,924.9,91.5,218.8333333,2810.166667,1035.166667,110.6666667,193.3333333,1113.25,832.6666667,77.25,178.6875,1269,955.75,96.5,201.6625,2585.5375,1048.925,128.2625,178.7,1207.8,905.9,89.4,186.0606061,2020.575758,891.4848485,86.75757576,142.3111111,1294.6,857.8888889,89.04444444,142,1385.794872,834.9487179,77.41025641,27,2064.5,919,28
295,175.7391304,1361.652174,921.173913,91.34782609,171,1623.466667,924.2,91,218.5555556,2808.111111,1033.777778,110.4444444,193,1116.5,833,77.5,178.625,1266,955.5,96,201.75,2580.25,1048.5,127.75,179,1206,906,90,186.9090909,2013.636364,890.2727273,86.36363636,142.0222222,1294.4,857.7777778,89.28888889,142,1385.897436,834.974359,77.20512821,27,2058,917,28
296,175.5652174,1356.086957,920.9565217,90.91304348,171,1623.333333,923.5,90.5,218.2777778,2806.055556,1032.388889,110.2222222,192.6666667,1119.75,833.3333333,77.75,178.5625,1263,955.25,95.5,201.8375,2574.9625,1048.075,127.2375,178.6470588,1205.882353,905.8823529,90.05882353,187.7575758,2006.69697,889.0606061,85.96969697,141.7333333,1294.2,857.6666667,89.53333333,142,1386,835,77,27,2051,915,28
297,175.3913043,1350.521739,920.7391304,90.47826087,171,1623.2,922.8,90,218,2804,1031,110,192.3333333,1123,833.6666667,78,178.5,1260,955,95,201.925,2569.675,1047.65,126.725,178.2941176,1205.764706,905.7647059,90.11764706,188.6060606,1999.757576,887.8484848,85.57575758,141.4444444,1294,857.5555556,89.77777778,142,1386.307692,835,76.76923077,27,2041,911.5,28
298,175.2173913,1344.956522,920.5217391,90.04347826,171,1623.066667,922.1,89.5,217.7307692,2802.288462,1030.076923,109.7884615,192,1126.25,834,78.25,178.4375,1257,954.75,94.5,202.0125,2564.3875,1047.225,126.2125,177.9411765,1205.647059,905.6470588,90.17647059,189.4545455,1992.818182,886.6363636,85.18181818,141.1555556,1293.8,857.4444444,90.02222222,142,1386.615385,835,76.53846154,27,2031,908,28
299,175.0434783,1339.391304,920.3043478,89.60869565,171,1622.933333,921.4,89,217.4615385,2800.576923,1029.153846,109.5769231,191.6666667,1129.5,834.3333333,78.5,178.375,1254,954.5,94,202.1,2559.1,1046.8,125.7,177.5882353,1205.529412,905.5294118,90.23529412,190.3030303,1985.878788,885.4242424,84.78787879,140.8666667,1293.6,857.3333333,90.26666667,142,1386.923077,835,76.30769231,27,2018,900,28
300,174.8695652,1333.826087,920.0869565,89.17391304,171,1622.8,920.7,88.5,217.1923077,2798.865385,1028.230769,109.3653846,191.3333333,1132.75,834.6666667,78.75,178.3125,1251,954.25,93.5,202.1875,2553.8125,1046.375,125.1875,177.2352941,1205.411765,905.4117647,90.29411765,191.1515152,1978.939394,884.2121212,84.39393939,140.5777778,1293.4,857.2222222,90.51111111,142,1387.230769,835,76.07692308,27,2000.5,887,28
301,174.6956522,1328.26087,919.8695652,88.73913043,171,1622.666667,920,88,216.9230769,2797.153846,1027.307692,109.1538462,191,1136,835,79,178.25,1248,954,93,202.275,2548.525,1045.95,124.675,176.8823529,1205.294118,905.2941176,90.35294118,192,1972,883,84,140.2888889,1293.2,857.1111111,90.75555556,142,1387.538462,835,75.84615385,27,1983,874,28
302,174.5217391,1322.695652,919.6521739,88.30434783,171,1622.533333,919.3,87.5,216.6538462,2795.442308,1026.384615,108.9423077,187.2222222,1137.222222,838.2222222,82,178.1875,1245,953.75,92.5,202.3625,2543.2375,1045.525,124.1625,176.5294118,1205.176471,905.1764706,90.41176471,187,1959.333333,889,94,140,1293,857,91,142,1387.846154,835,75.61538462,27,1962.666667,859.3333333,28
303,174.3478261,1317.130435,919.4347826,87.86956522,171,1622.4,918.6,87,216.3846154,2793.730769,1025.461538,108.7307692,183.4444444,1138.444444,841.4444444,85,178.125,1242,953.5,92,202.45,2537.95,1045.1,123.65,176.1764706,1205.058824,905.0588235,90.47058824,182,1946.666667,895,104,140.5714286,1291.928571,856.6428571,89.42857143,142,1388.153846,835,75.38461538,27,1942.333333,844.6666667,28
304,174.173913,1311.565217,919.2173913,87.43478261,171,1622.266667,917.9,86.5,216.1153846,2792.019231,1024.538462,108.5192308,179.6666667,1139.666667,844.6666667,88,178.0625,1239,953.25,91.5,202.5375,2532.6625,1044.675,123.1375,175.8235294,1204.941176,904.9411765,90.52941176,177,1934,901,114,141.1428571,1290.857143,856.2857143,87.85714286,142,1388.461538,835,75.15384615,27,1922,830,28
305,174,1306,919,87,171,1622.133333,917.2,86,215.8461538,2790.307692,1023.615385,108.3076923,175.8888889,1140.888889,847.8888889,91,178,1236,953,91,202.625,2527.375,1044.25,122.625,175.4705882,1204.823529,904.8235294,90.58823529,176.7916667,1928.916667,901.0416667,113.4583333,141.7142857,1289.785714,855.9285714,86.28571429,142,1388.769231,835,74.92307692,27,1900.5,819.5,28
306,174,1301.230769,919.0769231,87,171,1622,916.5,85.5,215.5769231,2788.596154,1022.692308,108.0961538,172.1111111,1142.111111,851.1111111,94,177.9473684,1235.421053,952.6315789,90.42105263,202.7125,2522.0875,1043.825,122.1125,175.1176471,1204.705882,904.7058824,90.64705882,176.5833333,1923.833333,901.0833333,112.9166667,142.2857143,1288.714286,855.5714286,84.71428571,142,1389.076923,835,74.69230769,27,1879,809,28
307,174,1296.461538,919.1538462,87,171,1621.866667,915.8,85,215.3076923,2786.884615,1021.769231,107.8846154,168.3333333,1143.333333,854.3333333,97,177.8947368,1234.842105,952.2631579,89.84210526,202.8,2516.8,1043.4,121.6,174.7647059,1204.588235,904.5882353,90.70588235,176.375,1918.75,901.125,112.375,142.8571429,1287.642857,855.2142857,83.14285714,142,1389.384615,835,74.46153846,27,1858.666667,799.6666667,28
308,174,1291.692308,919.2307692,87,171,1621.733333,915.1,84.5,215.0384615,2785.173077,1020.846154,107.6730769,164.5555556,1144.555556,857.5555556,100,177.8421053,1234.263158,951.8947368,89.26315789,202.8875,2511.5125,1042.975,121.0875,174.4117647,1204.470588,904.4705882,90.76470588,176.1666667,1913.666667,901.1666667,111.8333333,143.4285714,1286.571429,854.8571429,81.57142857,142,1389.692308,835,74.23076923,27,1838.333333,790.3333333,28
309,174,1286.923077,919.3076923,87,171,1621.6,914.4,84,214.7692308,2783.461538,1019.923077,107.4615385,160.7777778,1145.777778,860.7777778,103,177.7894737,1233.684211,951.5263158,88.68421053,202.975,2506.225,1042.55,120.575,174.0588235,1204.352941,904.3529412,90.82352941,175.9583333,1908.583333,901.2083333,111.2916667,144,1285.5,854.5,80,142,1390,835,74,27,1818,781,28
310,174,1282.153846,919.3846154,87,171,1621.466667,913.7,83.5,214.5,2781.75,1019,107.25,157,1147,864,106,177.7368421,1233.105263,951.1578947,88.10526316,203.0625,2500.9375,1042.125,120.0625,173.7058824,1204.235294,904.2352941,90.88235294,175.75,1903.5,901.25,110.75,144.5714286,1284.428571,854.1428571,78.42857143,142,1390.692308,835.1538462,73.76923077,27,1798.666667,774.6666667,28
311,174,1277.384615,919.4615385,87,171,1621.333333,913,83,214.2307692,2780.038462,1018.076923,107.0384615,155.2,1156.2,863.2,99.8,177.6842105,1232.526316,950.7894737,87.52631579,203.15,2495.65,1041.7,119.55,173.3529412,1204.117647,904.1176471,90.94117647,175.5416667,1898.416667,901.2916667,110.2083333,145.1428571,1283.357143,853.7857143,76.85714286,142,1391.384615,835.3076923,73.53846154,27,1779.333333,768.3333333,28
312,174,1272.615385,919.5384615,87,171,1621.2,912.3,82.5,213.9615385,2778.326923,1017.153846,106.8269231,153.4,1165.4,862.4,93.6,177.6315789,1231.947368,950.4210526,86.94736842,203.2375,2490.3625,1041.275,119.0375,173,1204,904,91,175.3333333,1893.333333,901.3333333,109.6666667,145.7142857,1282.285714,853.4285714,75.28571429,142,1392.076923,835.4615385,73.30769231,27,1760,762,28
313,174,1267.846154,919.6153846,87,171,1621.066667,911.6,82,213.6923077,2776.615385,1016.230769,106.6153846,151.6,1174.6,861.6,87.4,177.5789474,1231.368421,950.0526316,86.36842105,203.325,2485.075,1040.85,118.525,172.65,1202.6,904.05,91.1,175.125,1888.25,901.375,109.125,146.2857143,1281.214286,853.0714286,73.71428571,142,1392.769231,835.6153846,73.07692308,27,1742.25,758.5,28
314,174,1263.076923,919.6923077,87,171,1620.933333,910.9,81.5,213.4230769,2774.903846,1015.307692,106.4038462,149.8,1183.8,860.8,81.2,177.5263158,1230.789474,949.6842105,85.78947368,203.4125,2479.7875,1040.425,118.0125,172.3,1201.2,904.1,91.2,174.9166667,1883.166667,901.4166667,108.5833333,146.8571429,1280.142857,852.7142857,72.14285714,142,1393.461538,835.7692308,72.84615385,27,1724.5,755,28
315,174,1258.307692,919.7692308,87,171,1620.8,910.2,81,213.1538462,2773.192308,1014.384615,106.1923077,148,1193,860,75,177.4736842,1230.210526,949.3157895,85.21052632,203.5,2474.5,1040,117.5,171.95,1199.8,904.15,91.3,174.7083333,1878.083333,901.4583333,108.0416667,147.4285714,1279.071429,852.3571429,70.57142857,142,1394.153846,835.9230769,72.61538462,27,1706.75,751.5,28
316,174,1253.538462,919.8461538,87,171,1620.666667,909.5,80.5,212.8846154,2771.480769,1013.461538,105.9807692,148.8,1195.4,861.6,75.2,177.4210526,1229.631579,948.9473684,84.63157895,203.5875,2469.2125,1039.575,116.9875,171.6,1198.4,904.2,91.4,174.5,1873,901.5,107.5,148,1278,852,69,142,1394.846154,836.0769231,72.38461538,27,1689,748,28
317,174,1248.769231,919.9230769,87,171,1620.533333,908.8,80,212.6153846,2769.769231,1012.538462,105.7692308,149.6,1197.8,863.2,75.4,177.3684211,1229.052632,948.5789474,84.05263158,203.675,2463.925,1039.15,116.475,171.25,1197,904.25,91.5,174.2916667,1867.916667,901.5416667,106.9583333,147.6923077,1275.538462,851.6923077,70.84615385,142,1395.538462,836.2307692,72.15384615,27,1670.75,748,28
318,174,1244,920,87,171,1620.4,908.1,79.5,212.3461538,2768.057692,1011.615385,105.5576923,150.4,1200.2,864.8,75.6,177.3157895,1228.473684,948.2105263,83.47368421,203.7625,2458.6375,1038.725,115.9625,170.9,1195.6,904.3,91.6,174.0833333,1862.833333,901.5833333,106.4166667,147.3846154,1273.076923,851.3846154,72.69230769,142,1396.230769,836.3846154,71.92307692,27,1652.5,748,28
319,174,1239.904762,919.6666667,87,171,1620.266667,907.4,79,212.0769231,2766.346154,1010.692308,105.3461538,151.2,1202.6,866.4,75.8,177.2631579,1227.894737,947.8421053,82.89473684,203.85,2453.35,1038.3,115.45,170.55,1194.2,904.35,91.7,173.875,1857.75,901.625,105.875,147.0769231,1270.615385,851.0769231,74.53846154,142,1396.923077,836.5384615,71.69230769,27,1634.25,748,28
320,174,1235.809524,919.3333333,87,171,1620.133333,906.7,78.5,211.8076923,2764.634615,1009.769231,105.1346154,152,1205,868,76,177.2105263,1227.315789,947.4736842,82.31578947,203.9375,2448.0625,1037.875,114.9375,170.2,1192.8,904.4,91.8,173.6666667,1852.666667,901.6666667,105.3333333,146.7692308,1268.153846,850.7692308,76.38461538,142,1397.615385,836.6923077,71.46153846,27,1616,748,28
321,174,1231.714286,919,87,171,1620,906,78,211.5384615,2762.923077,1008.846154,104.9230769,152.8666667,1207.133333,866.6666667,76.26666667,177.1578947,1226.736842,947.1052632,81.73684211,204.025,2442.775,1037.45,114.425,169.85,1191.4,904.45,91.9,173.4583333,1847.583333,901.7083333,104.7916667,146.4615385,1265.692308,850.4615385,78.23076923,142,1398.307692,836.8461538,71.23076923,27,1600,750,28
322,174,1227.619048,918.6666667,87,170.8095238,1621.063492,905.4126984,78.06349206,211.2692308,2761.211538,1007.923077,104.7115385,153.7333333,1209.266667,865.3333333,76.53333333,177.1052632,1226.157895,946.7368421,81.15789474,204.1125,2437.4875,1037.025,113.9125,169.5,1190,904.5,92,173.25,1842.5,901.75,104.25,146.1538462,1263.230769,850.1538462,80.07692308,142,1399,837,71,27,1584,752,28
323,174,1223.52381,918.3333333,87,170.6190476,1622.126984,904.8253968,78.12698413,211,2759.5,1007,104.5,154.6,1211.4,864,76.8,177.0526316,1225.578947,946.3684211,80.57894737,204.2,2432.2,1036.6,113.4,169.15,1188.6,904.55,92.1,173.0416667,1837.416667,901.7916667,103.7083333,145.8461538,1260.769231,849.8461538,81.92307692,143.4285714,1397.714286,834.4285714,71.28571429,27,1568.2,756.6,28
324,174,1219.428571,918,87,170.4285714,1623.190476,904.2380952,78.19047619,210.7307692,2757.788462,1006.076923,104.2884615,155.4666667,1213.533333,862.6666667,77.06666667,177,1225,946,80,204.2875,2426.9125,1036.175,112.8875,168.8,1187.2,904.6,92.2,172.8333333,1832.333333,901.8333333,103.1666667,145.5384615,1258.307692,849.5384615,83.76923077,144.8571429,1396.428571,831.8571429,71.57142857,27,1552.4,761.2,28
325,174,1215.333333,917.6666667,87,170.2380952,1624.253968,903.6507937,78.25396825,210.4615385,2756.076923,1005.153846,104.0769231,156.3333333,1215.666667,861.3333333,77.33333333,176.8333333,1225.791667,945.4583333,80,204.375,2421.625,1035.75,112.375,168.45,1185.8,904.65,92.3,172.625,1827.25,901.875,102.625,145.2307692,1255.846154,849.2307692,85.61538462,146.2857143,1395.142857,829.2857143,71.85714286,27,1536.6,765.8,28
326,174,1211.238095,917.3333333,87,170.047619,1625.31746,903.0634921,78.31746032,210.1923077,2754.365385,1004.230769,103.8653846,157.2,1217.8,860,77.6,176.6666667,1226.583333,944.9166667,80,204.4625,2416.3375,1035.325,111.8625,168.1,1184.4,904.7,92.4,172.4166667,1822.166667,901.9166667,102.0833333,144.9230769,1253.384615,848.9230769,87.46153846,147.7142857,1393.857143,826.7142857,72.14285714,27,1520.8,770.4,28
327,174,1207.142857,917,87,169.8571429,1626.380952,902.4761905,78.38095238,209.9230769,2752.653846,1003.307692,103.6538462,158.0666667,1219.933333,858.6666667,77.86666667,176.5,1227.375,944.375,80,204.55,2411.05,1034.9,111.35,167.75,1183,904.75,92.5,172.2083333,1817.083333,901.9583333,101.5416667,144.6153846,1250.923077,848.6153846,89.30769231,149.1428571,1392.571429,824.1428571,72.42857143,27,1505,775,28
328,174,1203.047619,916.6666667,87,169.6666667,1627.444444,901.8888889,78.44444444,209.6538462,2750.942308,1002.384615,103.4423077,158.9333333,1222.066667,857.3333333,78.13333333,176.3333333,1228.166667,943.8333333,80,204.6375,2405.7625,1034.475,110.8375,167.4,1181.6,904.8,92.6,172,1812,902,101,144.3076923,1248.461538,848.3076923,91.15384615,150.5714286,1391.285714,821.5714286,72.71428571,27,1489,782.3333333,28
329,174,1198.952381,916.3333333,87,169.4761905,1628.507937,901.3015873,78.50793651,209.3846154,2749.230769,1001.461538,103.2307692,159.8,1224.2,856,78.4,176.1666667,1228.958333,943.2916667,80,204.725,2400.475,1034.05,110.325,167.05,1180.2,904.85,92.7,171.7777778,1807.722222,902.2777778,100.5,144,1246,848,93,152,1390,819,73,27,1473,789.6666667,28
330,174,1194.857143,916,87,169.2857143,1629.571429,900.7142857,78.57142857,209.1153846,2747.519231,1000.538462,103.0192308,160.6666667,1226.333333,854.6666667,78.66666667,176,1229.75,942.75,80,204.8125,2395.1875,1033.625,109.8125,166.7,1178.8,904.9,92.8,171.5555556,1803.444444,902.5555556,100,144.1071429,1244.5,847.8571429,93.07142857,150.5714286,1388.285714,819.8571429,72.28571429,27,1457,797,28
331,174,1190.761905,915.6666667,87,169.0952381,1630.634921,900.1269841,78.63492063,208.8461538,2745.807692,999.6153846,102.8076923,161.5333333,1228.466667,853.3333333,78.93333333,175.8333333,1230.541667,942.2083333,80,204.9,2389.9,1033.2,109.3,166.35,1177.4,904.95,92.9,171.3333333,1799.166667,902.8333333,99.5,144.2142857,1243,847.7142857,93.14285714,149.1428571,1386.571429,820.7142857,71.57142857,26,1442.5,807.5,27
332,174,1186.666667,915.3333333,87,168.9047619,1631.698413,899.5396825,78.6984127,208.5769231,2744.096154,998.6923077,102.5961538,162.4,1230.6,852,79.2,175.6666667,1231.333333,941.6666667,80,204.9875,2384.6125,1032.775,108.7875,166,1176,905,93,171.1111111,1794.888889,903.1111111,99,144.3214286,1241.5,847.5714286,93.21428571,147.7142857,1384.857143,821.5714286,70.85714286,25,1428,818,26
333,174,1182.571429,915,87,168.7142857,1632.761905,898.952381,78.76190476,208.3076923,2742.384615,997.7692308,102.3846154,163.2666667,1232.733333,850.6666667,79.46666667,175.5,1232.125,941.125,80,205.075,2379.325,1032.35,108.275,166.1428571,1173.785714,904,92.28571429,170.8888889,1790.611111,903.3888889,98.5,144.4285714,1240,847.4285714,93.28571429,146.2857143,1383.142857,822.4285714,70.14285714,24,1421,825,25
334,174,1178.47619,914.6666667,87,168.5238095,1633.825397,898.3650794,78.82539683,208.0384615,2740.673077,996.8461538,102.1730769,164.1333333,1234.866667,849.3333333,79.73333333,175.3333333,1232.916667,940.5833333,80,205.1625,2374.0375,1031.925,107.7625,166.2857143,1171.571429,903,91.57142857,170.6666667,1786.333333,903.6666667,98,144.5357143,1238.5,847.2857143,93.35714286,144.8571429,1381.428571,823.2857143,69.42857143,23,1420.5,831.5,24
335,174,1174.380952,914.3333333,87,168.3333333,1634.888889,897.7777778,78.88888889,207.7692308,2738.961538,995.9230769,101.9615385,165,1237,848,80,175.1666667,1233.708333,940.0416667,80,205.25,2368.75,1031.5,107.25,166.4285714,1169.357143,902,90.85714286,170.4444444,1782.055556,903.9444444,97.5,144.6428571,1237,847.1428571,93.42857143,143.4285714,1379.714286,824.1428571,68.71428571,22,1420,838,23
336,174,1170.285714,914,87,168.1428571,1635.952381,897.1904762,78.95238095,207.5,2737.25,995,101.75,164.3,1237.4,847.9,81.2,175,1234.5,939.5,80,205.3375,2363.4625,1031.075,106.7375,166.5714286,1167.142857,901,90.14285714,170.2222222,1777.777778,904.2222222,97,144.75,1235.5,847,93.5,142,1378,825,68,22,1418.666667,846,23
337,174,1166.190476,913.6666667,87,167.952381,1637.015873,896.6031746,79.01587302,207.2307692,2735.538462,994.0769231,101.5384615,163.6,1237.8,847.8,82.4,174.8333333,1235.291667,938.9583333,80,205.425,2358.175,1030.65,106.225,166.7142857,1164.928571,900,89.42857143,170,1773.5,904.5,96.5,144.8571429,1234,846.8571429,93.57142857,141.4705882,1375.823529,825.5294118,68.76470588,22,1417.333333,854,23
338,174,1162.095238,913.3333333,87,167.7619048,1638.079365,896.015873,79.07936508,206.9615385,2733.826923,993.1538462,101.3269231,162.9,1238.2,847.7,83.6,174.6666667,1236.083333,938.4166667,80,205.5125,2352.8875,1030.225,105.7125,166.8571429,1162.714286,899,88.71428571,169.7777778,1769.222222,904.7777778,96,144.9642857,1232.5,846.7142857,93.64285714,140.9411765,1373.647059,826.0588235,69.52941176,22,1416,862,23
339,174,1158,913,87,167.5714286,1639.142857,895.4285714,79.14285714,206.6923077,2732.115385,992.2307692,101.1153846,162.2,1238.6,847.6,84.8,174.5,1236.875,937.875,80,205.6,2347.6,1029.8,105.2,167,1160.5,898,88,169.5555556,1764.944444,905.0555556,95.5,145.0714286,1231,846.5714286,93.71428571,140.4117647,1371.470588,826.5882353,70.29411765,22,1412,868.5,23
340,174,1154.96,912.84,87,167.3809524,1640.206349,894.8412698,79.20634921,206.4230769,2730.403846,991.3076923,100.9038462,161.5,1239,847.5,86,174.3333333,1237.666667,937.3333333,80,205.6875,2342.3125,1029.375,104.6875,167.1428571,1158.285714,897,87.28571429,169.3333333,1760.666667,905.3333333,95,145.1785714,1229.5,846.4285714,93.78571429,139.8823529,1369.294118,827.1176471,71.05882353,22,1408,875,23
341,174,1151.92,912.68,87,167.1904762,1641.269841,894.2539683,79.26984127,206.1538462,2728.692308,990.3846154,100.6923077,160.8,1239.4,847.4,87.2,174.1666667,1238.458333,936.7916667,80,205.775,2337.025,1028.95,104.175,167.2857143,1156.071429,896,86.57142857,169.1111111,1756.388889,905.6111111,94.5,145.2857143,1228,846.2857143,93.85714286,139.3529412,1367.117647,827.6470588,71.82352941,22,1404,878,23
342,174,1148.88,912.52,87,167,1642.333333,893.6666667,79.33333333,205.8846154,2726.980769,989.4615385,100.4807692,160.1,1239.8,847.3,88.4,174,1239.25,936.25,80,205.8625,2331.7375,1028.525,103.6625,167.4285714,1153.857143,895,85.85714286,168.8888889,1752.111111,905.8888889,94,145.3928571,1226.5,846.1428571,93.92857143,138.8235294,1364.941176,828.1764706,72.58823529,22,1400,881,23
343,174,1145.84,912.36,87,166.8095238,1643.396825,893.0793651,79.3968254,205.6153846,2725.269231,988.5384615,100.2692308,159.4,1240.2,847.2,89.6,173.8333333,1240.041667,935.7083333,80,205.95,2326.45,1028.1,103.15,167.5714286,1151.642857,894,85.14285714,168.6666667,1747.833333,906.1666667,93.5,145.5,1225,846,94,138.2941176,1362.764706,828.7058824,73.35294118,22,1395,882,23
344,174,1142.8,912.2,87,166.6190476,1644.460317,892.4920635,79.46031746,205.3461538,2723.557692,987.6153846,100.0576923,158.7,1240.6,847.1,90.8,173.6666667,1240.833333,935.1666667,80,206.0375,2321.1625,1027.675,102.6375,167.7142857,1149.428571,893,84.42857143,168.4444444,1743.555556,906.4444444,93,145.6071429,1223.5,845.8571429,94.07142857,137.7647059,1360.588235,829.2352941,74.11764706,22,1390,883,23
345,174,1139.76,912.04,87,166.4285714,1645.52381,891.9047619,79.52380952,205.0769231,2721.846154,986.6923077,99.84615385,158,1241,847,92,173.5,1241.625,934.625,80,206.125,2315.875,1027.25,102.125,167.8571429,1147.214286,892,83.71428571,168.2222222,1739.277778,906.7222222,92.5,145.7142857,1222,845.7142857,94.14285714,137.2352941,1358.411765,829.7647059,74.88235294,22,1385,884,23
346,174,1136.72,911.88,87,166.2380952,1646.587302,891.3174603,79.58730159,204.8076923,2720.134615,985.7692308,99.63461538,157,1242.181818,847.0909091,90.18181818,173.3333333,1242.416667,934.0833333,80,206.2125,2310.5875,1026.825,101.6125,168,1145,891,83,168,1735,907,92,145.8214286,1220.5,845.5714286,94.21428571,136.7058824,1356.235294,830.2941176,75.64705882,22,1380,885,23
347,174,1133.68,911.72,87,166.047619,1647.650794,890.7301587,79.65079365,204.5384615,2718.423077,984.8461538,99.42307692,156,1243.363636,847.1818182,88.36363636,173.1666667,1243.208333,933.5416667,80,206.3,2305.3,1026.4,101.1,167.6,1142.5,890.9,83.1,167.7727273,1731.954545,907.2727273,91.45454545,145.9285714,1219,845.4285714,94.28571429,136.1764706,1354.058824,830.8235294,76.41176471,22,1375,886,23
348,174,1130.64,911.56,87,165.8571429,1648.714286,890.1428571,79.71428571,204.2692308,2716.711538,983.9230769,99.21153846,155,1244.545455,847.2727273,86.54545455,173,1244,933,80,206.3875,2300.0125,1025.975,100.5875,167.2,1140,890.8,83.2,167.5454545,1728.909091,907.5454545,90.90909091,146.0357143,1217.5,845.2857143,94.35714286,135.6470588,1351.882353,831.3529412,77.17647059,22,1370,887,23
349,174,1127.6,911.4,87,165.6666667,1649.777778,889.5555556,79.77777778,204,2715,983,99,154,1245.727273,847.3636364,84.72727273,172.75,1244.375,932.375,80,206.475,2294.725,1025.55,100.075,166.8,1137.5,890.7,83.3,167.3181818,1725.863636,907.8181818,90.36363636,146.1428571,1216,845.1428571,94.42857143,135.1176471,1349.705882,831.8823529,77.94117647,22,1366.333333,887.3333333,23
350,174,1124.56,911.24,87,165.4761905,1650.84127,888.968254,79.84126984,203.7534247,2713.90411,982.260274,98.79452055,153,1246.909091,847.4545455,82.90909091,172.5,1244.75,931.75,80,206.5625,2289.4375,1025.125,99.5625,166.4,1135,890.6,83.4,167.0909091,1722.818182,908.0909091,89.81818182,146.25,1214.5,845,94.5,134.5882353,1347.529412,832.4117647,78.70588235,22,1362.666667,887.6666667,23
351,174,1121.52,911.08,87,165.2857143,1651.904762,888.3809524,79.9047619,203.5068493,2712.808219,981.5205479,98.5890411,152,1248.090909,847.5454545,81.09090909,172.25,1245.125,931.125,80,206.65,2284.15,1024.7,99.05,166,1132.5,890.5,83.5,166.8636364,1719.772727,908.3636364,89.27272727,146.3571429,1213,844.8571429,94.57142857,134.0588235,1345.352941,832.9411765,79.47058824,22,1359,888,23
352,174,1118.48,910.92,87,165.0952381,1652.968254,887.7936508,79.96825397,203.260274,2711.712329,980.7808219,98.38356164,151,1249.272727,847.6363636,79.27272727,172,1245.5,930.5,80,206.7375,2278.8625,1024.275,98.5375,165.6,1130,890.4,83.6,166.6363636,1716.727273,908.6363636,88.72727273,146.4642857,1211.5,844.7142857,94.64285714,133.5294118,1343.176471,833.4705882,80.23529412,22,1356.2,887.4,23
353,174,1115.44,910.76,87,164.9047619,1654.031746,887.2063492,80.03174603,203.0136986,2710.616438,980.0410959,98.17808219,150,1250.454545,847.7272727,77.45454545,171.75,1245.875,929.875,80,206.825,2273.575,1023.85,98.025,165.2,1127.5,890.3,83.7,166.4090909,1713.681818,908.9090909,88.18181818,146.5714286,1210,844.5714286,94.71428571,133,1341,834,81,22,1353.4,886.8,23
354,174,1112.4,910.6,87,164.7142857,1655.095238,886.6190476,80.0952381,202.7671233,2709.520548,979.3013699,97.97260274,149,1251.636364,847.8181818,75.63636364,171.5,1246.25,929.25,80,206.9125,2268.2875,1023.425,97.5125,164.8,1125,890.2,83.8,166.1818182,1710.636364,909.1818182,87.63636364,146.6785714,1208.5,844.4285714,94.78571429,133.3333333,1339.777778,834.3333333,79.55555556,22,1350.6,886.2,23
355,174,1109.36,910.44,87,164.5238095,1656.15873,886.031746,80.15873016,202.5205479,2708.424658,978.5616438,97.76712329,148,1252.818182,847.9090909,73.81818182,171.25,1246.625,928.625,80,207,2263,1023,97,164.4,1122.5,890.1,83.9,165.9545455,1707.590909,909.4545455,87.09090909,146.7857143,1207,844.2857143,94.85714286,133.6666667,1338.555556,834.6666667,78.11111111,22,1347.8,885.6,23
356,174,1106.32,910.28,87,164.3333333,1657.222222,885.4444444,80.22222222,202.2739726,2707.328767,977.8219178,97.56164384,147,1254,848,72,171,1247,928,80,206.5555556,2257.111111,1023.138889,98.05555556,164,1120,890,84,165.7272727,1704.545455,909.7272727,86.54545455,146.8928571,1205.5,844.1428571,94.92857143,134,1337.333333,835,76.66666667,22,1345,885,23
357,174,1103.28,910.12,87,164.1428571,1658.285714,884.8571429,80.28571429,202.0273973,2706.232877,977.0821918,97.35616438,146.5,1252.25,848.5833333,75.91666667,170.8,1246.066667,927.8,80,206.1111111,2251.222222,1023.277778,99.11111111,163.7083333,1119.333333,889.4583333,84.125,165.5,1701.5,910,86,147,1204,844,95,134.3333333,1336.111111,835.3333333,75.22222222,22,1343,882,23
358,174,1100.24,909.96,87,163.952381,1659.349206,884.2698413,80.34920635,201.7808219,2705.136986,976.3424658,97.15068493,146,1250.5,849.1666667,79.83333333,170.6,1245.133333,927.6,80,205.6666667,2245.333333,1023.416667,100.1666667,163.4166667,1118.666667,888.9166667,84.25,165.2727273,1698.454545,910.2727273,85.45454545,147.025641,1204.051282,843.9487179,94.51282051,134.6666667,1334.888889,835.6666667,73.77777778,22,1341,879,23
359,174,1097.2,909.8,87,163.7619048,1660.412698,883.6825397,80.41269841,201.5342466,2704.041096,975.6027397,96.94520548,145.5,1248.75,849.75,83.75,170.4,1244.2,927.4,80,205.2222222,2239.444444,1023.555556,101.2222222,163.125,1118,888.375,84.375,165.0454545,1695.409091,910.5454545,84.90909091,147.0512821,1204.102564,843.8974359,94.02564103,135,1333.666667,836,72.33333333,22,1339,876,23
360,174,1094.16,909.64,87,163.5714286,1661.47619,883.0952381,80.47619048,201.2876712,2702.945205,974.8630137,96.73972603,145,1247,850.3333333,87.66666667,170.2,1243.266667,927.2,80,204.7777778,2233.555556,1023.694444,102.2777778,162.8333333,1117.333333,887.8333333,84.5,164.8181818,1692.363636,910.8181818,84.36363636,147.0769231,1204.153846,843.8461538,93.53846154,135.3333333,1332.444444,836.3333333,70.88888889,22,1336.666667,868.6666667,23
361,174,1091.12,909.48,87,163.3809524,1662.539683,882.5079365,80.53968254,201.0410959,2701.849315,974.1232877,96.53424658,144.5,1245.25,850.9166667,91.58333333,170,1242.333333,927,80,204.3333333,2227.666667,1023.833333,103.3333333,162.5416667,1116.666667,887.2916667,84.625,164.5909091,1689.318182,911.0909091,83.81818182,147.1025641,1204.205128,843.7948718,93.05128205,135.6666667,1331.222222,836.6666667,69.44444444,22,1334.333333,861.3333333,23
362,174,1088.08,909.32,87,163.1904762,1663.603175,881.9206349,80.6031746,200.7945205,2700.753425,973.3835616,96.32876712,144,1243.5,851.5,95.5,169.8,1241.4,926.8,80,203.8888889,2221.777778,1023.972222,104.3888889,162.25,1116,886.75,84.75,164.3636364,1686.272727,911.3636364,83.27272727,147.1282051,1204.25641,843.7435897,92.56410256,136,1330,837,68,22,1332,854,23
363,174,1085.04,909.16,87,163,1664.666667,881.3333333,80.66666667,200.5479452,2699.657534,972.6438356,96.12328767,143.5,1241.75,852.0833333,99.41666667,169.6,1240.466667,926.6,80,203.4444444,2215.888889,1024.111111,105.4444444,161.9583333,1115.333333,886.2083333,84.875,164.1363636,1683.227273,911.6363636,82.72727273,147.1538462,1204.307692,843.6923077,92.07692308,136,1329.714286,837.4285714,68.85714286,22,1332.5,850,23
364,174,1082,909,87,162.8095238,1665.730159,880.7460317,80.73015873,200.3013699,2698.561644,971.9041096,95.91780822,143,1240,852.6666667,103.3333333,169.4,1239.533333,926.4,80,203,2210,1024.25,106.5,161.6666667,1114.666667,885.6666667,85,163.9090909,1680.181818,911.9090909,82.18181818,147.1794872,1204.358974,843.6410256,91.58974359,136,1329.428571,837.8571429,69.71428571,22,1333,846,23
365,174,1079.861111,909,87,162.6190476,1666.793651,880.1587302,80.79365079,200.0547945,2697.465753,971.1643836,95.71232877,142.5,1238.25,853.25,107.25,169.2,1238.6,926.2,80,202.5555556,2204.111111,1024.388889,107.5555556,161.375,1114,885.125,85.125,163.6818182,1677.136364,912.1818182,81.63636364,147.2051282,1204.410256,843.5897436,91.1025641,136,1329.142857,838.2857143,70.57142857,22,1333.5,842,23
366,174,1077.722222,909,87,162.4285714,1667.857143,879.5714286,80.85714286,199.8082192,2696.369863,970.4246575,95.50684932,142,1236.5,853.8333333,111.1666667,169,1237.666667,926,80,202.1111111,2198.222222,1024.527778,108.6111111,161.0833333,1113.333333,884.5833333,85.25,163.4545455,1674.090909,912.4545455,81.09090909,147.2307692,1204.461538,843.5384615,90.61538462,136,1328.857143,838.7142857,71.42857143,22,1334,838,23
367,174,1075.583333,909,87,162.2380952,1668.920635,878.984127,80.92063492,199.5616438,2695.273973,969.6849315,95.30136986,141.5,1234.75,854.4166667,115.0833333,168.8,1236.733333,925.8,80,201.6666667,2192.333333,1024.666667,109.6666667,160.7916667,1112.666667,884.0416667,85.375,163.2272727,1671.045455,912.7272727,80.54545455,147.2564103,1204.512821,843.4871795,90.12820513,136,1328.571429,839.1428571,72.28571429,22,1333.333333,838.6666667,23
368,174,1073.444444,909,87,162.047619,1669.984127,878.3968254,80.98412698,199.3150685,2694.178082,968.9452055,95.09589041,141,1233,855,119,168.6,1235.8,925.6,80,201.2222222,2186.444444,1024.805556,110.7222222,160.5,1112,883.5,85.5,163,1668,913,80,147.2820513,1204.564103,843.4358974,89.64102564,136,1328.285714,839.5714286,73.14285714,22,1332.666667,839.3333333,23
369,174,1071.305556,909,87,161.8571429,1671.047619,877.8095238,81.04761905,199.0684932,2693.082192,968.2054795,94.89041096,141.5555556,1234.222222,854.6666667,116.8888889,168.4,1234.866667,925.4,80,200.7777778,2180.555556,1024.944444,111.7777778,160.2083333,1111.333333,882.9583333,85.625,163.6,1667.55,912.95,80.55,147.3076923,1204.615385,843.3846154,89.15384615,136,1328,840,74,22,1332,840,23
370,174,1069.166667,909,87,161.6666667,1672.111111,877.2222222,81.11111111,198.8219178,2691.986301,967.4657534,94.68493151,142.1111111,1235.444444,854.3333333,114.7777778,168.2,1233.933333,925.2,80,200.3333333,2174.666667,1025.083333,112.8333333,159.9166667,1110.666667,882.4166667,85.75,164.2,1667.1,912.9,81.1,147.3333333,1204.666667,843.3333333,88.66666667,136,1327.714286,840.4285714,74.85714286,22,1332.285714,846,23
371,174,1067.027778,909,87,161.4761905,1673.174603,876.6349206,81.17460317,198.5753425,2690.890411,966.7260274,94.47945205,142.6666667,1236.666667,854,112.6666667,168,1233,925,80,199.8888889,2168.777778,1025.222222,113.8888889,159.625,1110,881.875,85.875,164.8,1666.65,912.85,81.65,147.3589744,1204.717949,843.2820513,88.17948718,136,1327.428571,840.8571429,75.71428571,22,1332.571429,852,23
372,174,1064.888889,909,87,161.2857143,1674.238095,876.047619,81.23809524,198.3287671,2689.794521,965.9863014,94.2739726,143.2222222,1237.888889,853.6666667,110.5555556,168,1231.820513,924.7435897,80,199.4444444,2162.888889,1025.361111,114.9444444,159.3333333,1109.333333,881.3333333,86,165.4,1666.2,912.8,82.2,147.3846154,1204.769231,843.2307692,87.69230769,136,1327.142857,841.2857143,76.57142857,22,1332.857143,858,23
373,174,1062.75,909,87,161.0952381,1675.301587,875.4603175,81.3015873,198.0821918,2688.69863,965.2465753,94.06849315,143.7777778,1239.111111,853.3333333,108.4444444,168,1230.641026,924.4871795,80,199,2157,1025.5,116,159.0416667,1108.666667,880.7916667,86.125,166,1665.75,912.75,82.75,147.4102564,1204.820513,843.1794872,87.20512821,136,1326.857143,841.7142857,77.42857143,22,1333.142857,864,23
374,174,1060.611111,909,87,160.9047619,1676.365079,874.8730159,81.36507937,197.8356164,2687.60274,964.5068493,93.8630137,144.3333333,1240.333333,853,106.3333333,168,1229.461538,924.2307692,80,198.5555556,2151.111111,1025.638889,117.0555556,158.75,1108,880.25,86.25,166.6,1665.3,912.7,83.3,147.4358974,1204.871795,843.1282051,86.71794872,136,1326.571429,842.1428571,78.28571429,22,1333.428571,870,23
375,174,1058.472222,909,87,160.7142857,1677.428571,874.2857143,81.42857143,197.5890411,2686.506849,963.7671233,93.65753425,144.8888889,1241.555556,852.6666667,104.2222222,168,1228.282051,923.974359,80,198.1111111,2145.222222,1025.777778,118.1111111,158.4583333,1107.333333,879.7083333,86.375,167.2,1664.85,912.65,83.85,147.4615385,1204.923077,843.0769231,86.23076923,136,1326.285714,842.5714286,79.14285714,22,1333.714286,876,23
376,174,1056.333333,909,87,160.5238095,1678.492063,873.6984127,81.49206349,197.3424658,2685.410959,963.0273973,93.45205479,145.4444444,1242.777778,852.3333333,102.1111111,168,1227.102564,923.7179487,80,197.6666667,2139.333333,1025.916667,119.1666667,158.1666667,1106.666667,879.1666667,86.5,167.8,1664.4,912.6,84.4,147.4871795,1204.974359,843.025641,85.74358974,136,1326,843,80,22,1334,882,23
377,174,1054.194444,909,87,160.3333333,1679.555556,873.1111111,81.55555556,197.0958904,2684.315068,962.2876712,93.24657534,146,1244,852,100,168,1225.923077,923.4615385,80,197.2222222,2133.444444,1026.055556,120.2222222,157.875,1106,878.625,86.625,168.4,1663.95,912.55,84.95,147.5128205,1205.025641,842.974359,85.25641026,136.0769231,1326.076923,842.7692308,79.84615385,22,1334.4,883.6,23
378,174,1052.055556,909,87,160.1428571,1680.619048,872.5238095,81.61904762,196.8493151,2683.219178,961.5479452,93.04109589,146.75,1241.75,851.25,98,168,1224.74359,923.2051282,80,196.7777778,2127.555556,1026.194444,121.2777778,157.5833333,1105.333333,878.0833333,86.75,169,1663.5,912.5,85.5,147.5384615,1205.076923,842.9230769,84.76923077,136.1538462,1326.153846,842.5384615,79.69230769,22,1334.8,885.2,23
379,174,1049.916667,909,87,159.952381,1681.68254,871.9365079,81.68253968,196.6027397,2682.123288,960.8082192,92.83561644,147.5,1239.5,850.5,96,168,1223.564103,922.9487179,80,196.3333333,2121.666667,1026.333333,122.3333333,157.2916667,1104.666667,877.5416667,86.875,169.6,1663.05,912.45,86.05,147.5641026,1205.128205,842.8717949,84.28205128,136.2307692,1326.230769,842.3076923,79.53846154,22,1335.2,886.8,23
380,174,1047.777778,909,87,159.7619048,1682.746032,871.3492063,81.74603175,196.3561644,2681.027397,960.0684932,92.63013699,148.25,1237.25,849.75,94,168,1222.384615,922.6923077,80,195.8888889,2115.777778,1026.472222,123.3888889,157,1104,877,87,170.2,1662.6,912.4,86.6,147.5897436,1205.179487,842.8205128,83.79487179,136.3076923,1326.307692,842.0769231,79.38461538,22,1335.6,888.4,23
381,174,1045.638889,909,87,159.5714286,1683.809524,870.7619048,81.80952381,196.109589,2679.931507,959.3287671,92.42465753,149,1235,849,92,168,1221.205128,922.4358974,80,195.4444444,2109.888889,1026.611111,124.4444444,157.2,1104.5,876.75,86.85,170.8,1662.15,912.35,87.15,147.6153846,1205.230769,842.7692308,83.30769231,136.3846154,1326.384615,841.8461538,79.23076923,22,1336,890,23
382,174,1043.5,909,87,159.3809524,1684.873016,870.1746032,81.87301587,195.8630137,2678.835616,958.5890411,92.21917808,149.4,1230.4,850.4,89.8,168,1220.025641,922.1794872,80,195,2104,1026.75,125.5,157.4,1105,876.5,86.7,171.4,1661.7,912.3,87.7,147.6410256,1205.282051,842.7179487,82.82051282,136.4615385,1326.461538,841.6153846,79.07692308,22,1336,890,23
383,174,1041.361111,909,87,159.1904762,1685.936508,869.5873016,81.93650794,195.6164384,2677.739726,957.8493151,92.01369863,149.8,1225.8,851.8,87.6,168,1218.846154,921.9230769,80,194.5555556,2098.111111,1026.888889,126.5555556,157.6,1105.5,876.25,86.55,172,1661.25,912.25,88.25,147.6666667,1205.333333,842.6666667,82.33333333,136.5384615,1326.538462,841.3846154,78.92307692,22,1336,890,23
384,174,1039.222222,909,87,159,1687,869,82,195.369863,2676.643836,957.109589,91.80821918,150.2,1221.2,853.2,85.4,168,1217.666667,921.6666667,80,194.1111111,2092.222222,1027.027778,127.6111111,157.8,1106,876,86.4,172.6,1660.8,912.2,88.8,147.6923077,1205.384615,842.6153846,81.84615385,136.6153846,1326.615385,841.1538462,78.76923077,22,1336,890,23
385,174,1037.083333,909,87,158.8333333,1688.625,868.9166667,82.04166667,195.1232877,2675.547945,956.369863,91.60273973,150.6,1216.6,854.6,83.2,168,1216.487179,921.4102564,80,193.6666667,2086.333333,1027.166667,128.6666667,158,1106.5,875.75,86.25,173.2,1660.35,912.15,89.35,147.7179487,1205.435897,842.5641026,81.35897436,136.6923077,1326.692308,840.9230769,78.61538462,22,1336,890,23
386,174,1034.944444,909,87,158.6666667,1690.25,868.8333333,82.08333333,194.8767123,2674.452055,955.630137,91.39726027,151,1212,856,81,168,1215.307692,921.1538462,80,193.2222222,2080.444444,1027.305556,129.7222222,158.2,1107,875.5,86.1,173.8,1659.9,912.1,89.9,147.7435897,1205.487179,842.5128205,80.87179487,136.7692308,1326.769231,840.6923077,78.46153846,22,1336,890,23
387,174,1032.805556,909,87,158.5,1691.875,868.75,82.125,194.630137,2673.356164,954.890411,91.19178082,150.8888889,1211.222222,855.5555556,81.44444444,168,1214.128205,920.8974359,80,192.7777778,2074.555556,1027.444444,130.7777778,158.4,1107.5,875.25,85.95,174.4,1659.45,912.05,90.45,147.7692308,1205.538462,842.4615385,80.38461538,136.8461538,1326.846154,840.4615385,78.30769231,22,1336,890,23
388,174,1030.666667,909,87,158.3333333,1693.5,868.6666667,82.16666667,194.3835616,2672.260274,954.1506849,90.98630137,150.7777778,1210.444444,855.1111111,81.88888889,168,1212.948718,920.6410256,80,192.3333333,2068.666667,1027.583333,131.8333333,158.6,1108,875,85.8,175,1659,912,91,147.7948718,1205.589744,842.4102564,79.8974359,136.9230769,1326.923077,840.2307692,78.15384615,22,1336,890,23
389,174,1028.527778,909,87,158.1666667,1695.125,868.5833333,82.20833333,194.1369863,2671.164384,953.4109589,90.78082192,150.6666667,1209.666667,854.6666667,82.33333333,168,1211.769231,920.3846154,80,191.8888889,2062.777778,1027.722222,132.8888889,158.8,1108.5,874.75,85.65,174.6956522,1660.608696,912.173913,91.26086957,147.8205128,1205.641026,842.3589744,79.41025641,137,1327,840,78,22,1336,890,23
390,174,1026.388889,909,87,158,1696.75,868.5,82.25,193.890411,2670.068493,952.6712329,90.57534247,150.5555556,1208.888889,854.2222222,82.77777778,168,1210.589744,920.1282051,80,191.4444444,2056.888889,1027.861111,133.9444444,159,1109,874.5,85.5,174.3913043,1662.217391,912.3478261,91.52173913,147.8461538,1205.692308,842.3076923,78.92307692,137.1666667,1327,838.5,77.83333333,22,1335.4,889,23
391,174,1024.25,909,87,157.8333333,1698.375,868.4166667,82.29166667,193.6438356,2668.972603,951.9315068,90.36986301,150.4444444,1208.111111,853.7777778,83.22222222,168,1209.410256,919.8717949,80,191,2051,1028,135,159.2,1109.5,874.25,85.35,174.0869565,1663.826087,912.5217391,91.7826087,147.8717949,1205.74359,842.2564103,78.43589744,137.3333333,1327,837,77.66666667,22,1334.8,888,23
392,174,1022.111111,909,87,157.6666667,1700,868.3333333,82.33333333,193.3972603,2667.876712,951.1917808,90.16438356,150.3333333,1207.333333,853.3333333,83.66666667,168,1208.230769,919.6153846,80,191,2045.918605,1027.918605,134.8488372,159.4,1110,874,85.2,173.7826087,1665.434783,912.6956522,92.04347826,147.8974359,1205.794872,842.2051282,77.94871795,137.5,1327,835.5,77.5,22,1334.2,887,23
393,174,1019.972222,909,87,157.5,1701.625,868.25,82.375,193.1506849,2666.780822,950.4520548,89.95890411,150.2222222,1206.555556,852.8888889,84.11111111,168,1207.051282,919.3589744,80,191,2040.837209,1027.837209,134.6976744,159.6,1110.5,873.75,85.05,173.4782609,1667.043478,912.8695652,92.30434783,147.9230769,1205.846154,842.1538462,77.46153846,137.6666667,1327,834,77.33333333,22,1333.6,886,23
394,174,1017.833333,909,87,157.3333333,1703.25,868.1666667,82.41666667,192.9041096,2665.684932,949.7123288,89.75342466,150.1111111,1205.777778,852.4444444,84.55555556,168,1205.871795,919.1025641,80,191,2035.755814,1027.755814,134.5465116,159.8,1111,873.5,84.9,173.173913,1668.652174,913.0434783,92.56521739,147.9487179,1205.897436,842.1025641,76.97435897,137.8333333,1327,832.5,77.16666667,22,1333,885,23
395,174,1015.694444,909,87,157.1666667,1704.875,868.0833333,82.45833333,192.6575342,2664.589041,948.9726027,89.54794521,150,1205,852,85,168,1204.692308,918.8461538,80,191,2030.674419,1027.674419,134.3953488,160,1111.5,873.25,84.75,172.8695652,1670.26087,913.2173913,92.82608696,147.974359,1205.948718,842.0512821,76.48717949,138,1327,831,77,22,1332.5,884.5,23
396,174,1013.555556,909,87,157,1706.5,868,82.5,192.4109589,2663.493151,948.2328767,89.34246575,150.2727273,1206.181818,852,84.18181818,168,1203.512821,918.5897436,80,191,2025.593023,1027.593023,134.244186,160.2,1112,873,84.6,172.5652174,1671.869565,913.3913043,93.08695652,148,1206,842,76,138.0625,1326.3125,831.25,76.9375,22,1332,884,23
397,174,1011.416667,909,87,156.8333333,1708.125,867.9166667,82.54166667,192.1643836,2662.39726,947.4931507,89.1369863,150.5454545,1207.363636,852,83.36363636,168,1202.333333,918.3333333,80,191,2020.511628,1027.511628,134.0930233,160.4,1112.5,872.75,84.45,172.2608696,1673.478261,913.5652174,93.34782609,148,1205.857143,842,76,138.125,1325.625,831.5,76.875,22,1331.5,883.5,23
398,174,1009.277778,909,87,156.6666667,1709.75,867.8333333,82.58333333,191.9178082,2661.30137,946.7534247,88.93150685,150.8181818,1208.545455,852,82.54545455,168,1201.153846,918.0769231,80,191,2015.430233,1027.430233,133.9418605,160.6,1113,872.5,84.3,171.9565217,1675.086957,913.7391304,93.60869565,148,1205.714286,842,76,138.1875,1324.9375,831.75,76.8125,22,1331,883,23
399,174,1007.138889,909,87,156.5,1711.375,867.75,82.625,191.6712329,2660.205479,946.0136986,88.7260274,151.0909091,1209.727273,852,81.72727273,168,1199.974359,917.8205128,80,191,2010.348837,1027.348837,133.7906977,160.8,1113.5,872.25,84.15,171.6521739,1676.695652,913.9130435,93.86956522,148,1205.571429,842,76,138.25,1324.25,832,76.75,22,1329.8,883.2,23
400,174,1005,909,87,156.3333333,1713,867.6666667,82.66666667,191.4246575,2659.109589,945.2739726,88.52054795,151.3636364,1210.909091,852,80.90909091,168,1198.794872,917.5641026,80,191,2005.267442,1027.267442,133.6395349,161,1114,872,84,171.3478261,1678.304348,914.0869565,94.13043478,148,1205.428571,842,76,138.3125,1323.5625,832.25,76.6875,22,1328.6,883.4,23
401,174,1003.64,909.12,87,156.1666667,1714.625,867.5833333,82.70833333,191.1780822,2658.013699,944.5342466,88.31506849,151.6363636,1212.090909,852,80.09090909,168,1197.615385,917.3076923,80,191,2000.186047,1027.186047,133.4883721,161.25,1113.3125,871.75,83.8125,171.0434783,1679.913043,914.2608696,94.39130435,148,1205.285714,842,76,138.375,1322.875,832.5,76.625,22,1327.4,883.6,23
402,174,1002.28,909.24,87,156,1716.25,867.5,82.75,190.9315068,2656.917808,943.7945205,88.10958904,151.9090909,1213.272727,852,79.27272727,168,1196.435897,917.0512821,80,191,1995.104651,1027.104651,133.3372093,161.5,1112.625,871.5,83.625,170.7391304,1681.521739,914.4347826,94.65217391,148,1205.142857,842,76,138.4375,1322.1875,832.75,76.5625,22,1326.2,883.8,23
403,174,1000.92,909.36,87,155.8333333,1717.875,867.4166667,82.79166667,190.6849315,2655.821918,943.0547945,87.90410959,152.1818182,1214.454545,852,78.45454545,168,1195.25641,916.7948718,80,191,1990.023256,1027.023256,133.1860465,161.75,1111.9375,871.25,83.4375,170.4347826,1683.130435,914.6086957,94.91304348,148,1205,842,76,138.5,1321.5,833,76.5,22,1325,884,23
404,174,999.56,909.48,87,155.6666667,1719.5,867.3333333,82.83333333,190.4383562,2654.726027,942.3150685,87.69863014,152.4545455,1215.636364,852,77.63636364,168,1194.076923,916.5384615,80,191,1984.94186,1026.94186,133.0348837,162,1111.25,871,83.25,170.1304348,1684.73913,914.7826087,95.17391304,148,1204.857143,842,76,138.5625,1320.8125,833.25,76.4375,22,1323.666667,881.6666667,23
405,174,998.2,909.6,87,155.5,1721.125,867.25,82.875,190.1917808,2653.630137,941.5753425,87.49315068,152.7272727,1216.818182,852,76.81818182,168,1192.897436,916.2820513,80,191,1979.860465,1026.860465,132.8837209,162.25,1110.5625,870.75,83.0625,169.826087,1686.347826,914.9565217,95.43478261,148,1204.714286,842,76,138.625,1320.125,833.5,76.375,22,1322.333333,879.3333333,23
406,174,996.84,909.72,87,155.3333333,1722.75,867.1666667,82.91666667,189.9452055,2652.534247,940.8356164,87.28767123,153,1218,852,76,168,1191.717949,916.025641,80,191,1974.77907,1026.77907,132.7325581,162.5,1109.875,870.5,82.875,169.5217391,1687.956522,915.1304348,95.69565217,148,1204.571429,842,76,138.6875,1319.4375,833.75,76.3125,22,1321,877,23
407,174,995.48,909.84,87,155.1666667,1724.375,867.0833333,82.95833333,189.6986301,2651.438356,940.0958904,87.08219178,152.5384615,1219.230769,851.8461538,77.53846154,168,1190.538462,915.7692308,80,191,1969.697674,1026.697674,132.5813953,162.75,1109.1875,870.25,82.6875,169.2173913,1689.565217,915.3043478,95.95652174,148,1204.428571,842,76,138.75,1318.75,834,76.25,22,1321,870.3333333,23
408,174,994.12,909.96,87,155,1726,867,83,189.4520548,2650.342466,939.3561644,86.87671233,152.0769231,1220.461538,851.6923077,79.07692308,168,1189.358974,915.5128205,80,191,1964.616279,1026.616279,132.4302326,163,1108.5,870,82.5,168.9130435,1691.173913,915.4782609,96.2173913,148,1204.285714,842,76,138.8125,1318.0625,834.25,76.1875,22,1321,863.6666667,23
409,174,992.76,910.08,87,154.9375,1727.34375,866.90625,82.75,189.2054795,2649.246575,938.6164384,86.67123288,151.6153846,1221.692308,851.5384615,80.61538462,168,1188.179487,915.2564103,80,191,1959.534884,1026.534884,132.2790698,163.25,1107.8125,869.75,82.3125,168.6086957,1692.782609,915.6521739,96.47826087,148,1204.142857,842,76,138.875,1317.375,834.5,76.125,22,1321,857,23
410,174,991.4,910.2,87,154.875,1728.6875,866.8125,82.5,188.9589041,2648.150685,937.8767123,86.46575342,151.1538462,1222.923077,851.3846154,82.15384615,168,1187,915,80,191,1954.453488,1026.453488,132.127907,163.5,1107.125,869.5,82.125,168.3043478,1694.391304,915.826087,96.73913043,148,1204,842,76,138.9375,1316.6875,834.75,76.0625,22,1324.666667,850.3333333,23
411,174,990.04,910.32,87,154.8125,1730.03125,866.71875,82.25,188.7123288,2647.054795,937.1369863,86.26027397,150.6923077,1224.153846,851.2307692,83.69230769,168,1186.615385,914.8461538,80,191,1949.372093,1026.372093,131.9767442,163.75,1106.4375,869.25,81.9375,168,1696,916,97,148,1203.857143,842,76,139,1316,835,76,22,1328.333333,843.6666667,23
412,174,988.68,910.44,87,154.75,1731.375,866.625,82,188.4657534,2645.958904,936.3972603,86.05479452,150.2307692,1225.384615,851.0769231,85.23076923,168,1186.230769,914.6923077,80,191,1944.290698,1026.290698,131.8255814,164,1105.75,869,81.75,167.6956522,1697.608696,916.173913,97.26086957,148,1203.714286,842,76,142.75,1314.25,830.25,76.75,22,1332,837,23
413,174,987.32,910.56,87,154.6875,1732.71875,866.53125,81.75,188.2191781,2644.863014,935.6575342,85.84931507,149.7692308,1226.615385,850.9230769,86.76923077,168,1185.846154,914.5384615,80,191,1939.209302,1026.209302,131.6744186,164.25,1105.0625,868.75,81.5625,167.3913043,1699.217391,916.3478261,97.52173913,148,1203.571429,842,76,146.5,1312.5,825.5,77.5,22,1326.666667,827,23
414,174,985.96,910.68,87,154.625,1734.0625,866.4375,81.5,187.9726027,2643.767123,934.9178082,85.64383562,149.3076923,1227.846154,850.7692308,88.30769231,168,1185.461538,914.3846154,80,191,1934.127907,1026.127907,131.5232558,164.5,1104.375,868.5,81.375,167.0869565,1700.826087,916.5217391,97.7826087,148,1203.428571,842,76,150.25,1310.75,820.75,78.25,22,1321.333333,817,23
415,174,984.6,910.8,87,154.5625,1735.40625,866.34375,81.25,187.7260274,2642.671233,934.1780822,85.43835616,148.8461538,1229.076923,850.6153846,89.84615385,168,1185.076923,914.2307692,80,191,1929.046512,1026.046512,131.372093,164.75,1103.6875,868.25,81.1875,166.7826087,1702.434783,916.6956522,98.04347826,148,1203.285714,842,76,154,1309,816,79,22,1316,807,23
416,174,983.24,910.92,87,154.5,1736.75,866.25,81,187.4794521,2641.575342,933.4383562,85.23287671,148.3846154,1230.307692,850.4615385,91.38461538,168,1184.692308,914.0769231,80,191,1923.965116,1025.965116,131.2209302,165,1103,868,81,166.4782609,1704.043478,916.8695652,98.30434783,148,1203.142857,842,76,153.8,1307.8,814.8,78.4,22,1304.666667,794.6666667,23
417,174,981.88,911.04,87,154.4375,1738.09375,866.15625,80.75,187.2328767,2640.479452,932.6986301,85.02739726,147.9230769,1231.538462,850.3076923,92.92307692,168,1184.307692,913.9230769,80,191,1918.883721,1025.883721,131.0697674,165.0909091,1102.636364,867.9090909,80.81818182,166.173913,1705.652174,917.0434783,98.56521739,148,1203,842,76,153.6,1306.6,813.6,77.8,22,1293.333333,782.3333333,23
418,174,980.52,911.16,87,154.375,1739.4375,866.0625,80.5,186.9863014,2639.383562,931.9589041,84.82191781,147.4615385,1232.769231,850.1538462,94.46153846,168,1183.923077,913.7692308,80,191,1913.802326,1025.802326,130.9186047,165.1818182,1102.272727,867.8181818,80.63636364,165.8695652,1707.26087,917.2173913,98.82608696,148,1202.857143,842,76,153.4,1305.4,812.4,77.2,22,1282,770,23
419,174,979.16,911.28,87,154.3125,1740.78125,865.96875,80.25,186.739726,2638.287671,931.2191781,84.61643836,147,1234,850,96,168,1183.538462,913.6153846,80,191,1908.72093,1025.72093,130.7674419,165.2727273,1101.909091,867.7272727,80.45454545,165.5652174,1708.869565,917.3913043,99.08695652,148,1202.714286,842,76,153.2,1304.2,811.2,76.6,22,1271,760,23
420,174,977.8,911.4,87,154.25,1742.125,865.875,80,186.4931507,2637.191781,930.4794521,84.4109589,147.1428571,1234.428571,849.5714286,95.57142857,168,1183.153846,913.4615385,80,191,1903.639535,1025.639535,130.6162791,165.3636364,1101.545455,867.6363636,80.27272727,165.2608696,1710.478261,917.5652174,99.34782609,148,1202.571429,842,76,153,1303,810,76,22,1260,750,23
421,174,976.44,911.52,87,154.1875,1743.46875,865.78125,79.75,186.2465753,2636.09589,929.739726,84.20547945,147.2857143,1234.857143,849.1428571,95.14285714,168,1182.769231,913.3076923,80,191,1898.55814,1025.55814,130.4651163,165.4545455,1101.181818,867.5454545,80.09090909,164.9565217,1712.086957,917.7391304,99.60869565,148,1202.428571,842,76,152.3333333,1302,812,76.33333333,22,1249,741.25,23
422,174,975.08,911.64,87,154.125,1744.8125,865.6875,79.5,186,2635,929,84,147.4285714,1235.285714,848.7142857,94.71428571,168,1182.384615,913.1538462,80,191,1893.476744,1025.476744,130.3139535,165.5454545,1100.818182,867.4545455,79.90909091,164.6521739,1713.695652,917.9130435,99.86956522,148,1202.285714,842,76,151.6666667,1301,814,76.66666667,22,1238,732.5,23
423,174,973.72,911.76,87,154.0625,1746.15625,865.59375,79.25,185.7317073,2634.536585,928.5121951,83.80487805,147.5714286,1235.714286,848.2857143,94.28571429,168,1182,913,80,191,1888.395349,1025.395349,130.1627907,165.6363636,1100.454545,867.3636364,79.72727273,164.3478261,1715.304348,918.0869565,100.1304348,148,1202.142857,842,76,151,1300,816,77,22,1227,723.75,23
424,174,972.36,911.88,87,154,1747.5,865.5,79,185.4634146,2634.073171,928.0243902,83.6097561,147.7142857,1236.142857,847.8571429,93.85714286,168,1181.615385,912.8461538,80,191,1883.313953,1025.313953,130.0116279,165.7272727,1100.090909,867.2727273,79.54545455,164.0434783,1716.913043,918.2608696,100.3913043,148,1202,842,76,150.3333333,1299,818,77.33333333,22,1216,715,23
425,174,971,912,87,153.9375,1748.84375,865.40625,78.75,185.195122,2633.609756,927.5365854,83.41463415,147.8571429,1236.571429,847.4285714,93.42857143,168,1181.230769,912.6923077,80,191,1878.232558,1025.232558,129.8604651,165.8181818,1099.727273,867.1818182,79.36363636,163.7391304,1718.521739,918.4347826,100.6521739,148,1201.857143,842,76,149.6666667,1298,820,77.66666667,22,1204.8,709.6,23
426,174.0701754,970.9298246,912.1052632,86.89473684,153.875,1750.1875,865.3125,78.5,184.9268293,2633.146341,927.0487805,83.2195122,148,1237,847,93,168,1180.846154,912.5384615,80,191,1873.151163,1025.151163,129.7093023,165.9090909,1099.363636,867.0909091,79.18181818,163.4347826,1720.130435,918.6086957,100.9130435,148,1201.714286,842,76,149,1297,822,78,22,1193.6,704.2,23
427,174.1403509,970.8596491,912.2105263,86.78947368,153.8125,1751.53125,865.21875,78.25,184.6585366,2632.682927,926.5609756,83.02439024,148.1428571,1237.428571,846.5714286,92.57142857,168,1180.461538,912.3846154,80,191,1868.069767,1025.069767,129.5581395,166,1099,867,79,163.1304348,1721.73913,918.7826087,101.173913,148,1201.571429,842,76,148.3333333,1296,824,78.33333333,22,1182.4,698.8,23
428,174.2105263,970.7894737,912.3157895,86.68421053,153.75,1752.875,865.125,78,184.3902439,2632.219512,926.0731707,82.82926829,148.2857143,1237.857143,846.1428571,92.14285714,168,1180.076923,912.2307692,80,191,1862.988372,1024.988372,129.4069767,165.5384615,1097.923077,867.4615385,80.30769231,162.826087,1723.347826,918.9565217,101.4347826,148,1201.428571,842,76,147.6666667,1295,826,78.66666667,22,1171.2,693.4,23
429,174.2807018,970.7192982,912.4210526,86.57894737,153.6875,1754.21875,865.03125,77.75,184.1219512,2631.756098,925.5853659,82.63414634,148.4285714,1238.285714,845.7142857,91.71428571,168,1179.692308,912.0769231,80,191,1857.906977,1024.906977,129.255814,165.0769231,1096.846154,867.9230769,81.61538462,162.5217391,1724.956522,919.1304348,101.6956522,148,1201.285714,842,76,147,1294,828,79,22,1160,688,23
430,174.3508772,970.6491228,912.5263158,86.47368421,153.625,1755.5625,864.9375,77.5,183.8536585,2631.292683,925.097561,82.43902439,148.5714286,1238.714286,845.2857143,91.28571429,168,1179.307692,911.9230769,80,191,1852.825581,1024.825581,129.1046512,164.6153846,1095.769231,868.3846154,82.92307692,162.2173913,1726.565217,919.3043478,101.9565217,148,1201.142857,842,76,148,1298,827,75.66666667,22,1148.666667,686.3333333,23
431,174.4210526,970.5789474,912.6315789,86.36842105,153.5625,1756.90625,864.84375,77.25,183.5853659,2630.829268,924.6097561,82.24390244,148.7142857,1239.142857,844.8571429,90.85714286,168,1178.923077,911.7692308,80,191,1847.744186,1024.744186,128.9534884,164.1538462,1094.692308,868.8461538,84.23076923,161.9130435,1728.173913,919.4782609,102.2173913,148,1201,842,76,149,1302,826,72.33333333,22,1137.333333,684.6666667,23
432,174.4912281,970.5087719,912.7368421,86.26315789,153.5,1758.25,864.75,77,183.3170732,2630.365854,924.1219512,82.04878049,148.8571429,1239.571429,844.4285714,90.42857143,168,1178.538462,911.6153846,80,191,1842.662791,1024.662791,128.8023256,163.6923077,1093.615385,869.3076923,85.53846154,161.6086957,1729.782609,919.6521739,102.4782609,148,1200.857143,842,76,150,1306,825,69,22,1126,683,23
433,174.5614035,970.4385965,912.8421053,86.15789474,153.4375,1759.59375,864.65625,76.75,183.0487805,2629.902439,923.6341463,81.85365854,149,1240,844,90,168,1178.153846,911.4615385,80,191,1837.581395,1024.581395,128.6511628,163.2307692,1092.538462,869.7692308,86.84615385,161.3043478,1731.391304,919.826087,102.7391304,148,1200.714286,842,76,149.6666667,1305.666667,825.3333333,69.375,22,1114.75,683.75,23
434,174.6315789,970.3684211,912.9473684,86.05263158,153.375,1760.9375,864.5625,76.5,182.7804878,2629.439024,923.1463415,81.65853659,149.1666667,1239.166667,843.8888889,89.5,168,1177.769231,911.3076923,80,191,1832.5,1024.5,128.5,162.7692308,1091.461538,870.2307692,88.15384615,161,1733,920,103,148,1200.571429,842,76,149.3333333,1305.333333,825.6666667,69.75,22,1103.5,684.5,23
435,174.7017544,970.2982456,913.0526316,85.94736842,153.3125,1762.28125,864.46875,76.25,182.5121951,2628.97561,922.6585366,81.46341463,149.3333333,1238.333333,843.7777778,89,168,1177.384615,911.1538462,80,191,1827.418605,1024.418605,128.3488372,162.3076923,1090.384615,870.6923077,89.46153846,161.0444444,1735.466667,919.9333333,102.7777778,148,1200.428571,842,76,149,1305,826,70.125,22,1092.25,685.25,23
436,174.7719298,970.2280702,913.1578947,85.84210526,153.25,1763.625,864.375,76,182.2439024,2628.512195,922.1707317,81.26829268,149.5,1237.5,843.6666667,88.5,168,1177,911,80,191,1822.337209,1024.337209,128.1976744,161.8461538,1089.307692,871.1538462,90.76923077,161.0888889,1737.933333,919.8666667,102.5555556,148,1200.285714,842,76,148.6666667,1304.666667,826.3333333,70.5,22,1081,686,23
437,174.8421053,970.1578947,913.2631579,85.73684211,153.1875,1764.96875,864.28125,75.75,181.9756098,2628.04878,921.6829268,81.07317073,149.6666667,1236.666667,843.5555556,88,168,1176.411765,911,80,191,1817.255814,1024.255814,128.0465116,161.3846154,1088.230769,871.6153846,92.07692308,161.1333333,1740.4,919.8,102.3333333,148,1200.142857,842,76,148.3333333,1304.333333,826.6666667,70.875,22,1069.5,689.75,23
438,174.9122807,970.0877193,913.3684211,85.63157895,153.125,1766.3125,864.1875,75.5,181.7073171,2627.585366,921.195122,80.87804878,149.8333333,1235.833333,843.4444444,87.5,168,1175.823529,911,80,191,1812.174419,1024.174419,127.8953488,160.9230769,1087.153846,872.0769231,93.38461538,161.1777778,1742.866667,919.7333333,102.1111111,148,1200,842,76,148,1304,827,71.25,22,1058,693.5,23
439,174.9824561,970.0175439,913.4736842,85.52631579,153.0625,1767.65625,864.09375,75.25,181.4390244,2627.121951,920.7073171,80.68292683,150,1235,843.3333333,87,168,1175.235294,911,80,191,1807.093023,1024.093023,127.744186,160.4615385,1086.076923,872.5384615,94.69230769,161.2222222,1745.333333,919.6666667,101.8888889,148,1199.857143,842,76,147.6666667,1303.666667,827.3333333,71.625,22,1046.5,697.25,23
440,175.0526316,969.9473684,913.5789474,85.42105263,153,1769,864,75,181.1707317,2626.658537,920.2195122,80.48780488,150.1666667,1234.166667,843.2222222,86.5,168,1174.647059,911,80,191,1802.011628,1024.011628,127.5930233,160,1085,873,96,161.2666667,1747.8,919.6,101.6666667,148,1199.714286,842,76,147.3333333,1303.333333,827.6666667,72,22,1035,701,23
441,175.122807,969.877193,913.6842105,85.31578947,152.9444444,1768.888889,864.1111111,74.77777778,180.902439,2626.195122,919.7317073,80.29268293,150.3333333,1233.333333,843.1111111,86,168,1174.058824,911,80,191,1796.930233,1023.930233,127.4418605,160.4347826,1081.086957,873.3478261,95,161.3111111,1750.266667,919.5333333,101.4444444,148,1199.571429,842,76,147,1303,828,72.375,22,1023.666667,708.3333333,23
442,175.1929825,969.8070175,913.7894737,85.21052632,152.8888889,1768.777778,864.2222222,74.55555556,180.6341463,2625.731707,919.2439024,80.09756098,150.5,1232.5,843,85.5,168,1173.470588,911,80,191,1791.848837,1023.848837,127.2906977,160.8695652,1077.173913,873.6956522,94,161.3555556,1752.733333,919.4666667,101.2222222,148,1199.428571,842,76,146.6666667,1302.666667,828.3333333,72.75,22,1012.333333,715.6666667,23
443,175.2631579,969.7368421,913.8947368,85.10526316,152.8333333,1768.666667,864.3333333,74.33333333,180.3658537,2625.268293,918.7560976,79.90243902,150.6666667,1231.666667,842.8888889,85,168,1172.882353,911,80,191,1786.767442,1023.767442,127.1395349,161.3043478,1073.26087,874.0434783,93,161.4,1755.2,919.4,101,148,1199.285714,842,76,146.3333333,1302.333333,828.6666667,73.125,22,1001,723,23
444,175.3333333,969.6666667,914,85,152.7777778,1768.555556,864.4444444,74.11111111,180.097561,2624.804878,918.2682927,79.70731707,150.8333333,1230.833333,842.7777778,84.5,168,1172.294118,911,80,191,1781.686047,1023.686047,126.9883721,161.7391304,1069.347826,874.3913043,92,161.4444444,1757.666667,919.3333333,100.7777778,148,1199.142857,842,76,146,1302,829,73.5,22,989.5,733.25,23
445,175.4035088,969.5964912,914.1052632,84.89473684,152.7222222,1768.444444,864.5555556,73.88888889,179.8292683,2624.341463,917.7804878,79.51219512,151,1230,842.6666667,84,168,1171.705882,911,80,191,1776.604651,1023.604651,126.8372093,162.173913,1065.434783,874.7391304,91,161.4888889,1760.133333,919.2666667,100.5555556,148,1199,842,76,145.6666667,1301.666667,829.3333333,73.875,22,978,743.5,23
446,175.4736842,969.5263158,914.2105263,84.78947368,152.6666667,1768.333333,864.6666667,73.66666667,179.5609756,2623.878049,917.2926829,79.31707317,151.1666667,1229.166667,842.5555556,83.5,168,1171.117647,911,80,191,1771.523256,1023.523256,126.6860465,162.6086957,1061.521739,875.0869565,90,161.5333333,1762.6,919.2,100.3333333,148,1199.083333,841.9583333,76,145.3333333,1301.333333,829.6666667,74.25,22,966.5,753.75,23
447,175.5438596,969.4561404,914.3157895,84.68421053,152.6111111,1768.222222,864.7777778,73.44444444,179.2926829,2623.414634,916.804878,79.12195122,151.3333333,1228.333333,842.4444444,83,168,1170.529412,911,80,191,1766.44186,1023.44186,126.5348837,163.0434783,1057.608696,875.4347826,89,161.5777778,1765.066667,919.1333333,100.1111111,148,1199.166667,841.9166667,76,145,1301,830,74.625,22,955,764,23
448,175.6140351,969.3859649,914.4210526,84.57894737,152.5555556,1768.111111,864.8888889,73.22222222,179.0243902,2622.95122,916.3170732,78.92682927,151.5,1227.5,842.3333333,82.5,168,1169.941176,911,80,191,1761.360465,1023.360465,126.3837209,163.4782609,1053.695652,875.7826087,88,161.6222222,1767.533333,919.0666667,99.88888889,148,1199.25,841.875,76,144.6666667,1300.666667,830.3333333,75,23,944.6666667,776,23.66666667
449,175.6842105,969.3157895,914.5263158,84.47368421,152.5,1768,865,73,178.7560976,2622.487805,915.8292683,78.73170732,151.6666667,1226.666667,842.2222222,82,168,1169.352941,911,80,191,1756.27907,1023.27907,126.2325581,163.9130435,1049.782609,876.1304348,87,161.6666667,1770,919,99.66666667,148,1199.333333,841.8333333,76,144.3333333,1300.333333,830.6666667,75.375,24,934.3333333,788,24.33333333
450,175.754386,969.245614,914.6315789,84.36842105,152.4444444,1767.888889,865.1111111,72.77777778,178.4878049,2622.02439,915.3414634,78.53658537,151.8333333,1225.833333,842.1111111,81.5,168,1168.764706,911,80,191,1751.197674,1023.197674,126.0813953,164.3478261,1045.869565,876.4782609,86,161.7111111,1772.466667,918.9333333,99.44444444,148,1199.416667,841.7916667,76,144,1300,831,75.75,25,924,800,25
451,175.8245614,969.1754386,914.7368421,84.26315789,152.3888889,1767.777778,865.2222222,72.55555556,178.2195122,2621.560976,914.8536585,78.34146341,152,1225,842,81,168,1168.176471,911,80,191,1746.116279,1023.116279,125.9302326,164.7826087,1041.956522,876.826087,85,161.7555556,1774.933333,918.8666667,99.22222222,148,1199.5,841.75,76,143.6666667,1299.666667,831.3333333,76.125,25,925,812,26
452,175.8947368,969.1052632,914.8421053,84.15789474,152.3333333,1767.666667,865.3333333,72.33333333,177.9512195,2621.097561,914.3658537,78.14634146,151.8461538,1222.076923,842.6153846,81.15384615,168,1167.588235,911,80,191,1741.034884,1023.034884,125.7790698,165.2173913,1038.043478,877.173913,84,161.8,1777.4,918.8,99,148,1199.583333,841.7083333,76,143.3333333,1299.333333,831.6666667,76.5,26,939,818,27
453,175.9649123,969.0350877,914.9473684,84.05263158,152.2777778,1767.555556,865.4444444,72.11111111,177.6829268,2620.634146,913.8780488,77.95121951,151.6923077,1219.153846,843.2307692,81.30769231,168,1167,911,80,191,1735.953488,1022.953488,125.627907,165.6521739,1034.130435,877.5217391,83,161.8444444,1779.866667,918.7333333,98.77777778,148,1199.666667,841.6666667,76,143,1299,832,76.875,26.75,953,826,28
454,176.0350877,968.9649123,915.0526316,83.94736842,152.2222222,1767.444444,865.5555556,71.88888889,177.4146341,2620.170732,913.3902439,77.75609756,151.5384615,1216.230769,843.8461538,81.46153846,168,1166.9,911,80,191,1730.872093,1022.872093,125.4767442,166.0869565,1030.217391,877.8695652,82,161.8888889,1782.333333,918.6666667,98.55555556,148,1199.75,841.625,76,142.6666667,1298.666667,832.3333333,77.25,27.5,967,834,29
455,176.1052632,968.8947368,915.1578947,83.84210526,152.1666667,1767.333333,865.6666667,71.66666667,177.1463415,2619.707317,912.902439,77.56097561,151.3846154,1213.307692,844.4615385,81.61538462,168,1166.8,911,80,191,1725.790698,1022.790698,125.3255814,166.5217391,1026.304348,878.2173913,81,161.9333333,1784.8,918.6,98.33333333,148,1199.833333,841.5833333,76,142.3333333,1298.333333,832.6666667,77.625,28.25,981,842,30
456,176.1754386,968.8245614,915.2631579,83.73684211,152.1111111,1767.222222,865.7777778,71.44444444,176.8780488,2619.243902,912.4146341,77.36585366,151.2307692,1210.384615,845.0769231,81.76923077,168,1166.7,911,80,191,1720.709302,1022.709302,125.1744186,166.9565217,1022.391304,878.5652174,80,161.9777778,1787.266667,918.5333333,98.11111111,148,1199.916667,841.5416667,76,142,1298,833,78,29,995,850,31
457,176.245614,968.754386,915.3684211,83.63157895,152.0555556,1767.111111,865.8888889,71.22222222,176.6097561,2618.780488,911.9268293,77.17073171,151.0769231,1207.461538,845.6923077,81.92307692,168,1166.6,911,80,191,1715.627907,1022.627907,125.0232558,167.3913043,1018.478261,878.9130435,79,162.0222222,1789.733333,918.4666667,97.88888889,148,1200,841.5,76,142.1296296,1298.444444,833.0925926,77.85185185,28.75,1009.25,862,30.5
458,176.3157895,968.6842105,915.4736842,83.52631579,152,1767,866,71,176.3414634,2618.317073,911.4390244,76.97560976,150.9230769,1204.538462,846.3076923,82.07692308,168,1166.5,911,80,191,1710.546512,1022.546512,124.872093,167.826087,1014.565217,879.2608696,78,162.0666667,1792.2,918.4,97.66666667,148,1200.083333,841.4583333,76,142.2592593,1298.888889,833.1851852,77.7037037,28.5,1023.5,874,30
459,176.3859649,968.6140351,915.5789474,83.42105263,152.1176471,1767.558824,865.7352941,71.32352941,176.0731707,2617.853659,910.9512195,76.7804878,150.7692308,1201.615385,846.9230769,82.23076923,168,1166.4,911,80,191,1705.465116,1022.465116,124.7209302,168.2608696,1010.652174,879.6086957,77,162.1111111,1794.666667,918.3333333,97.44444444,148,1200.166667,841.4166667,76,142.3888889,1299.333333,833.2777778,77.55555556,28.25,1037.75,886,29.5
460,176.4561404,968.5438596,915.6842105,83.31578947,152.2352941,1768.117647,865.4705882,71.64705882,175.804878,2617.390244,910.4634146,76.58536585,150.6153846,1198.692308,847.5384615,82.38461538,168,1166.3,911,80,191,1700.383721,1022.383721,124.5697674,168.6956522,1006.73913,879.9565217,76,162.1555556,1797.133333,918.2666667,97.22222222,148,1200.25,841.375,76,142.5185185,1299.777778,833.3703704,77.40740741,28,1052,898,29
461,176.5263158,968.4736842,915.7894737,83.21052632,152.3529412,1768.676471,865.2058824,71.97058824,175.5365854,2616.926829,909.9756098,76.3902439,150.4615385,1195.769231,848.1538462,82.53846154,168,1166.2,911,80,191,1695.302326,1022.302326,124.4186047,169.1304348,1002.826087,880.3043478,75,162.2,1799.6,918.2,97,148,1200.333333,841.3333333,76,142.6481481,1300.222222,833.462963,77.25925926,27.66666667,1066.333333,912.6666667,28.33333333
462,176.5964912,968.4035088,915.8947368,83.10526316,152.4705882,1769.235294,864.9411765,72.29411765,175.2682927,2616.463415,909.4878049,76.19512195,150.3076923,1192.846154,848.7692308,82.69230769,168,1166.1,911,80,191,1690.22093,1022.22093,124.2674419,169.5652174,998.9130435,880.6521739,74,162.2444444,1802.066667,918.1333333,96.77777778,148,1200.416667,841.2916667,76,142.7777778,1300.666667,833.5555556,77.11111111,27.33333333,1080.666667,927.3333333,27.66666667
463,176.6666667,968.3333333,916,83,152.5882353,1769.794118,864.6764706,72.61764706,175,2616,909,76,150.1538462,1189.923077,849.3846154,82.84615385,168,1166,911,80,191,1685.139535,1022.139535,124.1162791,170,995,881,73,162.2888889,1804.533333,918.0666667,96.55555556,148,1200.5,841.25,76,142.9074074,1301.111111,833.6481481,76.96296296,27,1095,942,27
464,176.7368421,968.2631579,916.1052632,82.89473684,152.7058824,1770.352941,864.4117647,72.94117647,174.8846154,2615.692308,908.8076923,76.11538462,150,1187,850,83,165.5,1167,912.8333333,80,191,1680.05814,1022.05814,123.9651163,170,991.8333333,881.6666667,73,162.3333333,1807,918,96.33333333,148,1200.583333,841.2083333,76,143.037037,1301.555556,833.7407407,76.81481481,27,1108.333333,958.6666667,27
465,176.8070175,968.1929825,916.2105263,82.78947368,152.8235294,1770.911765,864.1470588,73.26470588,174.7692308,2615.384615,908.6153846,76.23076923,149,1188.4,850.8,81.2,163,1168,914.6666667,80,191,1674.976744,1021.976744,123.8139535,170,988.6666667,882.3333333,73,162.3777778,1809.466667,917.9333333,96.11111111,148,1200.666667,841.1666667,76,143.1666667,1302,833.8333333,76.66666667,27,1121.666667,975.3333333,27
466,176.877193,968.122807,916.3157895,82.68421053,152.9411765,1771.470588,863.8823529,73.58823529,174.6538462,2615.076923,908.4230769,76.34615385,148,1189.8,851.6,79.4,160.5,1169,916.5,80,191,1669.895349,1021.895349,123.6627907,170,985.5,883,73,162.4222222,1811.933333,917.8666667,95.88888889,148,1200.75,841.125,76,143.2962963,1302.444444,833.9259259,76.51851852,27,1135,992,27
467,176.9473684,968.0526316,916.4210526,82.57894737,153.0588235,1772.029412,863.6176471,73.91176471,174.5384615,2614.769231,908.2307692,76.46153846,147,1191.2,852.4,77.6,158,1170,918.3333333,80,191,1664.813953,1021.813953,123.5116279,170,982.3333333,883.6666667,73,162.4666667,1814.4,917.8,95.66666667,148,1200.833333,841.0833333,76,143.4259259,1302.888889,834.0185185,76.37037037,27,1146,1013,27
468,177.0175439,967.9824561,916.5263158,82.47368421,153.1764706,1772.588235,863.3529412,74.23529412,174.4230769,2614.461538,908.0384615,76.57692308,146,1192.6,853.2,75.8,155.5,1171,920.1666667,80,191,1659.732558,1021.732558,123.3604651,170,979.1666667,884.3333333,73,162.5111111,1816.866667,917.7333333,95.44444444,148,1200.916667,841.0416667,76,143.5555556,1303.333333,834.1111111,76.22222222,27,1156,1005,27
469,177.0877193,967.9122807,916.6315789,82.36842105,153.2941176,1773.147059,863.0882353,74.55882353,174.3076923,2614.153846,907.8461538,76.69230769,145,1194,854,74,153,1172,922,80,191,1654.651163,1021.651163,123.2093023,170,976,885,73,162.5555556,1819.333333,917.6666667,95.22222222,148,1201,841,76,143.6851852,1303.777778,834.2037037,76.07407407,27,1164,990,27
470,177.1578947,967.8421053,916.7368421,82.26315789,153.4117647,1773.705882,862.8235294,74.88235294,174.1923077,2613.846154,907.6538462,76.80769231,144,1195.5,854.75,76.625,156,1173,918.4,80,191,1649.569767,1021.569767,123.0581395,170,975.6111111,885.1666667,73,162.6,1821.8,917.6,95,148,1201.083333,840.9583333,76,143.8148148,1304.222222,834.2962963,75.92592593,26,1174,976,26.5
471,177.2280702,967.7719298,916.8421053,82.15789474,153.5294118,1774.264706,862.5588235,75.20588235,174.0769231,2613.538462,907.4615385,76.92307692,143,1197,855.5,79.25,159,1174,914.8,80,191,1644.488372,1021.488372,122.9069767,170,975.2222222,885.3333333,73,162.6444444,1824.266667,917.5333333,94.77777778,148,1201.166667,840.9166667,76,143.9444444,1304.666667,834.3888889,75.77777778,25,1184,962,26
472,177.2982456,967.7017544,916.9473684,82.05263158,153.6470588,1774.823529,862.2941176,75.52941176,173.9615385,2613.230769,907.2692308,77.03846154,142,1198.5,856.25,81.875,162,1175,911.2,80,191,1639.406977,1021.406977,122.755814,170,974.8333333,885.5,73,162.6888889,1826.733333,917.4666667,94.55555556,148,1201.25,840.875,76,144.0740741,1305.111111,834.4814815,75.62962963,25,1196,950,25
473,177.3684211,967.6315789,917.0526316,81.94736842,153.7647059,1775.382353,862.0294118,75.85294118,173.8461538,2612.923077,907.0769231,77.15384615,141,1200,857,84.5,165,1176,907.6,80,191,1634.325581,1021.325581,122.6046512,170,974.4444444,885.6666667,73,162.7333333,1829.2,917.4,94.33333333,148,1201.333333,840.8333333,76,144.2037037,1305.555556,834.5740741,75.48148148,24.33333333,1204,939.3333333,24.66666667
474,177.4385965,967.5614035,917.1578947,81.84210526,153.8823529,1775.941176,861.7647059,76.17647059,173.7307692,2612.615385,906.8846154,77.26923077,140,1201.5,857.75,87.125,168,1177,904,80,191,1629.244186,1021.244186,122.4534884,170,974.0555556,885.8333333,73,162.7777778,1831.666667,917.3333333,94.11111111,148,1201.416667,840.7916667,76,144.3333333,1306,834.6666667,75.33333333,23.66666667,1212,928.6666667,24.33333333
475,177.5087719,967.4912281,917.2631579,81.73684211,154,1776.5,861.5,76.5,173.6153846,2612.307692,906.6923077,77.38461538,139,1203,858.5,89.75,165.5,1180,902,81.25,191,1624.162791,1021.162791,122.3023256,170,973.6666667,886,73,162.8222222,1834.133333,917.2666667,93.88888889,148,1201.5,840.75,76,144.462963,1306.444444,834.7592593,75.18518519,23,1220,918,24
476,177.5789474,967.4210526,917.3684211,81.63157895,154.1176471,1777.058824,861.2352941,76.82352941,173.5,2612,906.5,77.5,138,1204.5,859.25,92.375,163,1183,900,82.5,191,1619.081395,1021.081395,122.1511628,170,973.2777778,886.1666667,73,162.8666667,1836.6,917.2,93.66666667,148,1201.583333,840.7083333,76,144.5925926,1306.888889,834.8518519,75.03703704,23,1225,913,23
477,177.6491228,967.3508772,917.4736842,81.52631579,154.2352941,1777.617647,860.9705882,77.14705882,173.3846154,2611.692308,906.3076923,77.61538462,137,1206,860,95,160.5,1186,898,83.75,191,1614,1021,122,170,972.8888889,886.3333333,73,162.9111111,1839.066667,917.1333333,93.44444444,148,1201.666667,840.6666667,76,144.7222222,1307.333333,834.9444444,74.88888889,22.5,1232,914.5,23
478,177.7192982,967.2807018,917.5789474,81.42105263,154.3529412,1778.176471,860.7058824,77.47058824,173.2692308,2611.384615,906.1153846,77.73076923,137.5714286,1210.571429,859.7142857,94.5,158,1189,896,85,190.862069,1611.275862,1020.758621,121.4137931,170,972.5,886.5,73,162.9555556,1841.533333,917.0666667,93.22222222,148,1201.75,840.625,76,144.8518519,1307.777778,835.037037,74.74074074,22,1239,916,23
479,177.7894737,967.2105263,917.6842105,81.31578947,154.4705882,1778.735294,860.4411765,77.79411765,173.1538462,2611.076923,905.9230769,77.84615385,138.1428571,1215.142857,859.4285714,94,155.75,1191.75,896.875,86.125,190.7241379,1608.551724,1020.517241,120.8275862,170,972.1111111,886.6666667,73,163,1844,917,93,148,1201.833333,840.5833333,76,144.9814815,1308.222222,835.1296296,74.59259259,22,1244,919,23
480,177.8596491,967.1403509,917.7894737,81.21052632,154.5882353,1779.294118,860.1764706,78.11764706,173.0384615,2610.769231,905.7307692,77.96153846,138.7142857,1219.714286,859.1428571,93.5,153.5,1194.5,897.75,87.25,190.5862069,1605.827586,1020.275862,120.2413793,170,971.7222222,886.8333333,73,162.9354839,1847.096774,916.9354839,93.32258065,148,1201.916667,840.5416667,76,145.1111111,1308.666667,835.2222222,74.44444444,22,1249,922,23
481,177.9298246,967.0701754,917.8947368,81.10526316,154.7058824,1779.852941,859.9117647,78.44117647,172.9230769,2610.461538,905.5384615,78.07692308,139.2857143,1224.285714,858.8571429,93,151.25,1197.25,898.625,88.375,190.4482759,1603.103448,1020.034483,119.6551724,170,971.3333333,887,73,162.8709677,1850.193548,916.8709677,93.64516129,148,1202,840.5,76,145.2407407,1309.111111,835.3148148,74.2962963,22,1253,930,23
482,178,967,918,81,154.8235294,1780.411765,859.6470588,78.76470588,172.8076923,2610.153846,905.3461538,78.19230769,139.8571429,1228.857143,858.5714286,92.5,149,1200,899.5,89.5,190.3103448,1600.37931,1019.793103,119.0689655,170,970.9444444,887.1666667,73,162.8064516,1853.290323,916.8064516,93.96774194,148,1202.083333,840.4583333,76,145.3703704,1309.555556,835.4074074,74.14814815,22,1257,938,23
483,178,966.9655172,918.3448276,81.27586207,154.9411765,1780.970588,859.3823529,79.08823529,172.6923077,2609.846154,905.1538462,78.30769231,140.4285714,1233.428571,858.2857143,92,146.75,1202.75,900.375,90.625,190.1724138,1597.655172,1019.551724,118.4827586,170,970.5555556,887.3333333,73,162.7419355,1856.387097,916.7419355,94.29032258,148,1202.166667,840.4166667,76,145.5,1310,835.5,74,22,1261,946,23
484,178,966.9310345,918.6896552,81.55172414,155.0588235,1781.529412,859.1176471,79.41176471,172.5769231,2609.538462,904.9615385,78.42307692,141,1238,858,91.5,144.5,1205.5,901.25,91.75,190.0344828,1594.931034,1019.310345,117.8965517,170,970.1666667,887.5,73,162.6774194,1859.483871,916.6774194,94.61290323,148,1202.25,840.375,76,145.6296296,1310.444444,835.5925926,73.85185185,22,1264,951,23
485,178,966.8965517,919.0344828,81.82758621,155.1764706,1782.088235,858.8529412,79.73529412,172.4615385,2609.230769,904.7692308,78.53846154,141.5714286,1242.571429,857.7142857,91,142.25,1208.25,902.125,92.875,189.8965517,1592.206897,1019.068966,117.3103448,170,969.7777778,887.6666667,73,162.6129032,1862.580645,916.6129032,94.93548387,148,1202.333333,840.3333333,76,145.7592593,1310.888889,835.6851852,73.7037037,22,1267,956,23
486,178,966.862069,919.3793103,82.10344828,155.2941176,1782.647059,858.5882353,80.05882353,172.3461538,2608.923077,904.5769231,78.65384615,142.1428571,1247.142857,857.4285714,90.5,140,1211,903,94,189.7586207,1589.482759,1018.827586,116.7241379,170,969.3888889,887.8333333,73,162.5483871,1865.677419,916.5483871,95.25806452,148,1202.416667,840.2916667,76,145.8888889,1311.333333,835.7777778,73.55555556,22,1270,961,23
487,178,966.8275862,919.7241379,82.37931034,155.4117647,1783.205882,858.3235294,80.38235294,172.2307692,2608.615385,904.3846154,78.76923077,142.7142857,1251.714286,857.1428571,90,139.5,1213.5,902.25,96,189.6206897,1586.758621,1018.586207,116.137931,170,969,888,73,162.483871,1868.774194,916.483871,95.58064516,148,1202.5,840.25,76,146.0185185,1311.777778,835.8703704,73.40740741,22,1273,966,23
488,178,966.7931034,920.0689655,82.65517241,155.5294118,1783.764706,858.0588235,80.70588235,172.1153846,2608.307692,904.1923077,78.88461538,143.2857143,1256.285714,856.8571429,89.5,139,1216,901.5,98,189.4827586,1584.034483,1018.344828,115.5517241,170,971.6363636,887.4545455,73.18181818,162.4193548,1871.870968,916.4193548,95.90322581,148,1202.583333,840.2083333,76,146.1481481,1312.222222,835.962963,73.25925926,22,1277.333333,964.3333333,23
489,178,966.7586207,920.4137931,82.93103448,155.6470588,1784.323529,857.7941176,81.02941176,172,2608,904,79,143.8571429,1260.857143,856.5714286,89,138.5,1218.5,900.75,100,189.3448276,1581.310345,1018.103448,114.9655172,170,974.2727273,886.9090909,73.36363636,162.3548387,1874.967742,916.3548387,96.22580645,148,1202.666667,840.1666667,76,146.2777778,1312.666667,836.0555556,73.11111111,22,1281.666667,962.6666667,23
490,178,966.7241379,920.7586207,83.20689655,155.7647059,1784.882353,857.5294118,81.35294118,173,2608.363636,903,78.81818182,144.4285714,1265.428571,856.2857143,88.5,138,1221,900,102,189.2068966,1578.586207,1017.862069,114.3793103,170,976.9090909,886.3636364,73.54545455,162.2903226,1878.064516,916.2903226,96.5483871,148,1202.75,840.125,76,146.4074074,1313.111111,836.1481481,72.96296296,22,1286,961,23
491,178,966.6896552,921.1034483,83.48275862,155.8823529,1785.441176,857.2647059,81.67647059,174,2608.727273,902,78.63636364,145,1270,856,88,135.6666667,1230.666667,899,96.66666667,189.0689655,1575.862069,1017.62069,113.7931034,170,979.5454545,885.8181818,73.72727273,162.2258065,1881.16129,916.2258065,96.87096774,148,1202.833333,840.0833333,76,146.537037,1313.555556,836.2407407,72.81481481,22,1291.666667,957.3333333,23
492,178,966.6551724,921.4482759,83.75862069,156,1786,857,82,175,2609.090909,901,78.45454545,145.75,1276.3,855.95,87.35,133.3333333,1240.333333,898,91.33333333,188.9310345,1573.137931,1017.37931,113.2068966,170,982.1818182,885.2727273,73.90909091,162.1612903,1884.258065,916.1612903,97.19354839,148,1202.916667,840.0416667,76,146.6666667,1314,836.3333333,72.66666667,22,1297.333333,953.6666667,23
493,178,966.6206897,921.7931034,84.03448276,155.5238095,1788.857143,857.3809524,82.04761905,176,2609.454545,900,78.27272727,146.5,1282.6,855.9,86.7,131,1250,897,86,188.7931034,1570.413793,1017.137931,112.6206897,170,984.8181818,884.7272727,74.09090909,162.0967742,1887.354839,916.0967742,97.51612903,148,1203,840,76,146.7962963,1314.444444,836.4259259,72.51851852,22,1303,950,23
494,178,966.5862069,922.137931,84.31034483,155.047619,1791.714286,857.7619048,82.0952381,177,2609.818182,899,78.09090909,147.25,1288.9,855.85,86.05,132.5,1255.5,895.8333333,88.5,188.6551724,1567.689655,1016.896552,112.0344828,170,987.4545455,884.1818182,74.27272727,162.0322581,1890.451613,916.0322581,97.83870968,148,1204.529412,840.1764706,76,146.9259259,1314.888889,836.5185185,72.37037037,22,1310.75,949.25,23
495,178,966.5517241,922.4827586,84.5862069,154.5714286,1794.571429,858.1428571,82.14285714,178,2610.181818,898,77.90909091,148,1295.2,855.8,85.4,134,1261,894.6666667,91,188.5172414,1564.965517,1016.655172,111.4482759,170,990.0909091,883.6363636,74.45454545,161.9677419,1893.548387,915.9677419,98.16129032,148,1206.058824,840.3529412,76,147.0555556,1315.333333,836.6111111,72.22222222,22,1318.5,948.5,23
496,178,966.5172414,922.8275862,84.86206897,154.0952381,1797.428571,858.5238095,82.19047619,179,2610.545455,897,77.72727273,148.75,1301.5,855.75,84.75,135.5,1266.5,893.5,93.5,188.3793103,1562.241379,1016.413793,110.862069,170,992.7272727,883.0909091,74.63636364,161.9032258,1896.645161,915.9032258,98.48387097,148,1207.588235,840.5294118,76,147.1851852,1315.777778,836.7037037,72.07407407,22,1326.25,947.75,23
497,178,966.4827586,923.1724138,85.13793103,153.6190476,1800.285714,858.9047619,82.23809524,180,2610.909091,896,77.54545455,149.5,1307.8,855.7,84.1,137,1272,892.3333333,96,188.2413793,1559.517241,1016.172414,110.2758621,170,995.3636364,882.5454545,74.81818182,161.8387097,1899.741935,915.8387097,98.80645161,148,1209.117647,840.7058824,76,147.3148148,1316.222222,836.7962963,71.92592593,22,1334,947,23
498,178,966.4482759,923.5172414,85.4137931,153.1428571,1803.142857,859.2857143,82.28571429,181,2611.272727,895,77.36363636,150.25,1314.1,855.65,83.45,138.5,1277.5,891.1666667,98.5,188.1034483,1556.793103,1015.931034,109.6896552,170,998,882,75,161.7741935,1902.83871,915.7741935,99.12903226,148,1210.647059,840.8823529,76,147.4444444,1316.666667,836.8888889,71.77777778,22,1342.666667,944.3333333,23
499,178,966.4137931,923.862069,85.68965517,152.6666667,1806,859.6666667,82.33333333,182,2611.636364,894,77.18181818,151,1320.4,855.6,82.8,140,1283,890,101,187.9655172,1554.068966,1015.689655,109.1034483,170,1001.45,881.7,75.15,161.7096774,1905.935484,915.7096774,99.4516129,148,1212.176471,841.0588235,76,147.5740741,1317.111111,836.9814815,71.62962963,22,1351.333333,941.6666667,23
500,178,966.3793103,924.2068966,85.96551724,152.1904762,1808.857143,860.047619,82.38095238,183,2612,893,77,151.75,1326.7,855.55,82.15,140,1291.222222,889.5555556,101.6666667,187.8275862,1551.344828,1015.448276,108.5172414,170,1004.9,881.4,75.3,161.6451613,1909.032258,915.6451613,99.77419355,148,1213.705882,841.2352941,76,147.7037037,1317.555556,837.0740741,71.48148148,22,1360,939,23
501,178,966.3448276,924.5517241,86.24137931,151.7142857,1811.714286,860.4285714,82.42857143,184,2612.363636,892,76.81818182,152.5,1333,855.5,81.5,140,1299.444444,889.1111111,102.3333333,187.6896552,1548.62069,1015.206897,107.9310345,170,1008.35,881.1,75.45,161.5806452,1912.129032,915.5806452,100.0967742,148,1215.235294,841.4117647,76,147.8333333,1318,837.1666667,71.33333333,22,1368.333333,937.3333333,23
502,178,966.3103448,924.8965517,86.51724138,151.2380952,1814.571429,860.8095238,82.47619048,185,2612.727273,891,76.63636364,153.25,1339.3,855.45,80.85,140,1307.666667,888.6666667,103,187.5517241,1545.896552,1014.965517,107.3448276,170,1011.8,880.8,75.6,161.516129,1915.225806,915.516129,100.4193548,148,1216.764706,841.5882353,76,147.962963,1318.444444,837.2592593,71.18518519,22,1376.666667,935.6666667,23
503,178,966.2758621,925.2413793,86.79310345,150.7619048,1817.428571,861.1904762,82.52380952,186,2613.090909,890,76.45454545,154,1345.6,855.4,80.2,140,1315.888889,888.2222222,103.6666667,187.4137931,1543.172414,1014.724138,106.7586207,170,1015.25,880.5,75.75,161.4516129,1918.322581,915.4516129,100.7419355,148,1218.294118,841.7647059,76,148.0925926,1318.888889,837.3518519,71.03703704,22,1385,934,23
504,178,966.2413793,925.5862069,87.06896552,150.2857143,1820.285714,861.5714286,82.57142857,187,2613.454545,889,76.27272727,154.75,1351.9,855.35,79.55,140,1324.111111,887.7777778,104.3333333,187.2758621,1540.448276,1014.482759,106.1724138,170,1018.7,880.2,75.9,161.3870968,1921.419355,915.3870968,101.0645161,148,1219.823529,841.9411765,76,148.2222222,1319.333333,837.4444444,70.88888889,22,1395.333333,936,23
505,178,966.2068966,925.9310345,87.34482759,149.8095238,1823.142857,861.952381,82.61904762,188,2613.818182,888,76.09090909,155.5,1358.2,855.3,78.9,140,1332.333333,887.3333333,105,187.137931,1537.724138,1014.241379,105.5862069,170,1022.15,879.9,76.05,161.3225806,1924.516129,915.3225806,101.3870968,148,1221.352941,842.1176471,76,148.3518519,1319.777778,837.537037,70.74074074,22,1405.666667,938,23
506,178,966.1724138,926.2758621,87.62068966,149.3333333,1826,862.3333333,82.66666667,189,2614.181818,887,75.90909091,156.25,1364.5,855.25,78.25,140,1340.555556,886.8888889,105.6666667,187,1535,1014,105,170,1025.6,879.6,76.2,161.2580645,1927.612903,915.2580645,101.7096774,148,1222.882353,842.2941176,76,148.4814815,1320.222222,837.6296296,70.59259259,22,1416,940,23
507,178,966.137931,926.6206897,87.89655172,148.8571429,1828.857143,862.7142857,82.71428571,190,2614.545455,886,75.72727273,157,1370.8,855.2,77.6,140,1348.777778,886.4444444,106.3333333,186.8823529,1536,1013.176471,104.4117647,170,1029.05,879.3,76.35,161.1935484,1930.709677,915.1935484,102.0322581,148,1224.411765,842.4705882,76,148.6111111,1320.666667,837.7222222,70.44444444,22,1425.6,952.4,23
508,178,966.1034483,926.9655172,88.17241379,148.3809524,1831.714286,863.0952381,82.76190476,191,2614.909091,885,75.54545455,157.75,1377.1,855.15,76.95,140,1357,886,107,186.7647059,1537,1012.352941,103.8235294,170,1032.5,879,76.5,161.1290323,1933.806452,915.1290323,102.3548387,148,1225.941176,842.6470588,76,148.7407407,1321.111111,837.8148148,70.2962963,22,1435.2,964.8,23
509,178,966.0689655,927.3103448,88.44827586,147.9047619,1834.571429,863.4761905,82.80952381,192,2615.272727,884,75.36363636,158.5,1383.4,855.1,76.3,135,1376,887,85,186.6470588,1538,1011.529412,103.2352941,170,1035.95,878.7,76.65,161.0645161,1936.903226,915.0645161,102.6774194,148,1227.470588,842.8235294,76,148.8703704,1321.555556,837.9074074,70.14814815,22,1444.8,977.2,23
510,178,966.0344828,927.6551724,88.72413793,147.4285714,1837.428571,863.8571429,82.85714286,193,2615.636364,883,75.18181818,159.25,1389.7,855.05,75.65,135.5714286,1382.142857,886.5714286,88.28571429,186.5294118,1539,1010.705882,102.6470588,170,1039.4,878.4,76.8,161,1940,915,103,148,1229,843,76,149,1322,838,70,22,1454.4,989.6,23
511,178,966,928,89,146.952381,1840.285714,864.2380952,82.9047619,194,2616,882,75,160,1396,855,75,136.1428571,1388.285714,886.1428571,91.57142857,186.4117647,1540,1009.882353,102.0588235,170,1042.85,878.1,76.95,162.4545455,1944,913.3636364,101.5454545,148,1229.561404,843.1052632,76,148.852459,1323.016393,838.2131148,70,22,1464,1002,23
512,178,966.2857143,927.8571429,89.28571429,146.4761905,1843.142857,864.6190476,82.95238095,195,2616.363636,881,74.81818182,159.4666667,1399.133333,854.7333333,75.8,136.7142857,1394.428571,885.7142857,94.85714286,186.2941176,1541,1009.058824,101.4705882,170,1046.3,877.8,77.1,163.9090909,1948,911.7272727,100.0909091,148,1230.122807,843.2105263,76,148.704918,1324.032787,838.4262295,70,22,1465.666667,990,23
513,178,966.5714286,927.7142857,89.57142857,146,1846,865,83,196,2616.727273,880,74.63636364,158.9333333,1402.266667,854.4666667,76.6,137.2857143,1400.571429,885.2857143,98.14285714,186.1764706,1542,1008.235294,100.8823529,170,1049.75,877.5,77.25,165.3636364,1952,910.0909091,98.63636364,148,1230.684211,843.3157895,76,148.557377,1325.04918,838.6393443,70,22,1467.333333,978,23
514,178,966.8571429,927.5714286,89.85714286,146.1052632,1848.736842,865.1578947,83.52631579,197,2617.090909,879,74.45454545,158.4,1405.4,854.2,77.4,137.8571429,1406.714286,884.8571429,101.4285714,186.0588235,1543,1007.411765,100.2941176,170,1053.2,877.2,77.4,166.8181818,1956,908.4545455,97.18181818,148,1231.245614,843.4210526,76,148.4098361,1326.065574,838.852459,70,22,1469,966,23
515,178,967.1428571,927.4285714,90.14285714,146.2105263,1851.473684,865.3157895,84.05263158,198,2617.454545,878,74.27272727,157.8666667,1408.533333,853.9333333,78.2,138.4285714,1412.857143,884.4285714,104.7142857,185.9411765,1544,1006.588235,99.70588235,170,1056.65,876.9,77.55,168.2727273,1960,906.8181818,95.72727273,148,1231.807018,843.5263158,76,148.2622951,1327.081967,839.0655738,70,22,1472,960,23
516,178,967.4285714,927.2857143,90.42857143,146.3157895,1854.210526,865.4736842,84.57894737,199,2617.818182,877,74.09090909,157.3333333,1411.666667,853.6666667,79,139,1419,884,108,185.8235294,1545,1005.764706,99.11764706,170,1060.1,876.6,77.7,169.7272727,1964,905.1818182,94.27272727,148,1232.368421,843.6315789,76,148.1147541,1328.098361,839.2786885,70,22,1475,954,23
517,178,967.7142857,927.1428571,90.71428571,146.4210526,1856.947368,865.6315789,85.10526316,200,2618.181818,876,73.90909091,156.8,1414.8,853.4,79.8,139.6666667,1430.5,884.1666667,107.1666667,185.7058824,1546,1004.941176,98.52941176,170,1063.55,876.3,77.85,171.1818182,1968,903.5454545,92.81818182,148,1232.929825,843.7368421,76,147.9672131,1329.114754,839.4918033,70,22,1479.666667,951.3333333,23
518,178,968,927,91,146.5263158,1859.684211,865.7894737,85.63157895,201,2618.545455,875,73.72727273,156.2666667,1417.933333,853.1333333,80.6,140.3333333,1442,884.3333333,106.3333333,185.5882353,1547,1004.117647,97.94117647,170,1067,876,78,172.6363636,1972,901.9090909,91.36363636,148,1233.491228,843.8421053,76,147.8196721,1330.131148,839.704918,70,22,1484.333333,948.6666667,23
519,178.0555556,969.7777778,926.8888889,91.27777778,146.6315789,1862.421053,865.9473684,86.15789474,202,2618.909091,874,73.54545455,155.7333333,1421.066667,852.8666667,81.4,141,1453.5,884.5,105.5,185.4705882,1548,1003.294118,97.35294118,169.9375,1069.9375,875.9375,79.625,174.0909091,1976,900.2727273,89.90909091,148,1234.052632,843.9473684,76,147.6721311,1331.147541,839.9180328,70,22,1489,946,23
520,178.1111111,971.5555556,926.7777778,91.55555556,146.7368421,1865.157895,866.1052632,86.68421053,203,2619.272727,873,73.36363636,155.2,1424.2,852.6,82.2,141.6666667,1465,884.6666667,104.6666667,185.3529412,1549,1002.470588,96.76470588,169.875,1072.875,875.875,81.25,175.5454545,1980,898.6363636,88.45454545,148,1234.614035,844.0526316,76,147.5245902,1332.163934,840.1311475,70,22,1499.5,945,23
521,178.1666667,973.3333333,926.6666667,91.83333333,146.8421053,1867.894737,866.2631579,87.21052632,204,2619.636364,872,73.18181818,154.6666667,1427.333333,852.3333333,83,142.3333333,1476.5,884.8333333,103.8333333,185.2352941,1550,1001.647059,96.17647059,169.8125,1075.8125,875.8125,82.875,177,1984,897,87,148,1235.175439,844.1578947,76,147.3770492,1333.180328,840.3442623,70,22,1510,944,23
522,178.2222222,975.1111111,926.5555556,92.11111111,146.9473684,1870.631579,866.4210526,87.73684211,205,2620,871,73,154.1333333,1430.466667,852.0666667,83.8,143,1488,885,103,185.1176471,1551,1000.823529,95.58823529,169.75,1078.75,875.75,84.5,175.4166667,1988.5,898,88.75,148,1235.736842,844.2631579,76,147.2295082,1334.196721,840.557377,70,22,1519,942,23
523,178.2777778,976.8888889,926.4444444,92.38888889,147.0526316,1873.368421,866.5789474,88.26315789,203.6153846,2620.423077,872.5,73.30769231,153.6,1433.6,851.8,84.6,144.5,1497.3,882.4,104,185,1552,1000,95,169.6875,1081.6875,875.6875,86.125,173.8333333,1993,899,90.5,148,1236.298246,844.3684211,76,147.0819672,1335.213115,840.7704918,70,22,1528,940,23
524,178.3333333,978.6666667,926.3333333,92.66666667,147.1578947,1876.105263,866.7368421,88.78947368,202.2307692,2620.846154,874,73.61538462,153.0666667,1436.733333,851.5333333,85.4,146,1506.6,879.8,105,184.8125,1554.625,999.5,94.6875,169.625,1084.625,875.625,87.75,172.25,1997.5,900,92.25,148,1236.859649,844.4736842,76,146.9344262,1336.229508,840.9836066,70,22,1539,934.5,23
525,178.3888889,980.4444444,926.2222222,92.94444444,147.2631579,1878.842105,866.8947368,89.31578947,200.8461538,2621.269231,875.5,73.92307692,152.5333333,1439.866667,851.2666667,86.2,147.5,1515.9,877.2,106,184.625,1557.25,999,94.375,169.5625,1087.5625,875.5625,89.375,170.6666667,2002,901,94,148,1237.421053,844.5789474,76,146.7868852,1337.245902,841.1967213,70,22,1550,929,23
526,178.4444444,982.2222222,926.1111111,93.22222222,147.3684211,1881.578947,867.0526316,89.84210526,199.4615385,2621.692308,877,74.23076923,152,1443,851,87,149,1525.2,874.6,107,184.4375,1559.875,998.5,94.0625,169.5,1090.5,875.5,91,169.0833333,2006.5,902,95.75,148,1237.982456,844.6842105,76,146.6393443,1338.262295,841.4098361,70,22,1564,920.6666667,23
527,178.5,984,926,93.5,147.4736842,1884.315789,867.2105263,90.36842105,198.0769231,2622.115385,878.5,74.53846154,152.2857143,1443.285714,851.047619,86.80952381,150.5,1534.5,872,108,184.25,1562.5,998,93.75,169.4375,1093.4375,875.4375,92.625,167.5,2011,903,97.5,148,1238.54386,844.7894737,76,146.4918033,1339.278689,841.6229508,70,22,1578,912.3333333,23
528,178.5555556,985.7777778,925.8888889,93.77777778,147.5789474,1887.052632,867.3684211,90.89473684,196.6923077,2622.538462,880,74.84615385,152.5714286,1443.571429,851.0952381,86.61904762,152,1543.8,869.4,109,184.0625,1565.125,997.5,93.4375,169.375,1096.375,875.375,94.25,165.9166667,2015.5,904,99.25,148,1239.105263,844.8947368,76,146.3442623,1340.295082,841.8360656,70,22,1592,904,23
529,178.6111111,987.5555556,925.7777778,94.05555556,147.6842105,1889.789474,867.5263158,91.42105263,195.3076923,2622.961538,881.5,75.15384615,152.8571429,1443.857143,851.1428571,86.42857143,153.5,1553.1,866.8,110,183.875,1567.75,997,93.125,169.3125,1099.3125,875.3125,95.875,164.3333333,2020,905,101,148,1239.666667,845,76,146.1967213,1341.311475,842.0491803,70,22,1614.5,890,23
530,178.6666667,989.3333333,925.6666667,94.33333333,147.7894737,1892.526316,867.6842105,91.94736842,193.9230769,2623.384615,883,75.46153846,153.1428571,1444.142857,851.1904762,86.23809524,155,1562.4,864.2,111,183.6875,1570.375,996.5,92.8125,169.25,1102.25,875.25,97.5,162.75,2024.5,906,102.75,148,1240.22807,845.1052632,76,146.0491803,1342.327869,842.2622951,70,22,1637,876,23
531,178.7222222,991.1111111,925.5555556,94.61111111,147.8947368,1895.263158,867.8421053,92.47368421,192.5384615,2623.807692,884.5,75.76923077,153.4285714,1444.428571,851.2380952,86.04761905,156.5,1571.7,861.6,112,183.5,1573,996,92.5,169.1875,1105.1875,875.1875,99.125,161.1666667,2029,907,104.5,148,1240.789474,845.2105263,76,145.9016393,1343.344262,842.4754098,70,22,1666,865,23
532,178.7777778,992.8888889,925.4444444,94.88888889,148,1898,868,93,191.1538462,2624.230769,886,76.07692308,153.7142857,1444.714286,851.2857143,85.85714286,158,1581,859,113,183.3125,1575.625,995.5,92.1875,169.125,1108.125,875.125,100.75,159.5833333,2033.5,908,106.25,148,1241.350877,845.3157895,76,145.7540984,1344.360656,842.6885246,70,22,1695,854,23
533,178.8333333,994.6666667,925.3333333,95.16666667,149.5714286,1902.714286,867,90.28571429,189.7692308,2624.653846,887.5,76.38461538,154,1445,851.3333333,85.66666667,159.7142857,1591.428571,859.2857143,110.7142857,183.125,1578.25,995,91.875,169.0625,1111.0625,875.0625,102.375,158,2038,909,108,148,1241.912281,845.4210526,76,145.6065574,1345.377049,842.9016393,70,22,1724.4,844,23
534,178.8888889,996.4444444,925.2222222,95.44444444,151.1428571,1907.428571,866,87.57142857,188.3846154,2625.076923,889,76.69230769,154.2857143,1445.285714,851.3809524,85.47619048,161.4285714,1601.857143,859.5714286,108.4285714,182.9375,1580.875,994.5,91.5625,169,1114,875,104,158.5,2046.166667,907.6666667,103.5,148,1242.473684,845.5263158,76,145.4590164,1346.393443,843.1147541,70,22,1753.8,834,23
535,178.9444444,998.2222222,925.1111111,95.72222222,152.7142857,1912.142857,865,84.85714286,187,2625.5,890.5,77,154.5714286,1445.571429,851.4285714,85.28571429,163.1428571,1612.285714,859.8571429,106.1428571,182.75,1583.5,994,91.25,168.969697,1116.909091,874.9090909,103.6060606,159,2054.333333,906.3333333,99,148,1243.035088,845.6315789,76,145.3114754,1347.409836,843.3278689,70,22,1783.2,824,23
536,179,1000,925,96,154.2857143,1916.857143,864,82.14285714,185.6153846,2625.923077,892,77.30769231,154.8571429,1445.857143,851.4761905,85.0952381,164.8571429,1622.714286,860.1428571,103.8571429,182.5625,1586.125,993.5,90.9375,168.9393939,1119.818182,874.8181818,103.2121212,159.5,2062.5,905,94.5,148,1243.596491,845.7368421,76,145.1639344,1348.42623,843.5409836,70,22,1812.6,814,23
537,179,1002.474359,925.0128205,96,155.8571429,1921.571429,863,79.42857143,184.2307692,2626.346154,893.5,77.61538462,155.1428571,1446.142857,851.5238095,84.9047619,166.5714286,1633.142857,860.4285714,101.5714286,182.375,1588.75,993,90.625,168.9090909,1122.727273,874.7272727,102.8181818,160,2070.666667,903.6666667,90,148,1244.157895,845.8421053,76,145.0163934,1349.442623,843.7540984,70,22,1842,804,23
538,179,1004.948718,925.025641,96,157.4285714,1926.285714,862,76.71428571,182.8461538,2626.769231,895,77.92307692,155.4285714,1446.428571,851.5714286,84.71428571,168.2857143,1643.571429,860.7142857,99.28571429,182.1875,1591.375,992.5,90.3125,168.8787879,1125.636364,874.6363636,102.4242424,160.5,2078.833333,902.3333333,85.5,148,1244.719298,845.9473684,76,144.8688525,1350.459016,843.9672131,70,22,1872,797.75,23
539,179,1007.423077,925.0384615,96,159,1931,861,74,181.4615385,2627.192308,896.5,78.23076923,155.7142857,1446.714286,851.6190476,84.52380952,170,1654,861,97,182,1594,992,90,168.8484848,1128.545455,874.5454545,102.030303,161,2087,901,81,148,1245.280702,846.0526316,76,144.7213115,1351.47541,844.1803279,70,22,1902,791.5,23
540,179,1009.897436,925.0512821,96,158.826087,1933.913043,861.4347826,74.7826087,180.0769231,2627.615385,898,78.53846154,156,1447,851.6666667,84.33333333,163.5,1665.5,868.5,96.5,181.8529412,1597.411765,991.8529412,89.73529412,168.8181818,1131.454545,874.4545455,101.6363636,159,2090.666667,902.6666667,84,148,1245.842105,846.1578947,76,144.5737705,1352.491803,844.3934426,70,22,1932,785.25,23
541,179,1012.371795,925.0641026,96,158.6521739,1936.826087,861.8695652,75.56521739,178.6923077,2628.038462,899.5,78.84615385,156.2857143,1447.285714,851.7142857,84.14285714,157,1677,876,96,181.7058824,1600.823529,991.7058824,89.47058824,168.7878788,1134.363636,874.3636364,101.2424242,157,2094.333333,904.3333333,87,148,1246.403509,846.2631579,76,144.4262295,1353.508197,844.6065574,70,22,1962,779,23
542,179,1014.846154,925.0769231,96,158.4782609,1939.73913,862.3043478,76.34782609,177.3076923,2628.461538,901,79.15384615,156.5714286,1447.571429,851.7619048,83.95238095,157.15,1684.2,876.25,94.9,181.5588235,1604.235294,991.5588235,89.20588235,168.7575758,1137.272727,874.2727273,100.8484848,155,2098,906,90,148,1246.964912,846.3684211,76,144.2786885,1354.52459,844.8196721,70,22,1990.75,775.5,23
543,179,1017.320513,925.0897436,96,158.3043478,1942.652174,862.7391304,77.13043478,175.9230769,2628.884615,902.5,79.46153846,156.8571429,1447.857143,851.8095238,83.76190476,157.3,1691.4,876.5,93.8,181.4117647,1607.647059,991.4117647,88.94117647,168.7272727,1140.181818,874.1818182,100.4545455,154.4,2102.5,907.5,92.8,148,1247.526316,846.4736842,76,144.1311475,1355.540984,845.0327869,70,22,2019.5,772,23
544,179,1019.794872,925.1025641,96,158.1304348,1945.565217,863.173913,77.91304348,174.5384615,2629.307692,904,79.76923077,157.1428571,1448.142857,851.8571429,83.57142857,157.45,1698.6,876.75,92.7,181.2647059,1611.058824,991.2647059,88.67647059,168.6969697,1143.090909,874.0909091,100.0606061,153.8,2107,909,95.6,148,1248.087719,846.5789474,76,143.9836066,1356.557377,845.2459016,70,22,2048.25,768.5,23
545,179,1022.269231,925.1153846,96,157.9565217,1948.478261,863.6086957,78.69565217,173.1538462,2629.730769,905.5,80.07692308,157.4285714,1448.428571,851.9047619,83.38095238,157.6,1705.8,877,91.6,181.1176471,1614.470588,991.1176471,88.41176471,168.6666667,1146,874,99.66666667,153.2,2111.5,910.5,98.4,148,1248.649123,846.6842105,76,143.8360656,1357.57377,845.4590164,70,22,2077,765,23
546,179,1024.74359,925.1282051,96,157.7826087,1951.391304,864.0434783,79.47826087,171.7692308,2630.153846,907,80.38461538,157.7142857,1448.714286,851.952381,83.19047619,157.75,1713,877.25,90.5,180.9705882,1617.882353,990.9705882,88.14705882,168.6363636,1148.909091,873.9090909,99.27272727,152.6,2116,912,101.2,148,1249.210526,846.7894737,76,143.6885246,1358.590164,845.6721311,70,22,2105.25,765.25,23
547,179,1027.217949,925.1410256,96,157.6086957,1954.304348,864.4782609,80.26086957,170.3846154,2630.576923,908.5,80.69230769,158,1449,852,83,157.9,1720.2,877.5,89.4,180.8235294,1621.294118,990.8235294,87.88235294,168.6060606,1151.818182,873.8181818,98.87878788,152,2120.5,913.5,104,148,1249.77193,846.8947368,76,143.5409836,1359.606557,845.8852459,70,22,2133.5,765.5,23
548,179,1029.692308,925.1538462,96,157.4347826,1957.217391,864.9130435,81.04347826,169,2631,910,81,158,1447.333333,852.3809524,83.19047619,158.05,1727.4,877.75,88.3,180.6764706,1624.705882,990.6764706,87.61764706,168.5757576,1154.727273,873.7272727,98.48484848,151.4,2125,915,106.8,148,1250.333333,847,76,143.3934426,1360.622951,846.0983607,70,22,2161.75,765.75,23
549,179,1032.166667,925.1666667,96,157.2608696,1960.130435,865.3478261,81.82608696,169.0454545,2634.045455,909.9090909,82.45454545,158,1445.666667,852.7619048,83.38095238,158.2,1734.6,878,87.2,180.5294118,1628.117647,990.5294118,87.35294118,168.5454545,1157.636364,873.6363636,98.09090909,150.8,2129.5,916.5,109.6,148,1250.894737,847.1052632,76,143.2459016,1361.639344,846.3114754,70,22,2190,766,23
550,179,1034.641026,925.1794872,96,157.0869565,1963.043478,865.7826087,82.60869565,169.0909091,2637.090909,909.8181818,83.90909091,158,1444,853.1428571,83.57142857,158.35,1741.8,878.25,86.1,180.3823529,1631.529412,990.3823529,87.08823529,168.5151515,1160.545455,873.5454545,97.6969697,150.2,2134,918,112.4,148,1251.45614,847.2105263,76,143.0983607,1362.655738,846.5245902,70,22,2218.4,769.4,23
551,179,1037.115385,925.1923077,96,156.9130435,1965.956522,866.2173913,83.39130435,169.1363636,2640.136364,909.7272727,85.36363636,158,1442.333333,853.5238095,83.76190476,158.5,1749,878.5,85,180.2352941,1634.941176,990.2352941,86.82352941,168.4848485,1163.454545,873.4545455,97.3030303,149.6,2138.5,919.5,115.2,148,1252.017544,847.3157895,76,142.9508197,1363.672131,846.7377049,70,22,2246.8,772.8,23
552,179,1039.589744,925.2051282,96,156.7391304,1968.869565,866.6521739,84.17391304,169.1818182,2643.181818,909.6363636,86.81818182,158,1440.666667,853.9047619,83.95238095,158.65,1756.2,878.75,83.9,180.0882353,1638.352941,990.0882353,86.55882353,168.4545455,1166.363636,873.3636364,96.90909091,149,2143,921,118,148,1252.578947,847.4210526,76,142.8032787,1364.688525,846.9508197,70,22,2275.2,776.2,23
553,179,1042.064103,925.2179487,96,156.5652174,1971.782609,867.0869565,84.95652174,169.2272727,2646.227273,909.5454545,88.27272727,158,1439,854.2857143,84.14285714,158.8,1763.4,879,82.8,179.9411765,1641.764706,989.9411765,86.29411765,168.4242424,1169.272727,873.2727273,96.51515152,149.875,2152.5,920.375,117.5,148,1253.140351,847.5263158,76,142.6557377,1365.704918,847.1639344,70,22,2303.6,779.6,23
554,179,1044.538462,925.2307692,96,156.3913043,1974.695652,867.5217391,85.73913043,169.2727273,2649.272727,909.4545455,89.72727273,158,1437.333333,854.6666667,84.33333333,158.95,1770.6,879.25,81.7,179.7941176,1645.176471,989.7941176,86.02941176,168.3939394,1172.181818,873.1818182,96.12121212,150.75,2162,919.75,117,148,1253.701754,847.6315789,76,142.5081967,1366.721311,847.3770492,70,22,2332,783,23
555,179,1047.012821,925.2435897,96,156.2173913,1977.608696,867.9565217,86.52173913,169.3181818,2652.318182,909.3636364,91.18181818,158,1435.666667,855.047619,84.52380952,159.1,1777.8,879.5,80.6,179.6470588,1648.588235,989.6470588,85.76470588,168.3636364,1175.090909,873.0909091,95.72727273,151.625,2171.5,919.125,116.5,148,1254.263158,847.7368421,76,142.3606557,1367.737705,847.5901639,70,22,2359.6,790.6,23
556,179,1049.487179,925.2564103,96,156.0434783,1980.521739,868.3913043,87.30434783,169.3636364,2655.363636,909.2727273,92.63636364,158,1434,855.4285714,84.71428571,159.25,1785,879.75,79.5,179.5,1652,989.5,85.5,168.3333333,1178,873,95.33333333,152.5,2181,918.5,116,148,1254.824561,847.8421053,76,142.2131148,1368.754098,847.8032787,70,22,2387.2,798.2,23
557,179,1051.961538,925.2692308,96,155.8695652,1983.434783,868.826087,88.08695652,169.4090909,2658.409091,909.1818182,94.09090909,158,1432.333333,855.8095238,84.9047619,159.4,1792.2,880,78.4,179.3529412,1655.411765,989.3529412,85.23529412,168.3030303,1180.909091,872.9090909,94.93939394,153.375,2190.5,917.875,115.5,148,1255.385965,847.9473684,76,142.0655738,1369.770492,848.0163934,70,22,2414.8,805.8,23
558,179,1054.435897,925.2820513,96,155.6956522,1986.347826,869.2608696,88.86956522,169.4545455,2661.454545,909.0909091,95.54545455,158,1430.666667,856.1904762,85.0952381,159.55,1799.4,880.25,77.3,179.2058824,1658.823529,989.2058824,84.97058824,168.2727273,1183.818182,872.8181818,94.54545455,154.25,2200,917.25,115,148,1255.947368,848.0526316,76,141.9180328,1370.786885,848.2295082,70,22,2442.4,813.4,23
559,179,1056.910256,925.2948718,96,155.5217391,1989.26087,869.6956522,89.65217391,169.5,2664.5,909,97,158,1429,856.5714286,85.28571429,159.7,1806.6,880.5,76.2,179.0588235,1662.235294,989.0588235,84.70588235,168.2424242,1186.727273,872.7272727,94.15151515,155.125,2209.5,916.625,114.5,148,1256.508772,848.1578947,76,141.7704918,1371.803279,848.442623,70,22,2470,821,23
560,179,1059.384615,925.3076923,96,155.3478261,1992.173913,870.1304348,90.43478261,169.5454545,2667.545455,908.9090909,98.45454545,158,1427.333333,856.952381,85.47619048,159.85,1813.8,880.75,75.1,178.9117647,1665.647059,988.9117647,84.44117647,168.2121212,1189.636364,872.6363636,93.75757576,156,2219,916,114,148,1257.070175,848.2631579,76,141.6229508,1372.819672,848.6557377,70,22,2497,832.4,23
561,179,1061.858974,925.3205128,96,155.173913,1995.086957,870.5652174,91.2173913,169.5909091,2670.590909,908.8181818,99.90909091,158,1425.666667,857.3333333,85.66666667,160,1821,881,74,178.7647059,1669.058824,988.7647059,84.17647059,168.1818182,1192.545455,872.5454545,93.36363636,156.4375,2229.875,915.9375,113.125,148,1257.631579,848.3684211,76,141.4754098,1373.836066,848.8688525,70,22,2524,843.8,23
562,179,1064.333333,925.3333333,96,155,1998,871,92,169.6363636,2673.636364,908.7272727,101.3636364,158,1424,857.7142857,85.85714286,160.6153846,1825.769231,880.9230769,74.69230769,178.6176471,1672.470588,988.6176471,83.91176471,168.1515152,1195.454545,872.4545455,92.96969697,156.875,2240.75,915.875,112.25,148,1258.192982,848.4736842,76,141.3278689,1374.852459,849.0819672,70,22,2551,855.2,23
563,179,1066.807692,925.3461538,96,155.125,2001.2,871.125,91.975,169.6818182,2676.681818,908.6363636,102.8181818,158,1422.333333,858.0952381,86.04761905,161.2307692,1830.538462,880.8461538,75.38461538,178.4705882,1675.882353,988.4705882,83.64705882,168.1212121,1198.363636,872.3636364,92.57575758,157.3125,2251.625,915.8125,111.375,148,1258.754386,848.5789474,76,141.1803279,1375.868852,849.295082,70,22,2578,866.6,23
564,179,1069.282051,925.3589744,96,155.25,2004.4,871.25,91.95,169.7272727,2679.727273,908.5454545,104.2727273,158,1420.666667,858.4761905,86.23809524,161.8461538,1835.307692,880.7692308,76.07692308,178.3235294,1679.294118,988.3235294,83.38235294,168.0909091,1201.272727,872.2727273,92.18181818,157.75,2262.5,915.75,110.5,148,1259.315789,848.6842105,76,141.0327869,1376.885246,849.5081967,70,22,2605,878,23
565,179,1071.75641,925.3717949,96,155.375,2007.6,871.375,91.925,169.7727273,2682.772727,908.4545455,105.7272727,158,1419,858.8571429,86.42857143,162.4615385,1840.076923,880.6923077,76.76923077,178.1764706,1682.705882,988.1764706,83.11764706,168.0606061,1204.181818,872.1818182,91.78787879,158.1875,2273.375,915.6875,109.625,148,1259.877193,848.7894737,76,140.8852459,1377.901639,849.7213115,70,22,2630,891,23
566,179,1074.230769,925.3846154,96,155.5,2010.8,871.5,91.9,169.8181818,2685.818182,908.3636364,107.1818182,158,1417.333333,859.2380952,86.61904762,163.0769231,1844.846154,880.6153846,77.46153846,178.0294118,1686.117647,988.0294118,82.85294118,168.030303,1207.090909,872.0909091,91.39393939,158.625,2284.25,915.625,108.75,148,1260.438596,848.8947368,76,140.7377049,1378.918033,849.9344262,70,22,2655,904,23
567,179,1076.705128,925.3974359,96,155.625,2014,871.625,91.875,169.8636364,2688.863636,908.2727273,108.6363636,158,1415.666667,859.6190476,86.80952381,163.6923077,1849.615385,880.5384615,78.15384615,177.8823529,1689.529412,987.8823529,82.58823529,168,1210,872,91,159.0625,2295.125,915.5625,107.875,148,1261,849,76,140.5901639,1379.934426,850.147541,70,22,2685,921,23
568,179,1079.179487,925.4102564,96,155.75,2017.2,871.75,91.85,169.9090909,2691.909091,908.1818182,110.0909091,158,1414,860,87,164.3076923,1854.384615,880.4615385,78.84615385,177.7352941,1692.941176,987.7352941,82.32352941,168,1211.518519,872,91,159.5,2306,915.5,107,148,1260.86,849.04,76,140.442623,1380.95082,850.3606557,70,22,2699,931,23
569,179,1081.653846,925.4230769,96,155.875,2020.4,871.875,91.825,169.9545455,2694.954545,908.0909091,111.5454545,158.1333333,1411.266667,860.3333333,86.73333333,164.9230769,1859.153846,880.3846154,79.53846154,177.5882353,1696.352941,987.5882353,82.05882353,168,1213.037037,872,91,159.9375,2316.875,915.4375,106.125,148,1260.72,849.08,76,140.295082,1381.967213,850.5737705,70,22,2707,937,23
570,179,1084.128205,925.4358974,96,156,2023.6,872,91.8,170,2698,908,113,158.2666667,1408.533333,860.6666667,86.46666667,165.5384615,1863.923077,880.3076923,80.23076923,177.4411765,1699.764706,987.4411765,81.79411765,168,1214.555556,872,91,160.375,2327.75,915.375,105.25,148,1260.58,849.12,76,140.147541,1382.983607,850.7868852,70,22,2715,943,23
571,179,1086.602564,925.4487179,96,156.125,2026.8,872.125,91.775,170.1428571,2699,909,114.4285714,158.4,1405.8,861,86.2,166.1538462,1868.692308,880.2307692,80.92307692,177.2941176,1703.176471,987.2941176,81.52941176,168,1216.074074,872,91,160.8125,2338.625,915.3125,104.375,148,1260.44,849.16,76,140,1384,851,70,22,2719.5,949.5,23
572,179,1089.076923,925.4615385,96,156.25,2030,872.25,91.75,170.2857143,2700,910,115.8571429,158.5333333,1403.066667,861.3333333,85.93333333,166.7692308,1873.461538,880.1538462,81.61538462,177.1470588,1706.588235,987.1470588,81.26470588,168,1217.592593,872,91,161.25,2349.5,915.25,103.5,148,1260.3,849.2,76,140,1385.285714,851.122449,70,22,2724,956,23
573,179,1091.551282,925.474359,96,156.375,2033.2,872.375,91.725,170.4285714,2701,911,117.2857143,158.6666667,1400.333333,861.6666667,85.66666667,167.3846154,1878.230769,880.0769231,82.30769231,177,1710,987,81,168,1219.111111,872,91,161.6875,2360.375,915.1875,102.625,148,1260.16,849.24,76,140,1386.571429,851.244898,70,22,2733.833333,956.6666667,23
574,179,1094.025641,925.4871795,96,156.5,2036.4,872.5,91.7,170.5714286,2702,912,118.7142857,158.8,1397.6,862,85.4,168,1883,880,83,177.1153846,1712.820513,987.4358974,80.93589744,168,1220.62963,872,91,162.125,2371.25,915.125,101.75,148,1260.02,849.28,76,140,1387.857143,851.3673469,70,22,2743.666667,957.3333333,23
575,179,1096.5,925.5,96,156.625,2039.6,872.625,91.675,170.7142857,2703,913,120.1428571,158.9333333,1394.866667,862.3333333,85.13333333,167.56,1886.48,880.6,82.8,177.2307692,1715.641026,987.8717949,80.87179487,168,1222.148148,872,91,162.5625,2382.125,915.0625,100.875,148,1259.88,849.32,76,140,1389.142857,851.4897959,70,22,2753.5,958,23
576,179,1098.974359,925.5128205,96,156.75,2042.8,872.75,91.65,170.8571429,2704,914,121.5714286,159.0666667,1392.133333,862.6666667,84.86666667,167.12,1889.96,881.2,82.6,177.3461538,1718.461538,988.3076923,80.80769231,168,1223.666667,872,91,163,2393,915,100,148,1259.74,849.36,76,140,1390.428571,851.6122449,70,22,2763.333333,958.6666667,23
577,179,1101.448718,925.525641,96,156.875,2046,872.875,91.625,171,2705,915,123,159.2,1389.4,863,84.6,166.68,1893.44,881.8,82.4,177.4615385,1721.282051,988.7435897,80.74358974,168,1225.185185,872,91,163.3571429,2402.5,914.6428571,100.7857143,148,1259.6,849.4,76,140,1391.714286,851.7346939,70,22,2773.166667,959.3333333,23
578,179,1103.923077,925.5384615,96,157,2049.2,873,91.6,170.4,2711.8,914.8,122.8,159.3333333,1386.666667,863.3333333,84.33333333,166.24,1896.92,882.4,82.2,177.5769231,1724.102564,989.1794872,80.67948718,168,1226.703704,872,91,163.7142857,2412,914.2857143,101.5714286,148,1259.46,849.44,76,140,1393,851.8571429,70,22,2783,960,23
579,179,1106.397436,925.5512821,96,157.125,2052.4,873.125,91.575,169.8,2718.6,914.6,122.6,159.4666667,1383.933333,863.6666667,84.06666667,165.8,1900.4,883,82,177.6923077,1726.923077,989.6153846,80.61538462,168,1228.222222,872,91,164.0714286,2421.5,913.9285714,102.3571429,148,1259.32,849.48,76,140,1394.285714,851.9795918,70,22,2804,961,23
580,179,1108.871795,925.5641026,96,157.25,2055.6,873.25,91.55,169.2,2725.4,914.4,122.4,159.6,1381.2,864,83.8,165.36,1903.88,883.6,81.8,177.8076923,1729.74359,990.0512821,80.55128205,168,1229.740741,872,91,164.4285714,2431,913.5714286,103.1428571,148,1259.18,849.52,76,140,1395.571429,852.1020408,70,22,2812.333333,951,23
581,179,1111.346154,925.5769231,96,157.375,2058.8,873.375,91.525,168.6,2732.2,914.2,122.2,159.7333333,1378.466667,864.3333333,83.53333333,164.92,1907.36,884.2,81.6,177.9230769,1732.564103,990.4871795,80.48717949,168,1231.259259,872,91,164.7857143,2440.5,913.2142857,103.9285714,148,1259.04,849.56,76,140,1396.857143,852.2244898,70,22,2820.666667,941,23
582,179,1113.820513,925.5897436,96,157.5,2062,873.5,91.5,168,2739,914,122,159.8666667,1375.733333,864.6666667,83.26666667,164.48,1910.84,884.8,81.4,178.0384615,1735.384615,990.9230769,80.42307692,168,1232.777778,872,91,165.1428571,2450,912.8571429,104.7142857,148,1258.9,849.6,76,140,1398.142857,852.3469388,70,22,2829,931,23
583,179,1116.294872,925.6025641,96,157.625,2065.2,873.625,91.475,174,2746,909.3333333,121.6666667,160,1373,865,83,164.04,1914.32,885.4,81.2,178.1538462,1738.205128,991.3589744,80.35897436,168,1234.296296,872,91,165.5,2459.5,912.5,105.5,148,1258.76,849.64,76,140,1399.428571,852.4693878,70,22,2832.5,923,23
584,179,1118.769231,925.6153846,96,157.75,2068.4,873.75,91.45,180,2753,904.6666667,121.3333333,160.0606061,1371.848485,865.1212121,82.6969697,163.6,1917.8,886,81,178.2692308,1741.025641,991.7948718,80.29487179,168,1235.814815,872,91,165.8571429,2469,912.1428571,106.2857143,148,1258.62,849.68,76,140,1400.714286,852.5918367,70,22,2836,915,23
585,179,1121.24359,925.6282051,96,157.875,2071.6,873.875,91.425,186,2760,900,121,160.1212121,1370.69697,865.2424242,82.39393939,163.16,1921.28,886.6,80.8,178.3846154,1743.846154,992.2307692,80.23076923,168,1237.333333,872,91,166.2142857,2478.5,911.7857143,107.0714286,148,1258.48,849.72,76,140,1402,852.7142857,70,22,2841.5,904,23
586,179,1123.717949,925.6410256,96,158,2074.8,874,91.4,189.6666667,2766.166667,895,120.1666667,160.1818182,1369.545455,865.3636364,82.09090909,162.72,1924.76,887.2,80.6,178.5,1746.666667,992.6666667,80.16666667,168,1238.851852,872,91,166.5714286,2488,911.4285714,107.8571429,148,1258.34,849.76,76,140,1403.285714,852.8367347,70,22,2847,893,23
587,179,1126.192308,925.6538462,96,158.125,2078,874.125,91.375,193.3333333,2772.333333,890,119.3333333,160.2424242,1368.393939,865.4848485,81.78787879,162.28,1928.24,887.8,80.4,178.6153846,1749.487179,993.1025641,80.1025641,168,1240.37037,872,91,166.9285714,2497.5,911.0714286,108.6428571,148,1258.2,849.8,76,140,1404.571429,852.9591837,70,22,2853.5,882.25,23
588,179,1128.666667,925.6666667,96,158.25,2081.2,874.25,91.35,197,2778.5,885,118.5,160.3030303,1367.242424,865.6060606,81.48484848,161.84,1931.72,888.4,80.2,178.7307692,1752.307692,993.5384615,80.03846154,168,1241.888889,872,91,167.2857143,2507,910.7142857,109.4285714,148,1258.06,849.84,76,140,1405.857143,853.0816327,70,22,2860,871.5,23
589,179,1131.141026,925.6794872,96,158.375,2084.4,874.375,91.325,200.6666667,2784.666667,880,117.6666667,160.3636364,1366.090909,865.7272727,81.18181818,161.4,1935.2,889,80,178.8461538,1755.128205,993.974359,79.97435897,168,1243.407407,872,91,167.6428571,2516.5,910.3571429,110.2142857,148,1257.92,849.88,76,140,1407.142857,853.2040816,70,22,2866.5,860.75,23
590,179,1133.615385,925.6923077,96,158.5,2087.6,874.5,91.3,204.3333333,2790.833333,875,116.8333333,160.4242424,1364.939394,865.8484848,80.87878788,160.96,1938.68,889.6,79.8,178.9615385,1757.948718,994.4102564,79.91025641,168,1244.925926,872,91,168,2526,910,111,148,1257.78,849.92,76,140,1408.428571,853.3265306,70,22,2873,850,23
591,179,1136.089744,925.7051282,96,158.625,2090.8,874.625,91.275,208,2797,870,116,160.4848485,1363.787879,865.969697,80.57575758,160.52,1942.16,890.2,79.6,179.0769231,1760.769231,994.8461538,79.84615385,168,1246.444444,872,91,168.4166667,2534.416667,910.1666667,111.8333333,148,1257.64,849.96,76,140,1409.714286,853.4489796,70,22,2881,839.5,23
592,179,1138.564103,925.7179487,96,158.75,2094,874.75,91.25,203,2801,875.8571429,114.2857143,160.5454545,1362.636364,866.0909091,80.27272727,160.08,1945.64,890.8,79.4,179.1923077,1763.589744,995.2820513,79.78205128,168,1247.962963,872,91,168.8333333,2542.833333,910.3333333,112.6666667,148,1257.5,850,76,140,1411,853.5714286,70,22,2889,829,23
593,179,1141.038462,925.7307692,96,158.875,2097.2,874.875,91.225,198,2805,881.7142857,112.5714286,160.6060606,1361.484848,866.2121212,79.96969697,159.64,1949.12,891.4,79.2,179.3076923,1766.410256,995.7179487,79.71794872,168,1249.481481,872,91,169.25,2551.25,910.5,113.5,148,1257.36,850.04,76,140,1412.285714,853.6938776,70,22,2895.75,822.25,23
594,179,1143.512821,925.7435897,96,159,2100.4,875,91.2,193,2809,887.5714286,110.8571429,160.6666667,1360.333333,866.3333333,79.66666667,159.2,1952.6,892,79,179.4230769,1769.230769,996.1538462,79.65384615,168,1251,872,91,169.6666667,2559.666667,910.6666667,114.3333333,148,1257.22,850.08,76,140,1413.571429,853.8163265,70,22,2902.5,815.5,23
595,179,1145.987179,925.7564103,96,159.125,2103.6,875.125,91.175,188,2813,893.4285714,109.1428571,160.7272727,1359.181818,866.4545455,79.36363636,158.76,1956.08,892.6,78.8,179.5384615,1772.051282,996.5897436,79.58974359,168,1251.166667,872.1111111,91,170.0833333,2568.083333,910.8333333,115.1666667,148,1257.08,850.12,76,140,1414.857143,853.9387755,70,22,2909.25,808.75,23
596,179,1148.461538,925.7692308,96,159.25,2106.8,875.25,91.15,183,2817,899.2857143,107.4285714,160.7878788,1358.030303,866.5757576,79.06060606,158.32,1959.56,893.2,78.6,179.6538462,1774.871795,997.025641,79.52564103,168,1251.333333,872.2222222,91,170.5,2576.5,911,116,148,1256.94,850.16,76,140,1416.142857,854.0612245,70,22,2916,802,23
597,179,1150.935897,925.7820513,96,159.375,2110,875.375,91.125,178,2821,905.1428571,105.7142857,160.8484848,1356.878788,866.6969697,78.75757576,157.88,1963.04,893.8,78.4,179.7692308,1777.692308,997.4615385,79.46153846,168,1251.5,872.3333333,91,170.9166667,2584.916667,911.1666667,116.8333333,148,1256.8,850.2,76,140,1417.428571,854.1836735,70,22,2922,799.1666667,23
598,179,1153.410256,925.7948718,96,159.5,2113.2,875.5,91.1,173,2825,911,104,160.9090909,1355.727273,866.8181818,78.45454545,157.44,1966.52,894.4,78.2,179.8846154,1780.512821,997.8974359,79.3974359,168,1251.666667,872.4444444,91,171.3333333,2593.333333,911.3333333,117.6666667,148,1256.66,850.24,76,140,1418.714286,854.3061224,70,22,2928,796.3333333,23
599,179,1155.884615,925.8076923,96,159.625,2116.4,875.625,91.075,172.7777778,2826,911.7777778,103.4444444,160.969697,1354.575758,866.9393939,78.15151515,157,1970,895,78,180,1783.333333,998.3333333,79.33333333,168,1251.833333,872.5555556,91,171.75,2601.75,911.5,118.5,148,1256.52,850.28,76,140,1420,854.4285714,70,22,2934,793.5,23
600,179,1158.358974,925.8205128,96,159.75,2119.6,875.75,91.05,172.5555556,2827,912.5555556,102.8888889,161.030303,1353.424242,867.0606061,77.84848485,157.16,1972.76,895.56,78.28,180.1153846,1786.153846,998.7692308,79.26923077,168,1252,872.6666667,91,172.1666667,2610.166667,911.6666667,119.3333333,148,1256.38,850.32,76,140,1421.285714,854.5510204,70,22,2940,790.6666667,23
601,179,1160.833333,925.8333333,96,159.875,2122.8,875.875,91.025,172.3333333,2828,913.3333333,102.3333333,161.0909091,1352.272727,867.1818182,77.54545455,157.32,1975.52,896.12,78.56,180.2307692,1788.974359,999.2051282,79.20512821,168,1252.166667,872.7777778,91,172.5833333,2618.583333,911.8333333,120.1666667,148,1256.24,850.36,76,140,1422.571429,854.6734694,70,22,2946,787.8333333,23
602,179,1163.307692,925.8461538,96,160,2126,876,91,172.1111111,2829,914.1111111,101.7777778,161.1515152,1351.121212,867.3030303,77.24242424,157.48,1978.28,896.68,78.84,180.3461538,1791.794872,999.6410256,79.14102564,168,1252.333333,872.8888889,91,173,2627,912,121,148,1256.1,850.4,76,140,1423.857143,854.7959184,70,22,2952,785,23
603,179,1165.782051,925.8589744,96,160.1363636,2128.454545,876.0909091,90.95454545,171.8888889,2830,914.8888889,101.2222222,161.2121212,1349.969697,867.4242424,76.93939394,157.64,1981.04,897.24,79.12,180.4615385,1794.615385,1000.076923,79.07692308,168,1252.5,873,91,172.2857143,2636,912.1428571,118.7857143,148,1255.96,850.44,76,140,1425.142857,854.9183673,70,22,2957.5,787.5,23
604,179,1168.25641,925.8717949,96,160.2727273,2130.909091,876.1818182,90.90909091,171.6666667,2831,915.6666667,100.6666667,161.2727273,1348.818182,867.5454545,76.63636364,157.8,1983.8,897.8,79.4,180.5769231,1797.435897,1000.512821,79.01282051,168,1252.666667,873.1111111,91,171.5714286,2645,912.2857143,116.5714286,148,1255.82,850.48,76,140,1426.428571,855.0408163,70,22,2963,790,23
605,179,1170.730769,925.8846154,96,160.4090909,2133.363636,876.2727273,90.86363636,171.4444444,2832,916.4444444,100.1111111,161.3333333,1347.666667,867.6666667,76.33333333,157.96,1986.56,898.36,79.68,180.6923077,1800.25641,1000.948718,78.94871795,168,1252.833333,873.2222222,91,170.8571429,2654,912.4285714,114.3571429,148,1255.68,850.52,76,140,1427.714286,855.1632653,70,22,2968.5,792.5,23
606,179,1173.205128,925.8974359,96,160.5454545,2135.818182,876.3636364,90.81818182,171.2222222,2833,917.2222222,99.55555556,161.3939394,1346.515152,867.7878788,76.03030303,158.12,1989.32,898.92,79.96,180.8076923,1803.076923,1001.384615,78.88461538,168,1253,873.3333333,91,170.1428571,2663,912.5714286,112.1428571,148,1255.54,850.56,76,140,1429,855.2857143,70,22,2974,795,23
607,179,1175.679487,925.9102564,96,160.6818182,2138.272727,876.4545455,90.77272727,171,2834,918,99,161.4545455,1345.363636,867.9090909,75.72727273,158.28,1992.08,899.48,80.24,180.9230769,1805.897436,1001.820513,78.82051282,168,1253.166667,873.4444444,91,169.4285714,2672,912.7142857,109.9285714,148,1255.4,850.6,76,140,1430.285714,855.4081633,70,22,2979.5,799.5,23
608,179,1178.153846,925.9230769,96,160.8181818,2140.727273,876.5454545,90.72727273,170.9166667,2838,918.75,97.5,161.5151515,1344.212121,868.030303,75.42424242,158.44,1994.84,900.04,80.52,181.0384615,1808.717949,1002.25641,78.75641026,168,1253.333333,873.5555556,91,168.7142857,2681,912.8571429,107.7142857,148,1255.26,850.64,76,140,1431.571429,855.5306122,70,22,2985,804,23
609,179,1180.628205,925.9358974,96,160.9545455,2143.181818,876.6363636,90.68181818,170.8333333,2842,919.5,96,161.5757576,1343.060606,868.1515152,75.12121212,158.6,1997.6,900.6,80.8,181.1538462,1811.538462,1002.692308,78.69230769,168,1253.5,873.6666667,91,168,2690,913,105.5,148,1255.12,850.68,76,140,1432.857143,855.6530612,70,22,2979,806.5,23
610,179,1183.102564,925.9487179,96,161.0909091,2145.636364,876.7272727,90.63636364,170.75,2846,920.25,94.5,161.6363636,1341.909091,868.2727273,74.81818182,158.76,2000.36,901.16,81.08,181.2692308,1814.358974,1003.128205,78.62820513,168,1253.666667,873.7777778,91,167.2857143,2699,913.1428571,103.2857143,148,1254.98,850.72,76,140,1434.142857,855.7755102,70,22,2973,809,23
611,179,1185.576923,925.9615385,96,161.2272727,2148.090909,876.8181818,90.59090909,170.6666667,2850,921,93,161.6969697,1340.757576,868.3939394,74.51515152,158.92,2003.12,901.72,81.36,181.3846154,1817.179487,1003.564103,78.56410256,168,1253.833333,873.8888889,91,166.5714286,2708,913.2857143,101.0714286,148,1254.84,850.76,76,140,1435.428571,855.8979592,70,22,2967.333333,808.3333333,23
612,179,1188.051282,925.974359,96,161.3636364,2150.545455,876.9090909,90.54545455,170.5833333,2854,921.75,91.5,161.7575758,1339.606061,868.5151515,74.21212121,159.08,2005.88,902.28,81.64,181.5,1820,1004,78.5,168,1254,874,91,165.8571429,2717,913.4285714,98.85714286,148,1254.7,850.8,76,140,1436.714286,856.0204082,70,22,2961.666667,807.6666667,23
613,179,1190.525641,925.9871795,96,161.5,2153,877,90.5,170.5,2858,922.5,90,161.8181818,1338.454545,868.6363636,73.90909091,159.24,2008.64,902.84,81.92,181.6153846,1822.820513,1004.435897,78.43589744,168,1254,874.0707071,91,165.1428571,2726,913.5714286,96.64285714,148,1254.56,850.84,76,140,1438,856.1428571,70,22,2956,807,23
614,179,1193,926,96,161.6363636,2155.454545,877.0909091,90.45454545,170.4166667,2862,923.25,88.5,161.8787879,1337.30303,868.7575758,73.60606061,159.4,2011.4,903.4,82.2,181.7307692,1825.641026,1004.871795,78.37179487,168,1254,874.1414141,91,164.4285714,2735,913.7142857,94.42857143,148,1254.42,850.88,76,140,1439.285714,856.2653061,70,22,2952,806,23
615,179,1195.184211,926.0394737,95.86842105,161.7727273,2157.909091,877.1818182,90.40909091,170.3333333,2866,924,87,161.9393939,1336.151515,868.8787879,73.3030303,159.56,2014.16,903.96,82.48,181.8461538,1828.461538,1005.307692,78.30769231,168,1254,874.2121212,91,163.7142857,2744,913.8571429,92.21428571,148,1254.28,850.92,76,140,1440.571429,856.3877551,70,22,2948,805,23
616,179,1197.368421,926.0789474,95.73684211,161.9090909,2160.363636,877.2727273,90.36363636,170.25,2870,924.75,85.5,162,1335,869,73,159.72,2016.92,904.52,82.76,181.9615385,1831.282051,1005.74359,78.24358974,168,1254,874.2828283,91,163,2753,914,90,148,1254.14,850.96,76,140,1441.857143,856.5102041,70,22,2944,804,23
617,179,1199.552632,926.1184211,95.60526316,162.0454545,2162.818182,877.3636364,90.31818182,170.1666667,2874,925.5,84,162,1333.168831,869.012987,73,159.88,2019.68,905.08,83.04,182.0769231,1834.102564,1006.179487,78.17948718,168,1254,874.3535354,91,163.1428571,2758.571429,913.7142857,89.85714286,148,1254,851,76,140,1443.142857,856.6326531,70,22,2943,801.5,23
618,179,1201.736842,926.1578947,95.47368421,162.1818182,2165.272727,877.4545455,90.27272727,170.0833333,2878,926.25,82.5,162,1331.337662,869.025974,73,160.04,2022.44,905.64,83.32,182.1923077,1836.923077,1006.615385,78.11538462,168,1254,874.4242424,91,163.2857143,2764.142857,913.4285714,89.71428571,147.9166667,1254.541667,850.9583333,75.875,140,1444.428571,856.755102,70,22,2942,799,23
619,179,1203.921053,926.1973684,95.34210526,162.3181818,2167.727273,877.5454545,90.22727273,170,2882,927,81,162,1329.506494,869.038961,73,160.2,2025.2,906.2,83.6,182.3076923,1839.74359,1007.051282,78.05128205,168,1254,874.4949495,91,163.4285714,2769.714286,913.1428571,89.57142857,147.8333333,1255.083333,850.9166667,75.75,140,1445.714286,856.877551,70,22,2939.333333,799.3333333,23
620,179,1206.105263,926.2368421,95.21052632,162.4545455,2170.181818,877.6363636,90.18181818,172,2882,924.5,83.5,162,1327.675325,869.0519481,73,160.36,2027.96,906.76,83.88,182.4230769,1842.564103,1007.487179,77.98717949,168,1254,874.5656566,91,163.5714286,2775.285714,912.8571429,89.42857143,147.75,1255.625,850.875,75.625,140,1447,857,70,22,2936.666667,799.6666667,23
621,179,1208.289474,926.2763158,95.07894737,162.5909091,2172.636364,877.7272727,90.13636364,174,2882,922,86,162,1325.844156,869.0649351,73,160.52,2030.72,907.32,84.16,182.5384615,1845.384615,1007.923077,77.92307692,168,1254,874.6363636,91,163.7142857,2780.857143,912.5714286,89.28571429,147.6666667,1256.166667,850.8333333,75.5,140.075,1448.1,857.125,70,22,2934,800,23
622,179,1210.473684,926.3157895,94.94736842,162.7272727,2175.090909,877.8181818,90.09090909,180.6666667,2883.666667,914,94.33333333,162,1324.012987,869.0779221,73,160.68,2033.48,907.88,84.44,182.6538462,1848.205128,1008.358974,77.85897436,168,1254,874.7070707,91,163.8571429,2786.428571,912.2857143,89.14285714,147.5833333,1256.708333,850.7916667,75.375,140.15,1449.2,857.25,70,22,2931.333333,803.3333333,23
623,179,1212.657895,926.3552632,94.81578947,162.8636364,2177.545455,877.9090909,90.04545455,187.3333333,2885.333333,906,102.6666667,162,1322.181818,869.0909091,73,160.84,2036.24,908.44,84.72,182.7692308,1851.025641,1008.794872,77.79487179,168,1254,874.7777778,91,164,2792,912,89,147.5,1257.25,850.75,75.25,140.225,1450.3,857.375,70,22,2928.666667,806.6666667,23
624,179,1214.842105,926.3947368,94.68421053,163,2180,878,90,194,2887,898,111,162,1320.350649,869.1038961,73,161,2039,909,85,182.8846154,1853.846154,1009.230769,77.73076923,168,1254,874.8484848,91,161.6666667,2798,913.6666667,88.66666667,147.4166667,1257.791667,850.7083333,75.125,140.3,1451.4,857.5,70,22,2926,810,23
625,179,1217.026316,926.4342105,94.55263158,163,2183,878.4,89.94285714,202,2881,893,110.5,162,1318.519481,869.1168831,73,161.1612903,2040.709677,909.516129,85.25806452,183,1856.666667,1009.666667,77.66666667,168,1254,874.9191919,91,159.3333333,2804,915.3333333,88.33333333,147.3333333,1258.333333,850.6666667,75,140.375,1452.5,857.625,70,22,2923.5,816,23
626,179,1219.210526,926.4736842,94.42105263,163,2186,878.8,89.88571429,210,2875,888,110,162,1316.688312,869.1298701,73,161.3225806,2042.419355,910.0322581,85.51612903,183.1153846,1859.487179,1010.102564,77.6025641,168,1254,874.989899,91,157,2810,917,88,147.25,1258.875,850.625,74.875,140.45,1453.6,857.75,70,22,2921,822,23
627,179,1221.394737,926.5131579,94.28947368,163,2189,879.2,89.82857143,212.4,2874.6,881.6,106.2,162,1314.857143,869.1428571,73,161.483871,2044.129032,910.5483871,85.77419355,183.2307692,1862.307692,1010.538462,77.53846154,168,1254,875.0606061,91,163.75,2813.5,911,87.75,147.1666667,1259.416667,850.5833333,74.75,140.525,1454.7,857.875,70,22,2918.5,828,23
628,179,1223.578947,926.5526316,94.15789474,163,2192,879.6,89.77142857,214.8,2874.2,875.2,102.4,162,1313.025974,869.1558442,73,161.6451613,2045.83871,911.0645161,86.03225806,183.3461538,1865.128205,1010.974359,77.47435897,168,1254,875.1313131,91,170.5,2817,905,87.5,147.0833333,1259.958333,850.5416667,74.625,140.6,1455.8,858,70,22,2916,834,23
629,179,1225.763158,926.5921053,94.02631579,163,2195,880,89.71428571,217.2,2873.8,868.8,98.6,162,1311.194805,869.1688312,73,161.8064516,2047.548387,911.5806452,86.29032258,183.4615385,1867.948718,1011.410256,77.41025641,168,1254,875.2020202,91,177.25,2820.5,899,87.25,147,1260.5,850.5,74.5,140.675,1456.9,858.125,70,22,2913.25,841.75,23
630,179,1227.947368,926.6315789,93.89473684,163,2198,880.4,89.65714286,219.6,2873.4,862.4,94.8,162,1309.363636,869.1818182,73,161.9677419,2049.258065,912.0967742,86.5483871,183.5769231,1870.769231,1011.846154,77.34615385,168,1254,875.2727273,91,184,2824,893,87,146.9166667,1261.041667,850.4583333,74.375,140.75,1458,858.25,70,22,2910.5,849.5,23
631,179,1230.131579,926.6710526,93.76315789,163,2201,880.8,89.6,222,2873,856,91,162,1307.532468,869.1948052,73,162.1290323,2050.967742,912.6129032,86.80645161,183.6923077,1873.589744,1012.282051,77.28205128,168,1254,875.3434343,91,187,2825.333333,882,88.66666667,146.8333333,1261.583333,850.4166667,74.25,140.825,1459.1,858.375,70,22,2907.75,857.25,23
632,179,1232.315789,926.7105263,93.63157895,163,2204,881.2,89.54285714,218,2870.25,859.75,90,162,1305.701299,869.2077922,73,162.2903226,2052.677419,913.1290323,87.06451613,183.8076923,1876.410256,1012.717949,77.21794872,168,1254,875.4141414,91,190,2826.666667,871,90.33333333,146.75,1262.125,850.375,74.125,140.9,1460.2,858.5,70,22,2905,865,23
633,179,1234.5,926.75,93.5,163,2207,881.6,89.48571429,214,2867.5,863.5,89,162,1303.87013,869.2207792,73,162.4516129,2054.387097,913.6451613,87.32258065,183.9230769,1879.230769,1013.153846,77.15384615,168,1254,875.4848485,91,193,2828,860,92,146.6666667,1262.666667,850.3333333,74,140.975,1461.3,858.625,70,22,2906.75,870.25,23
634,179,1236.684211,926.7894737,93.36842105,163,2210,882,89.42857143,210,2864.75,867.25,88,162,1302.038961,869.2337662,73,162.6129032,2056.096774,914.1612903,87.58064516,184.0384615,1882.051282,1013.589744,77.08974359,168,1254,875.5555556,91,183.3333333,2831,865.6666667,96.66666667,146.5833333,1263.208333,850.2916667,73.875,141.05,1462.4,858.75,70,22,2908.5,875.5,23
635,179,1238.868421,926.8289474,93.23684211,163,2213,882.4,89.37142857,206,2862,871,87,162,1300.207792,869.2467532,73,162.7741935,2057.806452,914.6774194,87.83870968,184.1538462,1884.871795,1014.025641,77.02564103,168,1254,875.6262626,91,173.6666667,2834,871.3333333,101.3333333,146.5,1263.75,850.25,73.75,141.125,1463.5,858.875,70,22,2910.25,880.75,23
636,179,1241.052632,926.8684211,93.10526316,163,2216,882.8,89.31428571,197,2855.5,880.5,92.5,162,1298.376623,869.2597403,73,162.9354839,2059.516129,915.1935484,88.09677419,184.2692308,1887.692308,1014.461538,76.96153846,168,1254,875.6969697,91,164,2837,877,106,146.4166667,1264.291667,850.2083333,73.625,141.2,1464.6,859,70,22,2912,886,23
637,179,1243.236842,926.9078947,92.97368421,163,2219,883.2,89.25714286,188,2849,890,98,162,1296.545455,869.2727273,73,163.0967742,2061.225806,915.7096774,88.35483871,184.3846154,1890.512821,1014.897436,76.8974359,168,1254,875.7676768,91,165.75,2839.5,874.5,104,146.3333333,1264.833333,850.1666667,73.5,141.275,1465.7,859.125,70,22,2914,895,23
638,179,1245.421053,926.9473684,92.84210526,163,2222,883.6,89.2,179,2842.5,899.5,103.5,162,1294.714286,869.2857143,73,163.2580645,2062.935484,916.2258065,88.61290323,184.5,1893.333333,1015.333333,76.83333333,168,1254,875.8383838,91,167.5,2842,872,102,146.25,1265.375,850.125,73.375,141.35,1466.8,859.25,70,22,2913.5,911.5,23
639,179,1247.605263,926.9868421,92.71052632,163,2225,884,89.14285714,170,2836,909,109,162,1292.883117,869.2987013,73,163.4193548,2064.645161,916.7419355,88.87096774,184.6153846,1896.153846,1015.769231,76.76923077,168,1254,875.9090909,91,169.25,2844.5,869.5,100,146.1666667,1265.916667,850.0833333,73.25,141.425,1467.9,859.375,70,22,2913,928,23
640,179,1249.789474,927.0263158,92.57894737,163,2228,884.4,89.08571429,168.3333333,2835.666667,912,105.6666667,162,1291.051948,869.3116883,73,163.5806452,2066.354839,917.2580645,89.12903226,184.7307692,1898.974359,1016.205128,76.70512821,168,1254,875.979798,91,171,2847,867,98,146.0833333,1266.458333,850.0416667,73.125,141.5,1469,859.5,70,22,2909,943.5,23
641,179,1251.973684,927.0657895,92.44736842,163,2231,884.8,89.02857143,166.6666667,2835.333333,915,102.3333333,162,1289.220779,869.3246753,73,163.7419355,2068.064516,917.7741935,89.38709677,184.8461538,1901.794872,1016.641026,76.64102564,168,1254,876.0505051,91,172,2838,870,108,146,1267,850,73,141.575,1470.1,859.625,70,22,2905,959,23
642,179,1254.157895,927.1052632,92.31578947,163,2234,885.2,88.97142857,165,2835,918,99,162,1287.38961,869.3376623,73,163.9032258,2069.774194,918.2903226,89.64516129,184.9615385,1904.615385,1017.076923,76.57692308,168,1254,876.1212121,91,173,2829,873,118,145.9494949,1268.131313,849.8383838,72.85858586,141.65,1471.2,859.75,70,22,2898.5,970,23
643,179,1256.342105,927.1447368,92.18421053,163,2237,885.6,88.91428571,163.3333333,2834.666667,921,95.66666667,162,1285.558442,869.3506494,73,164.0645161,2071.483871,918.8064516,89.90322581,185.0769231,1907.435897,1017.512821,76.51282051,168,1254,876.1919192,91,172,2829.666667,877.6666667,123.3333333,145.8989899,1269.262626,849.6767677,72.71717172,141.725,1472.3,859.875,70,22,2892,981,23
644,179,1258.526316,927.1842105,92.05263158,163,2240,886,88.85714286,161.6666667,2834.333333,924,92.33333333,162,1283.727273,869.3636364,73,164.2258065,2073.193548,919.3225806,90.16129032,185.1923077,1910.25641,1017.948718,76.44871795,168,1254,876.2626263,91,171,2830.333333,882.3333333,128.6666667,145.8484848,1270.393939,849.5151515,72.57575758,141.8,1473.4,860,70,22,2893.333333,979,23
645,179,1260.710526,927.2236842,91.92105263,163,2243,886.4,88.8,160,2834,927,89,162,1281.896104,869.3766234,73,164.3870968,2074.903226,919.8387097,90.41935484,185.3076923,1913.076923,1018.384615,76.38461538,168,1254,876.3333333,91,170,2831,887,134,145.7979798,1271.525253,849.3535354,72.43434343,141.875,1474.5,860.125,70,22,2894.666667,977,23
646,179,1262.894737,927.2631579,91.78947368,163,2246,886.8,88.74285714,162.7777778,2833.555556,924.2222222,89.55555556,162,1280.064935,869.3896104,73,164.5483871,2076.612903,920.3548387,90.67741935,185.4230769,1915.897436,1018.820513,76.32051282,168,1254,876.4040404,91,166.25,2838.25,895,124.25,145.7474747,1272.656566,849.1919192,72.29292929,141.95,1475.6,860.25,70,22,2896,975,23
647,179,1265.078947,927.3026316,91.65789474,163,2249,887.2,88.68571429,165.5555556,2833.111111,921.4444444,90.11111111,162,1278.233766,869.4025974,73,164.7096774,2078.322581,920.8709677,90.93548387,185.5384615,1918.717949,1019.25641,76.25641026,168,1254,876.4747475,91,162.5,2845.5,903,114.5,145.6969697,1273.787879,849.030303,72.15151515,142.025,1476.7,860.375,70,22,2898,966,23
648,179,1267.263158,927.3421053,91.52631579,163,2252,887.6,88.62857143,168.3333333,2832.666667,918.6666667,90.66666667,162,1276.402597,869.4155844,73,164.8709677,2080.032258,921.3870968,91.19354839,185.6538462,1921.538462,1019.692308,76.19230769,168,1254,876.5454545,91,158.75,2852.75,911,104.75,145.6464646,1274.919192,848.8686869,72.01010101,142.1,1477.8,860.5,70,22,2900,957,23
649,179,1269.447368,927.3815789,91.39473684,163,2255,888,88.57142857,171.1111111,2832.222222,915.8888889,91.22222222,162,1274.571429,869.4285714,73,165.0322581,2081.741935,921.9032258,91.4516129,185.7692308,1924.358974,1020.128205,76.12820513,168,1254,876.6161616,91,155,2860,919,95,145.5959596,1276.050505,848.7070707,71.86868687,142.175,1478.9,860.625,70,22,2897,946,23
650,179,1271.631579,927.4210526,91.26315789,163,2258,888.4,88.51428571,173.8888889,2831.777778,913.1111111,91.77777778,162,1272.74026,869.4415584,73,165.1935484,2083.451613,922.4193548,91.70967742,185.8846154,1927.179487,1020.564103,76.06410256,168,1254,876.6868687,91,155.6,2862.2,918.2,94.6,145.5454545,1277.181818,848.5454545,71.72727273,142.25,1480,860.75,70,22,2894,935,23
651,179,1273.815789,927.4605263,91.13157895,163,2261,888.8,88.45714286,176.6666667,2831.333333,910.3333333,92.33333333,162,1270.909091,869.4545455,73,165.3548387,2085.16129,922.9354839,91.96774194,186,1930,1021,76,168,1254,876.7575758,91,156.2,2864.4,917.4,94.2,145.4949495,1278.313131,848.3838384,71.58585859,142.325,1481.1,860.875,70,22,2893.5,926.5,23
652,179,1276,927.5,91,163,2264,889.2,88.4,179.4444444,2830.888889,907.5555556,92.88888889,162,1269.077922,869.4675325,73,165.516129,2086.870968,923.4516129,92.22580645,186.15,1932.725,1021.35,77.075,168,1254,876.8282828,91,156.8,2866.6,916.6,93.8,145.4444444,1279.444444,848.2222222,71.44444444,142.4,1482.2,861,70,22,2893,918,23
653,179,1278.184211,927.5394737,90.86842105,163,2267,889.6,88.34285714,182.2222222,2830.444444,904.7777778,93.44444444,162,1267.246753,869.4805195,73,165.6774194,2088.580645,923.9677419,92.48387097,186.3,1935.45,1021.7,78.15,168,1254,876.8989899,91,157.4,2868.8,915.8,93.4,145.3939394,1280.575758,848.0606061,71.3030303,142.475,1483.3,861.125,70,22,2892.5,909.5,23
654,179,1280.368421,927.5789474,90.73684211,163,2270,890,88.28571429,185,2830,902,94,162,1265.415584,869.4935065,73,165.8387097,2090.290323,924.483871,92.74193548,186.45,1938.175,1022.05,79.225,168,1254,876.969697,91,158,2871,915,93,145.3434343,1281.707071,847.8989899,71.16161616,142.55,1484.4,861.25,70,22,2892,901,23
655,179,1282.552632,927.6184211,90.60526316,163,2273,890.4,88.22857143,192.6666667,2829.333333,894.3333333,95.66666667,162,1263.584416,869.5064935,73,166,2092,925,93,186.6,1940.9,1022.4,80.3,168,1254,877.040404,91,158.7142857,2872.428571,913.8571429,92.71428571,145.2929293,1282.838384,847.7373737,71.02020202,142.625,1485.5,861.375,70,22,2893.333333,890,23
656,179,1284.736842,927.6578947,90.47368421,163,2276,890.8,88.17142857,200.3333333,2828.666667,886.6666667,97.33333333,162,1261.753247,869.5194805,73,166.2647059,2094.882353,925.2941176,92.61764706,186.75,1943.625,1022.75,81.375,168,1254,877.1111111,91,159.4285714,2873.857143,912.7142857,92.42857143,145.2424242,1283.969697,847.5757576,70.87878788,142.7,1486.6,861.5,70,22,2894.666667,879,23
657,179,1286.921053,927.6973684,90.34210526,163,2279,891.2,88.11428571,208,2828,879,99,162,1259.922078,869.5324675,73,166.5294118,2097.764706,925.5882353,92.23529412,186.9,1946.35,1023.1,82.45,168,1254,877.1818182,91,160.1428571,2875.285714,911.5714286,92.14285714,145.1919192,1285.10101,847.4141414,70.73737374,142.775,1487.7,861.625,70,22,2896,868,23
658,179,1289.105263,927.7368421,90.21052632,163,2282,891.6,88.05714286,209.5,2827.5,877.75,100,162,1258.090909,869.5454545,73,166.7941176,2100.647059,925.8823529,91.85294118,187.05,1949.075,1023.45,83.525,168,1254,877.2525253,91,160.8571429,2876.714286,910.4285714,91.85714286,145.1414141,1286.232323,847.2525253,70.5959596,142.85,1488.8,861.75,70,22,2899.5,857,23
659,179,1291.289474,927.7763158,90.07894737,163,2285,892,88,211,2827,876.5,101,162,1256.25974,869.5584416,73,167.0588235,2103.529412,926.1764706,91.47058824,187.2,1951.8,1023.8,84.6,168,1254,877.3232323,91,161.5714286,2878.142857,909.2857143,91.57142857,145.0909091,1287.363636,847.0909091,70.45454545,142.925,1489.9,861.875,70,22,2903,846,23
660,179,1293.473684,927.8157895,89.94736842,163.02,2287.46,892.34,87.94,212.5,2826.5,875.25,102,162,1254.428571,869.5714286,73,167.3235294,2106.411765,926.4705882,91.08823529,187.35,1954.525,1024.15,85.675,168,1254,877.3939394,91,162.2857143,2879.571429,908.1428571,91.28571429,145.040404,1288.494949,846.9292929,70.31313131,143,1491,862,70,22,2906,837.25,23
661,179,1295.657895,927.8552632,89.81578947,163.04,2289.92,892.68,87.88,214,2826,874,103,162,1252.597403,869.5844156,73,167.5882353,2109.294118,926.7647059,90.70588235,187.5,1957.25,1024.5,86.75,168,1254,877.4646465,91,163,2881,907,91,144.989899,1289.626263,846.7676768,70.17171717,143.0531915,1492.670213,862.0212766,70,22,2909,828.5,23
662,179,1297.842105,927.8947368,89.68421053,163.06,2292.38,893.02,87.82,210,2825.666667,878,105.6666667,162,1250.766234,869.5974026,73,167.8529412,2112.176471,927.0588235,90.32352941,187.65,1959.975,1024.85,87.825,168,1254,877.5353535,91,162.7692308,2881.615385,906.9230769,91,144.9393939,1290.757576,846.6060606,70.03030303,143.106383,1494.340426,862.0425532,70,22,2912,819.75,23
663,179,1300.026316,927.9342105,89.55263158,163.08,2294.84,893.36,87.76,206,2825.333333,882,108.3333333,162,1248.935065,869.6103896,73,168.1176471,2115.058824,927.3529412,89.94117647,187.8,1962.7,1025.2,88.9,168,1254,877.6060606,91,162.5384615,2882.230769,906.8461538,91,144.8888889,1291.888889,846.4444444,69.88888889,143.1595745,1496.010638,862.0638298,70,22,2915,811,23
664,179,1302.210526,927.9736842,89.42105263,163.1,2297.3,893.7,87.7,202,2825,886,111,162,1247.103896,869.6233766,73,168.3823529,2117.941176,927.6470588,89.55882353,187.95,1965.425,1025.55,89.975,168,1254,877.6767677,91,162.3076923,2882.846154,906.7692308,91,144.8383838,1293.020202,846.2828283,69.74747475,143.212766,1497.680851,862.0851064,70,22,2918,806.5,23
665,179,1304.394737,928.0131579,89.28947368,163.12,2299.76,894.04,87.64,199.4,2822.5,888.4,110.6,162,1245.272727,869.6363636,73,168.6470588,2120.823529,927.9411765,89.17647059,188.1,1968.15,1025.9,91.05,168,1254,877.7474747,91,162.0769231,2883.461538,906.6923077,91,144.7878788,1294.151515,846.1212121,69.60606061,143.2659574,1499.351064,862.106383,70,22,2921,802,23
666,179,1306.578947,928.0526316,89.15789474,163.14,2302.22,894.38,87.58,196.8,2820,890.8,110.2,162,1243.441558,869.6493506,73,168.9117647,2123.705882,928.2352941,88.79411765,188.25,1970.875,1026.25,92.125,168,1254,877.8181818,91,161.8461538,2884.076923,906.6153846,91,144.7373737,1295.282828,845.959596,69.46464646,143.3191489,1501.021277,862.1276596,70,22,2924,797.5,23
667,179,1308.763158,928.0921053,89.02631579,163.16,2304.68,894.72,87.52,194.2,2817.5,893.2,109.8,162,1241.61039,869.6623377,73,169.1764706,2126.588235,928.5294118,88.41176471,188.4,1973.6,1026.6,93.2,168,1254,877.8888889,91,161.6153846,2884.692308,906.5384615,91,144.6868687,1296.414141,845.7979798,69.32323232,143.3723404,1502.691489,862.1489362,70,22,2927,793,23
668,179,1310.947368,928.1315789,88.89473684,163.18,2307.14,895.06,87.46,191.6,2815,895.6,109.4,162,1239.779221,869.6753247,73,169.4411765,2129.470588,928.8235294,88.02941176,188.55,1976.325,1026.95,94.275,168,1254,877.959596,91,161.3846154,2885.307692,906.4615385,91,144.6363636,1297.545455,845.6363636,69.18181818,143.4255319,1504.361702,862.1702128,70,22,2929,791,23
669,179,1313.131579,928.1710526,88.76315789,163.2,2309.6,895.4,87.4,189,2812.5,898,109,162,1237.948052,869.6883117,73,169.7058824,2132.352941,929.1176471,87.64705882,188.7,1979.05,1027.3,95.35,168,1254,878.030303,91,161.1538462,2885.923077,906.3846154,91,144.5858586,1298.676768,845.4747475,69.04040404,143.4787234,1506.031915,862.1914894,70,22,2931,789,23
670,179,1315.315789,928.2105263,88.63157895,163.22,2312.06,895.74,87.34,186.4,2810,900.4,108.6,162,1236.116883,869.7012987,73,169.9705882,2135.235294,929.4117647,87.26470588,188.85,1981.775,1027.65,96.425,168,1254,878.1010101,91,160.9230769,2886.538462,906.3076923,91,144.5353535,1299.808081,845.3131313,68.8989899,143.5319149,1507.702128,862.212766,70,22,2933,787,23
671,179,1317.5,928.25,88.5,163.24,2314.52,896.08,87.28,183.8,2807.5,902.8,108.2,162,1234.285714,869.7142857,73,170.2352941,2138.117647,929.7058824,86.88235294,189,1984.5,1028,97.5,168,1254,878.1717172,91,160.6923077,2887.153846,906.2307692,91,144.4848485,1300.939394,845.1515152,68.75757576,143.5851064,1509.37234,862.2340426,70,22,2935.25,788.75,23
672,179,1319.684211,928.2894737,88.36842105,163.26,2316.98,896.42,87.22,181.2,2805,905.2,107.8,162,1232.454545,869.7272727,73,170.5,2141,930,86.5,189.15,1987.225,1028.35,98.575,168,1254,878.2424242,91,160.4615385,2887.769231,906.1538462,91,144.4343434,1302.070707,844.989899,68.61616162,143.6382979,1511.042553,862.2553191,70,22,2937.5,790.5,23
673,179,1321.868421,928.3289474,88.23684211,163.28,2319.44,896.76,87.16,178.6,2802.5,907.6,107.4,162,1230.623377,869.7402597,73,170.7647059,2143.882353,930.2941176,86.11764706,189.3,1989.95,1028.7,99.65,168,1254,878.3131313,91,160.2307692,2888.384615,906.0769231,91,144.3838384,1303.20202,844.8282828,68.47474747,143.6914894,1512.712766,862.2765957,70,22,2939.75,792.25,23
674,179,1324.052632,928.3684211,88.10526316,163.3,2321.9,897.1,87.1,176,2800,910,107,162,1228.792208,869.7532468,73,171.0294118,2146.764706,930.5882353,85.73529412,189.45,1992.675,1029.05,100.725,168,1254,878.3838384,91,160,2889,906,91,144.3333333,1304.333333,844.6666667,68.33333333,143.7446809,1514.382979,862.2978723,70,22,2942,794,23
675,179,1326.236842,928.4078947,87.97368421,163.32,2324.36,897.44,87.04,176.0555556,2801.222222,910.1666667,106.6111111,162,1226.961039,869.7662338,73,171.2941176,2149.647059,930.8823529,85.35294118,189.6,1995.4,1029.4,101.8,168,1254,878.4545455,91,160,2889.9375,906.375,91,144.2828283,1305.464646,844.5050505,68.19191919,143.7978723,1516.053191,862.3191489,70,22,2943.666667,798.6666667,23
676,179,1328.421053,928.4473684,87.84210526,163.34,2326.82,897.78,86.98,176.1111111,2802.444444,910.3333333,106.2222222,162,1225.12987,869.7792208,73,171.5588235,2152.529412,931.1764706,84.97058824,189.75,1998.125,1029.75,102.875,168,1254,878.5252525,91,160,2890.875,906.75,91,144.2323232,1306.59596,844.3434343,68.05050505,143.8510638,1517.723404,862.3404255,70,22,2945.333333,803.3333333,23
677,179,1330.605263,928.4868421,87.71052632,163.36,2329.28,898.12,86.92,176.1666667,2803.666667,910.5,105.8333333,162,1223.298701,869.7922078,73,171.8235294,2155.411765,931.4705882,84.58823529,189.9,2000.85,1030.1,103.95,168,1254,878.5959596,91,160,2891.8125,907.125,91,144.1818182,1307.727273,844.1818182,67.90909091,143.9042553,1519.393617,862.3617021,70,22,2947,808,23
678,179,1332.789474,928.5263158,87.57894737,163.38,2331.74,898.46,86.86,176.2222222,2804.888889,910.6666667,105.4444444,162,1221.467532,869.8051948,73,172.0882353,2158.294118,931.7647059,84.20588235,190.05,2003.575,1030.45,105.025,168,1254,878.6666667,91,160,2892.75,907.5,91,144.1313131,1308.858586,844.020202,67.76767677,143.9574468,1521.06383,862.3829787,70,22,2949.25,809.5,23
679,179,1334.973684,928.5657895,87.44736842,163.4,2334.2,898.8,86.8,176.2777778,2806.111111,910.8333333,105.0555556,162,1219.636364,869.8181818,73,172.3529412,2161.176471,932.0588235,83.82352941,190.2,2006.3,1030.8,106.1,168,1254,878.7373737,91,160,2893.6875,907.875,91,144.0808081,1309.989899,843.8585859,67.62626263,144.0106383,1522.734043,862.4042553,70,22,2951.5,811,23
680,179,1337.157895,928.6052632,87.31578947,163.42,2336.66,899.14,86.74,176.3333333,2807.333333,911,104.6666667,162,1217.805195,869.8311688,73,172.6176471,2164.058824,932.3529412,83.44117647,190.35,2009.025,1031.15,107.175,168,1254,878.8080808,91,160,2894.625,908.25,91,144.030303,1311.121212,843.6969697,67.48484848,144.0638298,1524.404255,862.4255319,70,22,2953.75,812.5,23
681,179,1339.342105,928.6447368,87.18421053,163.44,2339.12,899.48,86.68,176.3888889,2808.555556,911.1666667,104.2777778,162,1215.974026,869.8441558,73,172.8823529,2166.941176,932.6470588,83.05882353,190.5,2011.75,1031.5,108.25,168,1254,878.8787879,91,160,2895.5625,908.625,91,143.979798,1312.252525,843.5353535,67.34343434,144.1170213,1526.074468,862.4468085,70,22,2956,814,23
682,179,1341.526316,928.6842105,87.05263158,163.46,2341.58,899.82,86.62,176.4444444,2809.777778,911.3333333,103.8888889,162,1214.142857,869.8571429,73,173.1470588,2169.823529,932.9411765,82.67647059,190.65,2014.475,1031.85,109.325,168,1254,878.9494949,91,160,2896.5,909,91,143.9292929,1313.383838,843.3737374,67.2020202,144.1702128,1527.744681,862.4680851,70,22,2958.75,818.5,23
683,179,1343.710526,928.7236842,86.92105263,163.48,2344.04,900.16,86.56,176.5,2811,911.5,103.5,162,1212.311688,869.8701299,73,173.4117647,2172.705882,933.2352941,82.29411765,190.8,2017.2,1032.2,110.4,168,1254,879.020202,91,160,2897.4375,909.375,91,143.8787879,1314.515152,843.2121212,67.06060606,144.2234043,1529.414894,862.4893617,70,22,2961.5,823,23
684,179,1345.894737,928.7631579,86.78947368,163.5,2346.5,900.5,86.5,176.5555556,2812.222222,911.6666667,103.1111111,162,1210.480519,869.8831169,73,173.6764706,2175.588235,933.5294118,81.91176471,190.95,2019.925,1032.55,111.475,168,1254,879.0909091,91,160,2898.375,909.75,91,143.8282828,1315.646465,843.0505051,66.91919192,144.2765957,1531.085106,862.5106383,70,22,2964.25,827.5,23
685,179,1348.078947,928.8026316,86.65789474,163.52,2348.96,900.84,86.44,176.6111111,2813.444444,911.8333333,102.7222222,162,1208.649351,869.8961039,73,173.9411765,2178.470588,933.8235294,81.52941176,191.1,2022.65,1032.9,112.55,168,1254,879.1616162,91,160,2899.3125,910.125,91,143.7777778,1316.777778,842.8888889,66.77777778,144.3297872,1532.755319,862.5319149,70,22,2967,832,23
686,179,1350.263158,928.8421053,86.52631579,163.54,2351.42,901.18,86.38,176.6666667,2814.666667,912,102.3333333,162,1206.818182,869.9090909,73,174.2058824,2181.352941,934.1176471,81.14705882,191.25,2025.375,1033.25,113.625,168,1254,879.2323232,91,160,2900.25,910.5,91,143.7272727,1317.909091,842.7272727,66.63636364,144.3829787,1534.425532,862.5531915,70,22,2966.6,834,23
687,179,1352.447368,928.8815789,86.39473684,163.56,2353.88,901.52,86.32,176.7222222,2815.888889,912.1666667,101.9444444,162,1204.987013,869.9220779,73,174.4705882,2184.235294,934.4117647,80.76470588,191.4,2028.1,1033.6,114.7,168,1254,879.3030303,91,160,2901.1875,910.875,91,143.6767677,1319.040404,842.5656566,66.49494949,144.4361702,1536.095745,862.5744681,70,22,2966.2,836,23
688,179,1354.631579,928.9210526,86.26315789,163.58,2356.34,901.86,86.26,176.7777778,2817.111111,912.3333333,101.5555556,162,1203.155844,869.9350649,73,174.7352941,2187.117647,934.7058824,80.38235294,191.55,2030.825,1033.95,115.775,168,1254,879.3737374,91,160,2902.125,911.25,91,143.6262626,1320.171717,842.4040404,66.35353535,144.4893617,1537.765957,862.5957447,70,22,2965.8,838,23
689,179,1356.815789,928.9605263,86.13157895,163.6,2358.8,902.2,86.2,176.8333333,2818.333333,912.5,101.1666667,162,1201.324675,869.9480519,73,175,2190,935,80,191.7,2033.55,1034.3,116.85,168,1254,879.4444444,91,160,2903.0625,911.625,91,143.5757576,1321.30303,842.2424242,66.21212121,144.5425532,1539.43617,862.6170213,70,22,2965.4,840,23
690,179,1359,929,86,163.62,2361.26,902.54,86.14,176.8888889,2819.555556,912.6666667,100.7777778,162,1199.493506,869.961039,73,175,2190.666667,935.8888889,80.55555556,191.85,2036.275,1034.65,117.925,168,1254,879.5151515,91,160,2904,912,91,143.5252525,1322.434343,842.0808081,66.07070707,144.5957447,1541.106383,862.6382979,70,22,2965,842,23
691,179.0714286,1359.714286,929,85.92857143,163.64,2363.72,902.88,86.08,176.9444444,2820.777778,912.8333333,100.3888889,162,1197.662338,869.974026,73,175,2191.333333,936.7777778,81.11111111,192,2039,1035,119,168,1254,879.5858586,91,161.2631579,2904.157895,911.5789474,91.21052632,143.4747475,1323.565657,841.9191919,65.92929293,144.6489362,1542.776596,862.6595745,70,22,2963.25,845,23
692,179.1428571,1360.428571,929,85.85714286,163.66,2366.18,903.22,86.02,177,2822,913,100,162,1195.831169,869.987013,73,175,2192,937.6666667,81.66666667,192.1481481,2043.666667,1035.037037,118.3518519,168,1254,879.6565657,91,162.5263158,2904.315789,911.1578947,91.42105263,143.4242424,1324.69697,841.7575758,65.78787879,144.7021277,1544.446809,862.6808511,70,22,2961.5,848,23
693,179.2142857,1361.142857,929,85.78571429,163.68,2368.64,903.56,85.96,176.7272727,2822.181818,913.9090909,97.36363636,162,1194,870,73,175,2192.666667,938.5555556,82.22222222,192.2962963,2048.333333,1035.074074,117.7037037,168,1254,879.7272727,91,163.7894737,2904.473684,910.7368421,91.63157895,143.3737374,1325.828283,841.5959596,65.64646465,144.7553191,1546.117021,862.7021277,70,22,2959.75,851,23
694,179.2857143,1361.857143,929,85.71428571,163.7,2371.1,903.9,85.9,176.4545455,2822.363636,914.8181818,94.72727273,161.90625,1192.53125,870,73.03125,175,2193.333333,939.4444444,82.77777778,192.4444444,2053,1035.111111,117.0555556,168,1254,879.7979798,91,165.0526316,2904.631579,910.3157895,91.84210526,143.3232323,1326.959596,841.4343434,65.50505051,144.8085106,1547.787234,862.7234043,70,22,2958,854,23
695,179.3571429,1362.571429,929,85.64285714,163.72,2373.56,904.24,85.84,176.1818182,2822.545455,915.7272727,92.09090909,161.8125,1191.0625,870,73.0625,175,2194,940.3333333,83.33333333,192.5925926,2057.666667,1035.148148,116.4074074,168,1254,879.8686869,91,166.3157895,2904.789474,909.8947368,92.05263158,143.2727273,1328.090909,841.2727273,65.36363636,144.8617021,1549.457447,862.7446809,70,22,2955.25,860.75,23
696,179.4285714,1363.285714,929,85.57142857,163.74,2376.02,904.58,85.78,175.9090909,2822.727273,916.6363636,89.45454545,161.71875,1189.59375,870,73.09375,175,2194.666667,941.2222222,83.88888889,192.7407407,2062.333333,1035.185185,115.7592593,168,1254,879.9393939,91,167.5789474,2904.947368,909.4736842,92.26315789,143.2222222,1329.222222,841.1111111,65.22222222,144.9148936,1551.12766,862.7659574,70,22,2952.5,867.5,23
697,179.5,1364,929,85.5,163.76,2378.48,904.92,85.72,175.6363636,2822.909091,917.5454545,86.81818182,161.625,1188.125,870,73.125,175,2195.333333,942.1111111,84.44444444,192.8888889,2067,1035.222222,115.1111111,168,1254,880.010101,91,168.8421053,2905.105263,909.0526316,92.47368421,143.1717172,1330.353535,840.9494949,65.08080808,144.9680851,1552.797872,862.787234,70,22,2949.75,874.25,23
698,179.5714286,1364.714286,929,85.42857143,163.78,2380.94,905.26,85.66,175.3636364,2823.090909,918.4545455,84.18181818,161.53125,1186.65625,870,73.15625,175,2196,943,85,193.037037,2071.666667,1035.259259,114.462963,168,1254,880.0808081,91,170.1052632,2905.263158,908.6315789,92.68421053,143.1212121,1331.484848,840.7878788,64.93939394,145.0212766,1554.468085,862.8085106,70,22,2947,881,23
699,179.6428571,1365.428571,929,85.35714286,163.8,2383.4,905.6,85.6,175.0909091,2823.272727,919.3636364,81.54545455,161.4375,1185.1875,870,73.1875,175,2194.285714,943.9285714,85.57142857,193.1851852,2076.333333,1035.296296,113.8148148,168,1254,880.1515152,91,171.3684211,2905.421053,908.2105263,92.89473684,143.0707071,1332.616162,840.6262626,64.7979798,145.0744681,1556.138298,862.8297872,70,22,2945.333333,889.3333333,23
700,179.7142857,1366.142857,929,85.28571429,163.82,2385.86,905.94,85.54,174.8181818,2823.454545,920.2727273,78.90909091,161.34375,1183.71875,870,73.21875,175,2192.571429,944.8571429,86.14285714,193.3333333,2081,1035.333333,113.1666667,168,1254,880.2222222,91,172.6315789,2905.578947,907.7894737,93.10526316,143.020202,1333.747475,840.4646465,64.65656566,145.1276596,1557.808511,862.8510638,70,22,2943.666667,897.6666667,23
701,179.7857143,1366.857143,929,85.21428571,163.84,2388.32,906.28,85.48,174.5454545,2823.636364,921.1818182,76.27272727,161.25,1182.25,870,73.25,175,2190.857143,945.7857143,86.71428571,193.4814815,2085.666667,1035.37037,112.5185185,168,1254,880.2929293,91,173.8947368,2905.736842,907.3684211,93.31578947,142.969697,1334.878788,840.3030303,64.51515152,145.1808511,1559.478723,862.8723404,70,22,2942,906,23
702,179.8571429,1367.571429,929,85.14285714,163.86,2390.78,906.62,85.42,174.2727273,2823.818182,922.0909091,73.63636364,161.15625,1180.78125,870,73.28125,175,2189.142857,946.7142857,87.28571429,193.6296296,2090.333333,1035.407407,111.8703704,168,1254,880.3636364,91,175.1578947,2905.894737,906.9473684,93.52631579,142.9191919,1336.010101,840.1414141,64.37373737,145.2340426,1561.148936,862.893617,70,23,2942.666667,907,23.33333333
703,179.9285714,1368.285714,929,85.07142857,163.88,2393.24,906.96,85.36,174,2824,923,71,161.0625,1179.3125,870,73.3125,175,2187.428571,947.6428571,87.85714286,193.7777778,2095,1035.444444,111.2222222,168,1254,880.4343434,91,176.4210526,2906.052632,906.5263158,93.73684211,142.8686869,1337.141414,839.979798,64.23232323,145.287234,1562.819149,862.9148936,70,24,2943.333333,908,23.66666667
704,180,1369,929,85,163.9,2395.7,907.3,85.3,173.5333333,2821.666667,923.8,71.8,160.96875,1177.84375,870,73.34375,175,2185.714286,948.5714286,88.42857143,193.9259259,2099.666667,1035.481481,110.5740741,168,1254,880.5050505,91,177.6842105,2906.210526,906.1052632,93.94736842,142.8181818,1338.272727,839.8181818,64.09090909,145.3404255,1564.489362,862.9361702,70,25,2944,909,24
705,180,1367.875,929.3333333,84.91666667,163.92,2398.16,907.64,85.24,173.0666667,2819.333333,924.6,72.6,160.875,1176.375,870,73.375,175,2184,949.5,89,194.0740741,2104.333333,1035.518519,109.9259259,168,1254,880.5757576,91,178.9473684,2906.368421,905.6842105,94.15789474,142.7676768,1339.40404,839.6565657,63.94949495,145.393617,1566.159574,862.9574468,70,25.5,2943.5,909.5,24.5
706,180,1366.75,929.6666667,84.83333333,163.94,2400.62,907.98,85.18,172.6,2817,925.4,73.4,160.78125,1174.90625,870,73.40625,175,2182.285714,950.4285714,89.57142857,194.2222222,2109,1035.555556,109.2777778,168,1254,880.6464646,91,180.2105263,2906.526316,905.2631579,94.36842105,142.7171717,1340.535354,839.4949495,63.80808081,145.4468085,1567.829787,862.9787234,70,26,2943,910,25
707,180,1365.625,930,84.75,163.96,2403.08,908.32,85.12,172.1333333,2814.666667,926.2,74.2,160.6875,1173.4375,870,73.4375,175,2180.571429,951.3571429,90.14285714,194.3703704,2113.666667,1035.592593,108.6296296,168,1254,880.7171717,91,181.4736842,2906.684211,904.8421053,94.57894737,142.6666667,1341.666667,839.3333333,63.66666667,145.5,1569.5,863,70,26.5,2943.25,909,25.5
708,180,1364.5,930.3333333,84.66666667,163.98,2405.54,908.66,85.06,171.6666667,2812.333333,927,75,160.59375,1171.96875,870,73.46875,175,2178.857143,952.2857143,90.71428571,194.5185185,2118.333333,1035.62963,107.9814815,168,1254,880.7878788,91,182.7368421,2906.842105,904.4210526,94.78947368,142.6161616,1342.79798,839.1717172,63.52525253,145.5531915,1571.170213,863.0212766,70,27,2943.5,908,26
709,180,1363.375,930.6666667,84.58333333,164,2408,909,85,171.2,2810,927.8,75.8,160.5,1170.5,870,73.5,175,2177.142857,953.2142857,91.28571429,194.6666667,2123,1035.666667,107.3333333,168,1254,880.8585859,91,184,2907,904,95,142.5656566,1343.929293,839.010101,63.38383838,145.606383,1572.840426,863.0425532,70,27.5,2943.75,907,26.5
710,180,1362.25,931,84.5,164,2410.133333,909.5333333,84.93333333,170.7333333,2807.666667,928.6,76.6,160.40625,1169.03125,870,73.53125,175,2175.428571,954.1428571,91.85714286,194.8148148,2127.666667,1035.703704,106.6851852,168,1254,880.9292929,91,183.9285714,2909.071429,904.0714286,93.57142857,142.5151515,1345.060606,838.8484848,63.24242424,145.6595745,1574.510638,863.0638298,70,28,2944,906,27
711,180,1361.125,931.3333333,84.41666667,164,2412.266667,910.0666667,84.86666667,170.2666667,2805.333333,929.4,77.4,160.3125,1167.5625,870,73.5625,175,2173.714286,955.0714286,92.42857143,194.962963,2132.333333,1035.740741,106.037037,168,1254,881,91,183.8571429,2911.142857,904.1428571,92.14285714,142.4646465,1346.191919,838.6868687,63.1010101,145.712766,1576.180851,863.0851064,70,28,2945.285714,905.7142857,27
712,180,1360,931.6666667,84.33333333,164,2414.4,910.6,84.8,169.8,2803,930.2,78.2,160.21875,1166.09375,870,73.59375,175,2172,956,93,195.1111111,2137,1035.777778,105.3888889,168.0784314,1254.294118,881.254902,90.82352941,183.7857143,2913.214286,904.2142857,90.71428571,142.4141414,1347.323232,838.5252525,62.95959596,145.7659574,1577.851064,863.106383,70,28,2946.571429,905.4285714,27
713,180,1358.875,932,84.25,164,2416.533333,911.1333333,84.73333333,169.3333333,2800.666667,931,79,160.125,1164.625,870,73.625,175.0952381,2168.619048,956.1904762,92.42857143,195.2592593,2141.666667,1035.814815,104.7407407,168.1568627,1254.588235,881.5098039,90.64705882,183.7142857,2915.285714,904.2857143,89.28571429,142.3636364,1348.454545,838.3636364,62.81818182,145.8191489,1579.521277,863.1276596,70,28,2947.857143,905.1428571,27
714,180,1357.75,932.3333333,84.16666667,164,2418.666667,911.6666667,84.66666667,168.8666667,2798.333333,931.8,79.8,160.03125,1163.15625,870,73.65625,175.1904762,2165.238095,956.3809524,91.85714286,195.4074074,2146.333333,1035.851852,104.0925926,168.2352941,1254.882353,881.7647059,90.47058824,183.6428571,2917.357143,904.3571429,87.85714286,142.3131313,1349.585859,838.2020202,62.67676768,145.8723404,1581.191489,863.1489362,70,28,2949.142857,904.8571429,27
715,180,1356.625,932.6666667,84.08333333,164,2420.8,912.2,84.6,168.4,2796,932.6,80.6,159.9375,1161.6875,870,73.6875,175.2857143,2161.857143,956.5714286,91.28571429,195.5555556,2151,1035.888889,103.4444444,168.3137255,1255.176471,882.0196078,90.29411765,183.5714286,2919.428571,904.4285714,86.42857143,142.2626263,1350.717172,838.040404,62.53535354,145.9255319,1582.861702,863.1702128,70,28,2950.428571,904.5714286,27
716,180,1355.5,933,84,164,2422.933333,912.7333333,84.53333333,167.9333333,2793.666667,933.4,81.4,159.84375,1160.21875,870,73.71875,175.3809524,2158.47619,956.7619048,90.71428571,195.7037037,2155.666667,1035.925926,102.7962963,168.3921569,1255.470588,882.2745098,90.11764706,183.5,2921.5,904.5,85,142.2121212,1351.848485,837.8787879,62.39393939,145.9787234,1584.531915,863.1914894,70,28,2951.714286,904.2857143,27
717,180,1354.375,933.3333333,83.91666667,164,2425.066667,913.2666667,84.46666667,167.4666667,2791.333333,934.2,82.2,159.75,1158.75,870,73.75,175.4761905,2155.095238,956.952381,90.14285714,195.8518519,2160.333333,1035.962963,102.1481481,168.4705882,1255.764706,882.5294118,89.94117647,183.4285714,2923.571429,904.5714286,83.57142857,142.1616162,1352.979798,837.7171717,62.25252525,146.0319149,1586.202128,863.212766,70,28,2953,904,27
718,180,1353.25,933.6666667,83.83333333,164,2427.2,913.8,84.4,167,2789,935,83,159.65625,1157.28125,870,73.78125,175.5714286,2151.714286,957.1428571,89.57142857,196,2165,1036,101.5,168.5490196,1256.058824,882.7843137,89.76470588,183.3571429,2925.642857,904.6428571,82.14285714,142.1111111,1354.111111,837.5555556,62.11111111,146.0851064,1587.87234,863.2340426,70,28,2954.333333,904.3333333,27
719,180,1352.125,934,83.75,164,2429.333333,914.3333333,84.33333333,166.2,2782.8,936.2,86.6,159.5625,1155.8125,870,73.8125,175.6666667,2148.333333,957.3333333,89,196.1481481,2169.666667,1036.037037,100.8518519,168.627451,1256.352941,883.0392157,89.58823529,183.2857143,2927.714286,904.7142857,80.71428571,142.0606061,1355.242424,837.3939394,61.96969697,146.1382979,1589.542553,863.2553191,70,28,2955.666667,904.6666667,27
720,180,1351,934.3333333,83.66666667,164,2431.466667,914.8666667,84.26666667,165.4,2776.6,937.4,90.2,159.46875,1154.34375,870,73.84375,175.7619048,2144.952381,957.5238095,88.42857143,196.2962963,2174.333333,1036.074074,100.2037037,168.7058824,1256.647059,883.2941176,89.41176471,183.2142857,2929.785714,904.7857143,79.28571429,142.010101,1356.373737,837.2323232,61.82828283,146.1914894,1591.212766,863.2765957,70,28,2957,905,27
721,180,1349.875,934.6666667,83.58333333,164,2433.6,915.4,84.2,164.6,2770.4,938.6,93.8,159.375,1152.875,870,73.875,175.8571429,2141.571429,957.7142857,87.85714286,196.4444444,2179,1036.111111,99.55555556,168.7843137,1256.941176,883.5490196,89.23529412,183.1428571,2931.857143,904.8571429,77.85714286,141.959596,1357.505051,837.0707071,61.68686869,146.2446809,1592.882979,863.2978723,70,28,2959.333333,905,27
722,180,1348.75,935,83.5,164,2435.733333,915.9333333,84.13333333,163.8,2764.2,939.8,97.4,159.28125,1151.40625,870,73.90625,175.952381,2138.190476,957.9047619,87.28571429,196.5925926,2183.666667,1036.148148,98.90740741,168.8627451,1257.235294,883.8039216,89.05882353,183.0714286,2933.928571,904.9285714,76.42857143,141.9090909,1358.636364,836.9090909,61.54545455,146.2978723,1594.553191,863.3191489,70,28,2961.666667,905,27
723,180,1347.625,935.3333333,83.41666667,164,2437.866667,916.4666667,84.06666667,163,2758,941,101,159.1875,1149.9375,870,73.9375,176.047619,2134.809524,958.0952381,86.71428571,196.7407407,2188.333333,1036.185185,98.25925926,168.9411765,1257.529412,884.0588235,88.88235294,183,2936,905,75,141.8585859,1359.767677,836.7474747,61.4040404,146.3510638,1596.223404,863.3404255,70,28,2964,905,27
724,180,1346.5,935.6666667,83.33333333,164,2440,917,84,163.2,2756.8,941.4,101.6,159.09375,1148.46875,870,73.96875,176.1428571,2131.428571,958.2857143,86.14285714,196.8888889,2193,1036.222222,97.61111111,169.0196078,1257.823529,884.3137255,88.70588235,182.6190476,2936.190476,905.6666667,76.14285714,141.8080808,1360.89899,836.5858586,61.26262626,146.4042553,1597.893617,863.3617021,70,28,2965.833333,905.1666667,27
725,180,1345.375,936,83.25,163.8888889,2441.555556,917.3333333,84.55555556,163.4,2755.6,941.8,102.2,159,1147,870,74,176.2380952,2128.047619,958.4761905,85.57142857,197.037037,2197.666667,1036.259259,96.96296296,169.0980392,1258.117647,884.5686275,88.52941176,182.2380952,2936.380952,906.3333333,77.28571429,141.7575758,1362.030303,836.4242424,61.12121212,146.4574468,1599.56383,863.3829787,70,28,2967.666667,905.3333333,27
726,180,1344.25,936.3333333,83.16666667,163.7777778,2443.111111,917.6666667,85.11111111,163.6,2754.4,942.2,102.8,158.9090909,1146.757576,869.7878788,74.06060606,176.3333333,2124.666667,958.6666667,85,197.1851852,2202.333333,1036.296296,96.31481481,169.1764706,1258.411765,884.8235294,88.35294118,181.8571429,2936.571429,907,78.42857143,141.7070707,1363.161616,836.2626263,60.97979798,146.5106383,1601.234043,863.4042553,70,28,2969.5,905.5,27
727,180,1343.125,936.6666667,83.08333333,163.6666667,2444.666667,918,85.66666667,163.8,2753.2,942.6,103.4,158.8181818,1146.515152,869.5757576,74.12121212,176.4285714,2121.285714,958.8571429,84.42857143,197.3333333,2207,1036.333333,95.66666667,169.254902,1258.705882,885.0784314,88.17647059,181.4761905,2936.761905,907.6666667,79.57142857,141.6565657,1364.292929,836.1010101,60.83838384,146.5638298,1602.904255,863.4255319,70,28,2971.333333,905.6666667,27
728,180,1342,937,83,163.5555556,2446.222222,918.3333333,86.22222222,164,2752,943,104,158.7272727,1146.272727,869.3636364,74.18181818,176.5238095,2117.904762,959.047619,83.85714286,197.4814815,2211.666667,1036.37037,95.01851852,169.3333333,1259,885.3333333,88,181.0952381,2936.952381,908.3333333,80.71428571,141.6060606,1365.424242,835.9393939,60.6969697,146.6170213,1604.574468,863.4468085,70,28,2973.166667,905.8333333,27
729,180.030303,1340.333333,937.1212121,82.93939394,163.4444444,2447.777778,918.6666667,86.77777778,164.2083333,2748,943.1666667,104.5416667,158.6363636,1146.030303,869.1515152,74.24242424,176.6190476,2114.52381,959.2380952,83.28571429,197.6296296,2216.333333,1036.407407,94.37037037,169.4117647,1259.294118,885.5882353,87.82352941,180.7142857,2937.142857,909,81.85714286,141.5555556,1366.555556,835.7777778,60.55555556,146.6702128,1606.244681,863.4680851,70,28,2975,906,27
730,180.0606061,1338.666667,937.2424242,82.87878788,163.3333333,2449.333333,919,87.33333333,164.4166667,2744,943.3333333,105.0833333,158.5454545,1145.787879,868.9393939,74.3030303,176.7142857,2111.142857,959.4285714,82.71428571,197.7777778,2221,1036.444444,93.72222222,169.4901961,1259.588235,885.8431373,87.64705882,180.3333333,2937.333333,909.6666667,83,141.5050505,1367.686869,835.6161616,60.41414141,146.7234043,1607.914894,863.4893617,70,28,2977.5,907,27
731,180.0909091,1337,937.3636364,82.81818182,163.2222222,2450.888889,919.3333333,87.88888889,164.625,2740,943.5,105.625,158.4545455,1145.545455,868.7272727,74.36363636,176.8095238,2107.761905,959.6190476,82.14285714,197.9259259,2225.666667,1036.481481,93.07407407,169.5686275,1259.882353,886.0980392,87.47058824,179.952381,2937.52381,910.3333333,84.14285714,141.4545455,1368.818182,835.4545455,60.27272727,146.7765957,1609.585106,863.5106383,70,28,2980,908,27
732,180.1212121,1335.333333,937.4848485,82.75757576,163.1111111,2452.444444,919.6666667,88.44444444,164.8333333,2736,943.6666667,106.1666667,158.3636364,1145.30303,868.5151515,74.42424242,176.9047619,2104.380952,959.8095238,81.57142857,198.0740741,2230.333333,1036.518519,92.42592593,169.6470588,1260.176471,886.3529412,87.29411765,179.5714286,2937.714286,911,85.28571429,141.4040404,1369.949495,835.2929293,60.13131313,146.8297872,1611.255319,863.5319149,70,28,2982.5,909,27
733,180.1515152,1333.666667,937.6060606,82.6969697,163,2454,920,89,165.0416667,2732,943.8333333,106.7083333,158.2727273,1145.060606,868.3030303,74.48484848,177,2101,960,81,198.2222222,2235,1036.555556,91.77777778,169.7254902,1260.470588,886.6078431,87.11764706,179.1904762,2937.904762,911.6666667,86.42857143,141.3535354,1371.080808,835.1313131,59.98989899,146.8829787,1612.925532,863.5531915,70,28,2985,910,27
734,180.1818182,1332,937.7272727,82.63636364,163,2455.545455,921.5454545,89.63636364,165.25,2728,944,107.25,158.1818182,1144.818182,868.0909091,74.54545455,176.8888889,2096,960.3888889,82.88888889,198.3703704,2239.666667,1036.592593,91.12962963,169.8039216,1260.764706,886.8627451,86.94117647,178.8095238,2938.095238,912.3333333,87.57142857,141.3030303,1372.212121,834.969697,59.84848485,146.9361702,1614.595745,863.5744681,70,28,2987.142857,911,27
735,180.2121212,1330.333333,937.8484848,82.57575758,163,2457.090909,923.0909091,90.27272727,165.4583333,2724,944.1666667,107.7916667,158.0909091,1144.575758,867.8787879,74.60606061,176.7777778,2091,960.7777778,84.77777778,198.5185185,2244.333333,1036.62963,90.48148148,169.8823529,1261.058824,887.1176471,86.76470588,178.4285714,2938.285714,913,88.71428571,141.2525253,1373.343434,834.8080808,59.70707071,146.9893617,1616.265957,863.5957447,70,28,2989.285714,912,27
736,180.2424242,1328.666667,937.969697,82.51515152,163,2458.636364,924.6363636,90.90909091,165.6666667,2720,944.3333333,108.3333333,158,1144.333333,867.6666667,74.66666667,176.6666667,2086,961.1666667,86.66666667,198.6666667,2249,1036.666667,89.83333333,169.9607843,1261.352941,887.372549,86.58823529,178.047619,2938.47619,913.6666667,89.85714286,141.2020202,1374.474747,834.6464646,59.56565657,147.0425532,1617.93617,863.6170213,70,28,2991.428571,913,27
737,180.2727273,1327,938.0909091,82.45454545,163,2460.181818,926.1818182,91.54545455,165.875,2716,944.5,108.875,157.9090909,1144.090909,867.4545455,74.72727273,176.5555556,2081,961.5555556,88.55555556,198.8148148,2253.666667,1036.703704,89.18518519,170.0392157,1261.647059,887.627451,86.41176471,177.6666667,2938.666667,914.3333333,91,141.1515152,1375.606061,834.4848485,59.42424242,147.0957447,1619.606383,863.6382979,70,28,2993.571429,914,27
738,180.3030303,1325.333333,938.2121212,82.39393939,163,2461.727273,927.7272727,92.18181818,166.0833333,2712,944.6666667,109.4166667,157.8181818,1143.848485,867.2424242,74.78787879,176.4444444,2076,961.9444444,90.44444444,198.962963,2258.333333,1036.740741,88.53703704,170.1176471,1261.941176,887.8823529,86.23529412,177.2857143,2938.857143,915,92.14285714,141.1010101,1376.737374,834.3232323,59.28282828,147.1489362,1621.276596,863.6595745,70,28,2995.714286,915,27
739,180.3333333,1323.666667,938.3333333,82.33333333,163,2463.272727,929.2727273,92.81818182,166.2916667,2708,944.8333333,109.9583333,157.7272727,1143.606061,867.030303,74.84848485,176.3333333,2071,962.3333333,92.33333333,199.1111111,2263,1036.777778,87.88888889,170.1960784,1262.235294,888.1372549,86.05882353,176.9047619,2939.047619,915.6666667,93.28571429,141.0505051,1377.868687,834.1616162,59.14141414,147.2021277,1622.946809,863.6808511,70,28,2997.857143,916,27
740,180.3636364,1322,938.4545455,82.27272727,163,2464.818182,930.8181818,93.45454545,166.5,2704,945,110.5,157.6363636,1143.363636,866.8181818,74.90909091,176.2222222,2066,962.7222222,94.22222222,199.2592593,2267.666667,1036.814815,87.24074074,170.2745098,1262.529412,888.3921569,85.88235294,176.5238095,2939.238095,916.3333333,94.42857143,141,1379,834,59,147.2553191,1624.617021,863.7021277,70,28,3000,917,27
741,180.3939394,1320.333333,938.5757576,82.21212121,163,2466.363636,932.3636364,94.09090909,166.7083333,2700,945.1666667,111.0416667,157.5454545,1143.121212,866.6060606,74.96969697,176.1111111,2061,963.1111111,96.11111111,199.4074074,2272.333333,1036.851852,86.59259259,170.3529412,1262.823529,888.6470588,85.70588235,176.1428571,2939.428571,917,95.57142857,141,1378.761905,834.0793651,59,147.3085106,1626.287234,863.7234043,70,28,3001.25,918.5,27
742,180.4242424,1318.666667,938.6969697,82.15151515,163,2467.909091,933.9090909,94.72727273,166.9166667,2696,945.3333333,111.5833333,157.4545455,1142.878788,866.3939394,75.03030303,176,2056,963.5,98,199.5555556,2277,1036.888889,85.94444444,170.4313725,1263.117647,888.9019608,85.52941176,175.7619048,2939.619048,917.6666667,96.71428571,141,1378.52381,834.1587302,59,147.3617021,1627.957447,863.7446809,70,28,3002.5,920,27
743,180.4545455,1317,938.8181818,82.09090909,163,2469.454545,935.4545455,95.36363636,167.125,2692,945.5,112.125,157.3636364,1142.636364,866.1818182,75.09090909,175.8888889,2051,963.8888889,99.88888889,199.7037037,2281.666667,1036.925926,85.2962963,170.5098039,1263.411765,889.1568627,85.35294118,175.3809524,2939.809524,918.3333333,97.85714286,141,1378.285714,834.2380952,59,147.4148936,1629.62766,863.7659574,70,28,3003.75,921.5,27
744,180.4848485,1315.333333,938.9393939,82.03030303,163,2471,937,96,167.3333333,2688,945.6666667,112.6666667,157.2727273,1142.393939,865.969697,75.15151515,175.7777778,2046,964.2777778,101.7777778,199.8518519,2286.333333,1036.962963,84.64814815,170.5882353,1263.705882,889.4117647,85.17647059,175,2940,919,99,141,1378.047619,834.3174603,59,147.4680851,1631.297872,863.787234,70,28,3005,923,27
745,180.5151515,1313.666667,939.0606061,81.96969697,161.4285714,2475.285714,939,93.42857143,167.5416667,2684,945.8333333,113.2083333,157.1818182,1142.151515,865.7575758,75.21212121,175.6666667,2041,964.6666667,103.6666667,200,2291,1037,84,170.6666667,1264,889.6666667,85,175.5,2940.222222,918.7777778,98.77777778,141,1377.809524,834.3968254,59,147.5212766,1632.968085,863.8085106,70,28,3004.666667,922.1111111,27
746,180.5454545,1312,939.1818182,81.90909091,159.8571429,2479.571429,941,90.85714286,167.75,2680,946,113.75,157.0909091,1141.909091,865.5454545,75.27272727,175.5555556,2036,965.0555556,105.5555556,201,2292.333333,1037,89,170.745098,1264.294118,889.9215686,84.82352941,176,2940.444444,918.5555556,98.55555556,141,1377.571429,834.4761905,59,147.5744681,1634.638298,863.8297872,70,28,3004.333333,921.2222222,27
747,180.5757576,1310.333333,939.3030303,81.84848485,158.2857143,2483.857143,943,88.28571429,167.9583333,2676,946.1666667,114.2916667,157,1141.666667,865.3333333,75.33333333,175.4444444,2031,965.4444444,107.4444444,202,2293.666667,1037,94,170.8235294,1264.588235,890.1764706,84.64705882,176.5,2940.666667,918.3333333,98.33333333,141,1377.333333,834.5555556,59,147.6276596,1636.308511,863.8510638,70,28,3004,920.3333333,27
748,180.6060606,1308.666667,939.4242424,81.78787879,156.7142857,2488.142857,945,85.71428571,168.1666667,2672,946.3333333,114.8333333,156.9090909,1141.424242,865.1212121,75.39393939,175.3333333,2026,965.8333333,109.3333333,203,2295,1037,99,170.9019608,1264.882353,890.4313725,84.47058824,177,2940.888889,918.1111111,98.11111111,141,1377.095238,834.6349206,59,147.6808511,1637.978723,863.8723404,70,28,3003.666667,919.4444444,27
749,180.6363636,1307,939.5454545,81.72727273,155.1428571,2492.428571,947,83.14285714,168.375,2668,946.5,115.375,156.8181818,1141.181818,864.9090909,75.45454545,175.2222222,2021,966.2222222,111.2222222,204,2296.333333,1037,104,170.9803922,1265.176471,890.6862745,84.29411765,177.5,2941.111111,917.8888889,97.88888889,141,1376.857143,834.7142857,59,147.7340426,1639.648936,863.893617,70,28,3003.333333,918.5555556,27
750,180.6666667,1305.333333,939.6666667,81.66666667,153.5714286,2496.714286,949,80.57142857,168.5833333,2664,946.6666667,115.9166667,156.7272727,1140.939394,864.6969697,75.51515152,175.1111111,2016,966.6111111,113.1111111,205,2297.666667,1037,109,171.0588235,1265.470588,890.9411765,84.11764706,178,2941.333333,917.6666667,97.66666667,141,1376.619048,834.7936508,59,147.787234,1641.319149,863.9148936,70,28,3003,917.6666667,27
751,180.6969697,1303.666667,939.7878788,81.60606061,152,2501,951,78,168.7916667,2660,946.8333333,116.4583333,156.6363636,1140.69697,864.4848485,75.57575758,175,2011,967,115,206,2299,1037,114,171.1372549,1265.764706,891.1960784,83.94117647,178.5,2941.555556,917.4444444,97.44444444,141,1376.380952,834.8730159,59,147.8404255,1642.989362,863.9361702,70,28,3002.666667,916.7777778,27
752,180.7272727,1302,939.9090909,81.54545455,153.8,2501.4,953.4,80.8,169,2656,947,117,156.5454545,1140.454545,864.2727273,75.63636364,175.1578947,2006.894737,966.6315789,114.2105263,205.25,2302.166667,1037.916667,113.25,171.2156863,1266.058824,891.4509804,83.76470588,179,2941.777778,917.2222222,97.22222222,141,1376.142857,834.952381,59,147.893617,1644.659574,863.9574468,70,28,3002.333333,915.8888889,27
753,180.7575758,1300.333333,940.030303,81.48484848,155.6,2501.8,955.8,83.6,169.220339,2652.135593,947.1864407,116.8474576,156.4545455,1140.212121,864.0606061,75.6969697,175.3157895,2002.789474,966.2631579,113.4210526,204.5,2305.333333,1038.833333,112.5,171.2941176,1266.352941,891.7058824,83.58823529,179.5,2942,917,97,141,1375.904762,835.031746,59,147.9468085,1646.329787,863.9787234,70,28,3002,915,27
754,180.7878788,1298.666667,940.1515152,81.42424242,157.4,2502.2,958.2,86.4,169.440678,2648.271186,947.3728814,116.6949153,156.3636364,1139.969697,863.8484848,75.75757576,175.4736842,1998.684211,965.8947368,112.6315789,203.75,2308.5,1039.75,111.75,171.372549,1266.647059,891.9607843,83.41176471,180,2942.222222,916.7777778,96.77777778,141,1375.666667,835.1111111,59,148,1648,864,70,28,3002.4,915,27
755,180.8181818,1297,940.2727273,81.36363636,159.2,2502.6,960.6,89.2,169.6610169,2644.40678,947.559322,116.5423729,156.2727273,1139.727273,863.6363636,75.81818182,175.6315789,1994.578947,965.5263158,111.8421053,203,2311.666667,1040.666667,111,171.4509804,1266.941176,892.2156863,83.23529412,180.5,2942.444444,916.5555556,96.55555556,141,1375.428571,835.1904762,59,148,1649.677419,864.0645161,70.09677419,28,3002.8,915,27
756,180.8484848,1295.333333,940.3939394,81.3030303,161,2503,963,92,169.8813559,2640.542373,947.7457627,116.3898305,156.1818182,1139.484848,863.4242424,75.87878788,175.7894737,1990.473684,965.1578947,111.0526316,202.25,2314.833333,1041.583333,110.25,171.5294118,1267.235294,892.4705882,83.05882353,181,2942.666667,916.3333333,96.33333333,141,1375.190476,835.2698413,59,148,1651.354839,864.1290323,70.19354839,28,3003.2,915,27
757,180.8787879,1293.666667,940.5151515,81.24242424,162.8461538,2504.769231,963.8461538,93.46153846,170.1016949,2636.677966,947.9322034,116.2372881,156.0909091,1139.242424,863.2121212,75.93939394,175.9473684,1986.368421,964.7894737,110.2631579,201.5,2318,1042.5,109.5,171.6078431,1267.529412,892.7254902,82.88235294,181.5,2942.888889,916.1111111,96.11111111,141,1374.952381,835.3492063,59,148,1653.032258,864.1935484,70.29032258,28,3003.6,915,27
758,180.9090909,1292,940.6363636,81.18181818,164.6923077,2506.538462,964.6923077,94.92307692,170.3220339,2632.813559,948.1186441,116.0847458,156,1139,863,76,176.1052632,1982.263158,964.4210526,109.4736842,200.75,2321.166667,1043.416667,108.75,171.6862745,1267.823529,892.9803922,82.70588235,182,2943.111111,915.8888889,95.88888889,141,1374.714286,835.4285714,59,148,1654.709677,864.2580645,70.38709677,28,3004,915,27
759,180.9393939,1290.333333,940.7575758,81.12121212,166.5384615,2508.307692,965.5384615,96.38461538,170.5423729,2628.949153,948.3050847,115.9322034,155.921875,1140.59375,862.90625,76,176.2631579,1978.157895,964.0526316,108.6842105,200,2324.333333,1044.333333,108,171.7647059,1268.117647,893.2352941,82.52941176,182.5,2943.333333,915.6666667,95.66666667,141,1374.47619,835.5079365,59,148,1656.387097,864.3225806,70.48387097,28,3004.4,915,27
760,180.969697,1288.666667,940.8787879,81.06060606,168.3846154,2510.076923,966.3846154,97.84615385,170.7627119,2625.084746,948.4915254,115.779661,155.84375,1142.1875,862.8125,76,176.4210526,1974.052632,963.6842105,107.8947368,199.25,2327.5,1045.25,107.25,171.8431373,1268.411765,893.4901961,82.35294118,183,2943.555556,915.4444444,95.44444444,141,1374.238095,835.5873016,59,148,1658.064516,864.3870968,70.58064516,28,3004.8,915,27
761,181,1287,941,81,170.2307692,2511.846154,967.2307692,99.30769231,170.9830508,2621.220339,948.6779661,115.6271186,155.765625,1143.78125,862.71875,76,176.5789474,1969.947368,963.3157895,107.1052632,198.5,2330.666667,1046.166667,106.5,171.9215686,1268.705882,893.745098,82.17647059,183.5,2943.777778,915.2222222,95.22222222,141,1374,835.6666667,59,148,1659.741935,864.4516129,70.67741935,28,3005.2,915,27
762,180.8301887,1285.301887,940.8301887,81.24528302,172.0769231,2513.615385,968.0769231,100.7692308,171.2033898,2617.355932,948.8644068,115.4745763,155.6875,1145.375,862.625,76,176.7368421,1965.842105,962.9473684,106.3157895,197.75,2333.833333,1047.083333,105.75,172,1269,894,82,184,2944,915,95,141,1373.761905,835.7460317,59,148,1661.419355,864.516129,70.77419355,28,3005.6,915,27
763,180.6603774,1283.603774,940.6603774,81.49056604,173.9230769,2515.384615,968.9230769,102.2307692,171.4237288,2613.491525,949.0508475,115.3220339,155.609375,1146.96875,862.53125,76,176.8947368,1961.736842,962.5789474,105.5263158,197,2337,1048,105,172,1269.173077,894.0769231,81.73076923,182.4,2944,915.6,97.4,141,1373.52381,835.8253968,59,148,1663.096774,864.5806452,70.87096774,28,3006,915,27
764,180.490566,1281.90566,940.490566,81.73584906,175.7692308,2517.153846,969.7692308,103.6923077,171.6440678,2609.627119,949.2372881,115.1694915,155.53125,1148.5625,862.4375,76,177.0526316,1957.631579,962.2105263,104.7368421,196.9,2337,1048.3,106.2,172,1269.346154,894.1538462,81.46153846,180.8,2944,916.2,99.8,141,1373.285714,835.9047619,59,148,1664.774194,864.6451613,70.96774194,28,3007.25,915.75,27
765,180.3207547,1280.207547,940.3207547,81.98113208,177.6153846,2518.923077,970.6153846,105.1538462,171.8644068,2605.762712,949.4237288,115.0169492,155.453125,1150.15625,862.34375,76,177.2105263,1953.526316,961.8421053,103.9473684,196.8,2337,1048.6,107.4,172,1269.519231,894.2307692,81.19230769,179.2,2944,916.8,102.2,141,1373.047619,835.984127,59,148,1666.451613,864.7096774,71.06451613,28,3008.5,916.5,27
766,180.1509434,1278.509434,940.1509434,82.22641509,179.4615385,2520.692308,971.4615385,106.6153846,172.0847458,2601.898305,949.6101695,114.8644068,155.375,1151.75,862.25,76,177.3684211,1949.421053,961.4736842,103.1578947,196.7,2337,1048.9,108.6,172,1269.692308,894.3076923,80.92307692,177.6,2944,917.4,104.6,141,1372.809524,836.0634921,59,148,1668.129032,864.7741935,71.16129032,28,3009.75,917.25,27
767,179.9811321,1276.811321,939.9811321,82.47169811,181.3076923,2522.461538,972.3076923,108.0769231,172.3050847,2598.033898,949.7966102,114.7118644,155.296875,1153.34375,862.15625,76,177.5263158,1945.315789,961.1052632,102.3684211,196.6,2337,1049.2,109.8,172,1269.865385,894.3846154,80.65384615,176,2944,918,107,141,1372.571429,836.1428571,59,148,1669.806452,864.8387097,71.25806452,28,3011,918,27
768,179.8113208,1275.113208,939.8113208,82.71698113,183.1538462,2524.230769,973.1538462,109.5384615,172.5254237,2594.169492,949.9830508,114.559322,155.21875,1154.9375,862.0625,76,177.6842105,1941.210526,960.7368421,101.5789474,196.5,2337,1049.5,111,172,1270.038462,894.4615385,80.38461538,175.9285714,2946.714286,918.6428571,106.75,141,1372.333333,836.2222222,59,148,1671.483871,864.9032258,71.35483871,28,3010.833333,919,27
769,179.6415094,1273.415094,939.6415094,82.96226415,185,2526,974,111,172.7457627,2590.305085,950.1694915,114.4067797,155.140625,1156.53125,861.96875,76,177.8421053,1937.105263,960.3684211,100.7894737,196.4,2337,1049.8,112.2,172,1270.211538,894.5384615,80.11538462,175.8571429,2949.428571,919.2857143,106.5,141,1372.095238,836.3015873,59,148,1673.16129,864.9677419,71.4516129,28,3010.666667,920,27
770,179.4716981,1271.716981,939.4716981,83.20754717,185.5263158,2527.631579,975.5789474,111.4210526,172.9661017,2586.440678,950.3559322,114.2542373,155.0625,1158.125,861.875,76,178,1933,960,100,196.3,2337,1050.1,113.4,172,1270.384615,894.6153846,79.84615385,175.7857143,2952.142857,919.9285714,106.25,141,1371.857143,836.3809524,59,148,1674.83871,865.0322581,71.5483871,28,3010.5,921,27
771,179.3018868,1270.018868,939.3018868,83.45283019,186.0526316,2529.263158,977.1578947,111.8421053,173.1864407,2582.576271,950.5423729,114.1016949,154.984375,1159.71875,861.78125,76,178.1578947,1928.894737,959.6315789,99.21052632,196.2,2337,1050.4,114.6,172,1270.557692,894.6923077,79.57692308,175.7142857,2954.857143,920.5714286,106,141,1371.619048,836.4603175,59,148,1676.516129,865.0967742,71.64516129,28,3010.333333,922,27
772,179.1320755,1268.320755,939.1320755,83.69811321,186.5789474,2530.894737,978.7368421,112.2631579,173.4067797,2578.711864,950.7288136,113.9491525,154.90625,1161.3125,861.6875,76,178.3157895,1924.789474,959.2631579,98.42105263,196.1,2337,1050.7,115.8,172,1270.730769,894.7692308,79.30769231,175.6428571,2957.571429,921.2142857,105.75,141,1371.380952,836.5396825,59,148,1678.193548,865.1612903,71.74193548,28,3010.166667,923,27
773,178.9622642,1266.622642,938.9622642,83.94339623,187.1052632,2532.526316,980.3157895,112.6842105,173.6271186,2574.847458,950.9152542,113.7966102,154.828125,1162.90625,861.59375,76,178.4736842,1920.684211,958.8947368,97.63157895,196,2337,1051,117,172,1270.903846,894.8461538,79.03846154,175.5714286,2960.285714,921.8571429,105.5,141,1371.142857,836.6190476,59,148,1679.870968,865.2258065,71.83870968,28,3010,924,27
774,178.7924528,1264.924528,938.7924528,84.18867925,187.6315789,2534.157895,981.8947368,113.1052632,173.8474576,2570.983051,951.1016949,113.6440678,154.75,1164.5,861.5,76,178.6315789,1916.578947,958.5263158,96.84210526,195.9,2337,1051.3,118.2,172,1271.076923,894.9230769,78.76923077,175.5,2963,922.5,105.25,141,1370.904762,836.6984127,59,148,1681.548387,865.2903226,71.93548387,28,3009.8,926.8,27
775,178.6226415,1263.226415,938.6226415,84.43396226,188.1578947,2535.789474,983.4736842,113.5263158,174.0677966,2567.118644,951.2881356,113.4915254,154.671875,1166.09375,861.40625,76,178.7894737,1912.473684,958.1578947,96.05263158,195.8,2337,1051.6,119.4,172,1271.25,895,78.5,175.4285714,2965.714286,923.1428571,105,141,1370.666667,836.7777778,59,148,1683.225806,865.3548387,72.03225806,28,3009.6,929.6,27
776,178.4528302,1261.528302,938.4528302,84.67924528,188.6842105,2537.421053,985.0526316,113.9473684,174.2881356,2563.254237,951.4745763,113.3389831,154.59375,1167.6875,861.3125,76,178.9473684,1908.368421,957.7894737,95.26315789,195.7,2337,1051.9,120.6,172,1271.423077,895.0769231,78.23076923,175.3571429,2968.428571,923.7857143,104.75,141,1370.428571,836.8571429,59,148,1684.903226,865.4193548,72.12903226,28,3009.4,932.4,27
777,178.2830189,1259.830189,938.2830189,84.9245283,189.2105263,2539.052632,986.6315789,114.3684211,174.5084746,2559.389831,951.6610169,113.1864407,154.515625,1169.28125,861.21875,76,179.1052632,1904.263158,957.4210526,94.47368421,195.6,2337,1052.2,121.8,172,1271.596154,895.1538462,77.96153846,175.2857143,2971.142857,924.4285714,104.5,141,1370.190476,836.9365079,59,148,1686.580645,865.483871,72.22580645,28,3009.2,935.2,27
778,178.1132075,1258.132075,938.1132075,85.16981132,189.7368421,2540.684211,988.2105263,114.7894737,174.7288136,2555.525424,951.8474576,113.0338983,154.4375,1170.875,861.125,76,179.2631579,1900.157895,957.0526316,93.68421053,195.5,2337,1052.5,123,172,1271.769231,895.2307692,77.69230769,175.2142857,2973.857143,925.0714286,104.25,141,1369.952381,837.015873,59,148,1688.258065,865.5483871,72.32258065,28,3009,938,27
779,177.9433962,1256.433962,937.9433962,85.41509434,190.2631579,2542.315789,989.7894737,115.2105263,174.9491525,2551.661017,952.0338983,112.8813559,154.359375,1172.46875,861.03125,76,179.4210526,1896.052632,956.6842105,92.89473684,195.4,2337,1052.8,124.2,172,1271.942308,895.3076923,77.42307692,175.1428571,2976.571429,925.7142857,104,141,1369.714286,837.0952381,59,148,1689.935484,865.6129032,72.41935484,28,3009.8,939.6,27
780,177.7735849,1254.735849,937.7735849,85.66037736,190.7894737,2543.947368,991.3684211,115.6315789,175.1694915,2547.79661,952.220339,112.7288136,154.28125,1174.0625,860.9375,76,179.5789474,1891.947368,956.3157895,92.10526316,195.3,2337,1053.1,125.4,172,1272.115385,895.3846154,77.15384615,175.0714286,2979.285714,926.3571429,103.75,141,1369.47619,837.1746032,59,148,1691.612903,865.6774194,72.51612903,28,3010.6,941.2,27
781,177.6037736,1253.037736,937.6037736,85.90566038,191.3157895,2545.578947,992.9473684,116.0526316,175.3898305,2543.932203,952.4067797,112.5762712,154.203125,1175.65625,860.84375,76,179.7368421,1887.842105,955.9473684,91.31578947,195.2,2337,1053.4,126.6,172,1272.288462,895.4615385,76.88461538,175,2982,927,103.5,141,1369.238095,837.2539683,59,148,1693.290323,865.7419355,72.61290323,28,3011.4,942.8,27
782,177.4339623,1251.339623,937.4339623,86.1509434,191.8421053,2547.210526,994.5263158,116.4736842,175.6101695,2540.067797,952.5932203,112.4237288,154.125,1177.25,860.75,76,179.8947368,1883.736842,955.5789474,90.52631579,195.1,2337,1053.7,127.8,172,1272.461538,895.5384615,76.61538462,174.9285714,2984.714286,927.6428571,103.25,141,1369,837.3333333,59,148,1694.967742,865.8064516,72.70967742,28,3012.2,944.4,27
783,177.2641509,1249.641509,937.2641509,86.39622642,192.3684211,2548.842105,996.1052632,116.8947368,175.8305085,2536.20339,952.779661,112.2711864,154.046875,1178.84375,860.65625,76,180.0526316,1879.631579,955.2105263,89.73684211,195,2337,1054,129,172,1272.634615,895.6153846,76.34615385,174.8571429,2987.428571,928.2857143,103,141,1368.761905,837.4126984,59,148,1696.645161,865.8709677,72.80645161,28,3013,946,27
784,177.0943396,1247.943396,937.0943396,86.64150943,192.8947368,2550.473684,997.6842105,117.3157895,176.0508475,2532.338983,952.9661017,112.1186441,153.96875,1180.4375,860.5625,76,180.2105263,1875.526316,954.8421053,88.94736842,195,2345.25,1053.25,124.25,172,1272.807692,895.6923077,76.07692308,174.7857143,2990.142857,928.9285714,102.75,141,1368.52381,837.4920635,59,148,1698.322581,865.9354839,72.90322581,28,3014.75,946.5,27
785,176.9245283,1246.245283,936.9245283,86.88679245,193.4210526,2552.105263,999.2631579,117.7368421,176.2711864,2528.474576,953.1525424,111.9661017,153.890625,1182.03125,860.46875,76,180.3684211,1871.421053,954.4736842,88.15789474,195,2353.5,1052.5,119.5,172,1272.980769,895.7692308,75.80769231,174.7142857,2992.857143,929.5714286,102.5,141,1368.285714,837.5714286,59,148,1700,866,73,28,3016.5,947,27
786,176.754717,1244.54717,936.754717,87.13207547,193.9473684,2553.736842,1000.842105,118.1578947,176.4915254,2524.610169,953.3389831,111.8135593,153.8125,1183.625,860.375,76,180.5263158,1867.315789,954.1052632,87.36842105,195,2361.75,1051.75,114.75,172,1273.153846,895.8461538,75.53846154,174.6428571,2995.571429,930.2142857,102.25,141,1368.047619,837.6507937,59,148,1702,866.1304348,73.13043478,28,3018.25,947.5,27
787,176.5849057,1242.849057,936.5849057,87.37735849,194.4736842,2555.368421,1002.421053,118.5789474,176.7118644,2520.745763,953.5254237,111.6610169,153.734375,1185.21875,860.28125,76,180.6842105,1863.210526,953.7368421,86.57894737,195,2370,1051,110,172,1273.326923,895.9230769,75.26923077,174.5714286,2998.285714,930.8571429,102,141,1367.809524,837.7301587,59,148,1704,866.2608696,73.26086957,28,3020,948,27
788,176.4150943,1241.150943,936.4150943,87.62264151,195,2557,1004,119,176.9322034,2516.881356,953.7118644,111.5084746,153.65625,1186.8125,860.1875,76,180.8421053,1859.105263,953.3684211,85.78947368,195.2941176,2375.117647,1051,109.1176471,172,1273.5,896,75,174.5,3001,931.5,101.75,141,1367.571429,837.8095238,59,148,1706,866.3913043,73.39130435,28,3021.5,948,27
789,176.245283,1239.45283,936.245283,87.86792453,195.5714286,2556.857143,1005.071429,117.2857143,177.1525424,2513.016949,953.8983051,111.3559322,153.578125,1188.40625,860.09375,76,181,1855,953,85,195.5882353,2380.235294,1051,108.2352941,172,1273.673077,896.0769231,74.73076923,174.4285714,3003.714286,932.1428571,101.5,141,1367.333333,837.8888889,59,148,1708,866.5217391,73.52173913,28,3023,948,27
790,176.0754717,1237.754717,936.0754717,88.11320755,196.1428571,2556.714286,1006.142857,115.5714286,177.3728814,2509.152542,954.0847458,111.2033898,153.5,1190,860,76,180.7118644,1850.830508,952.8135593,85.28813559,195.8823529,2385.352941,1051,107.3529412,172,1273.846154,896.1538462,74.46153846,174.3571429,3006.428571,932.7857143,101.25,141,1367.095238,837.968254,59,148,1710,866.6521739,73.65217391,28,3024.5,948,27
791,175.9056604,1236.056604,935.9056604,88.35849057,196.7142857,2556.571429,1007.214286,113.8571429,177.5932203,2505.288136,954.2711864,111.0508475,153.421875,1191.59375,859.90625,76,180.4237288,1846.661017,952.6271186,85.57627119,196.1764706,2390.470588,1051,106.4705882,172,1274.019231,896.2307692,74.19230769,174.2857143,3009.142857,933.4285714,101,141,1366.857143,838.047619,59,148,1712,866.7826087,73.7826087,28,3026,948,27
792,175.7358491,1234.358491,935.7358491,88.60377358,197.2857143,2556.428571,1008.285714,112.1428571,177.8135593,2501.423729,954.4576271,110.8983051,153.34375,1193.1875,859.8125,76,180.1355932,1842.491525,952.440678,85.86440678,196.4705882,2395.588235,1051,105.5882353,172,1274.192308,896.3076923,73.92307692,174.2142857,3011.857143,934.0714286,100.75,141,1366.619048,838.1269841,59,148,1714,866.9130435,73.91304348,28,3027.75,948.5,27
793,175.5660377,1232.660377,935.5660377,88.8490566,197.8571429,2556.285714,1009.357143,110.4285714,178.0338983,2497.559322,954.6440678,110.7457627,153.265625,1194.78125,859.71875,76,179.8474576,1838.322034,952.2542373,86.15254237,196.7647059,2400.705882,1051,104.7058824,172,1274.365385,896.3846154,73.65384615,174.1428571,3014.571429,934.7142857,100.5,141,1366.380952,838.2063492,59,148,1716,867.0434783,74.04347826,28,3029.5,949,27
794,175.3962264,1230.962264,935.3962264,89.09433962,198.4285714,2556.142857,1010.428571,108.7142857,178.2542373,2493.694915,954.8305085,110.5932203,153.1875,1196.375,859.625,76,179.559322,1834.152542,952.0677966,86.44067797,197.0588235,2405.823529,1051,103.8235294,172,1274.538462,896.4615385,73.38461538,174.0714286,3017.285714,935.3571429,100.25,141,1366.142857,838.2857143,59,148,1718,867.173913,74.17391304,28,3031.25,949.5,27
795,175.2264151,1229.264151,935.2264151,89.33962264,199,2556,1011.5,107,178.4745763,2489.830508,955.0169492,110.440678,153.109375,1197.96875,859.53125,76,179.2711864,1829.983051,951.8813559,86.72881356,197.3529412,2410.941176,1051,102.9411765,172,1274.711538,896.5384615,73.11538462,174,3020,936,100,141,1365.904762,838.3650794,59,148,1720,867.3043478,74.30434783,28,3033,950,27
796,175.0566038,1227.566038,935.0566038,89.58490566,199.5714286,2555.857143,1012.571429,105.2857143,178.6949153,2485.966102,955.2033898,110.2881356,153.03125,1199.5625,859.4375,76,178.9830508,1825.813559,951.6949153,87.01694915,197.6470588,2416.058824,1051,102.0588235,172,1274.884615,896.6153846,72.84615385,174,3021.6,935.8666667,99.63333333,141,1365.666667,838.4444444,59,148,1722,867.4347826,74.43478261,28,3034.444444,950.1111111,27
797,174.8867925,1225.867925,934.8867925,89.83018868,200.1428571,2555.714286,1013.642857,103.5714286,178.9152542,2482.101695,955.3898305,110.1355932,152.953125,1201.15625,859.34375,76,178.6949153,1821.644068,951.5084746,87.30508475,197.9411765,2421.176471,1051,101.1764706,172,1275.057692,896.6923077,72.57692308,174,3023.2,935.7333333,99.26666667,141,1365.428571,838.5238095,59,148,1724,867.5652174,74.56521739,28,3035.888889,950.2222222,27
798,174.7169811,1224.169811,934.7169811,90.0754717,200.7142857,2555.571429,1014.714286,101.8571429,179.1355932,2478.237288,955.5762712,109.9830508,152.875,1202.75,859.25,76,178.4067797,1817.474576,951.3220339,87.59322034,198.2352941,2426.294118,1051,100.2941176,172,1275.230769,896.7692308,72.30769231,174,3024.8,935.6,98.9,141,1365.190476,838.6031746,59,148,1726,867.6956522,74.69565217,28,3037.333333,950.3333333,27
799,174.5471698,1222.471698,934.5471698,90.32075472,201.2857143,2555.428571,1015.785714,100.1428571,179.3559322,2474.372881,955.7627119,109.8305085,152.796875,1204.34375,859.15625,76,178.1186441,1813.305085,951.1355932,87.88135593,198.5294118,2431.411765,1051,99.41176471,172,1275.403846,896.8461538,72.03846154,174,3026.4,935.4666667,98.53333333,141,1364.952381,838.6825397,59,148,1728,867.826087,74.82608696,28,3038.777778,950.4444444,27
800,174.3773585,1220.773585,934.3773585,90.56603774,201.8571429,2555.285714,1016.857143,98.42857143,179.5762712,2470.508475,955.9491525,109.6779661,152.71875,1205.9375,859.0625,76,177.8305085,1809.135593,950.9491525,88.16949153,198.8235294,2436.529412,1051,98.52941176,172,1275.576923,896.9230769,71.76923077,174,3028,935.3333333,98.16666667,141,1364.714286,838.7619048,59,148,1730,867.9565217,74.95652174,28,3040.222222,950.5555556,27
801,174.2075472,1219.075472,934.2075472,90.81132075,202.4285714,2555.142857,1017.928571,96.71428571,179.7966102,2466.644068,956.1355932,109.5254237,152.640625,1207.53125,858.96875,76,177.5423729,1804.966102,950.7627119,88.45762712,199.1176471,2441.647059,1051,97.64705882,172,1275.75,897,71.5,174,3029.6,935.2,97.8,141,1364.47619,838.8412698,59,148,1732,868.0869565,75.08695652,28,3041.666667,950.6666667,27
802,174.0377358,1217.377358,934.0377358,91.05660377,203,2555,1019,95,180.0169492,2462.779661,956.3220339,109.3728814,152.5625,1209.125,858.875,76,177.2542373,1800.79661,950.5762712,88.74576271,199.4117647,2446.764706,1051,96.76470588,172,1275.923077,897.0769231,71.23076923,174,3031.2,935.0666667,97.43333333,141,1364.238095,838.9206349,59,148,1734,868.2173913,75.2173913,28,3043.111111,950.7777778,27
803,173.8679245,1215.679245,933.8679245,91.30188679,203.6,2557,1021.6,93.4,180.2372881,2458.915254,956.5084746,109.220339,152.484375,1210.71875,858.78125,76,176.9661017,1796.627119,950.3898305,89.03389831,199.7058824,2451.882353,1051,95.88235294,172,1276.096154,897.1538462,70.96153846,174,3032.8,934.9333333,97.06666667,141,1364,839,59,148,1736,868.3478261,75.34782609,28,3044.555556,950.8888889,27
804,173.6981132,1213.981132,933.6981132,91.54716981,204.2,2559,1024.2,91.8,180.4576271,2455.050847,956.6949153,109.0677966,152.40625,1212.3125,858.6875,76,176.6779661,1792.457627,950.2033898,89.3220339,200,2457,1051,95,172,1276.269231,897.2307692,70.69230769,174,3034.4,934.8,96.7,141,1364.020619,839.0515464,59,148,1738,868.4782609,75.47826087,28,3046,951,27
805,173.5283019,1212.283019,933.5283019,91.79245283,204.8,2561,1026.8,90.2,180.6779661,2451.186441,956.8813559,108.9152542,152.328125,1213.90625,858.59375,76,176.3898305,1788.288136,950.0169492,89.61016949,200.2727273,2459.181818,1050.909091,94.09090909,172,1276.442308,897.3076923,70.42307692,174,3036,934.6666667,96.33333333,141,1364.041237,839.1030928,59,148,1740,868.6086957,75.60869565,28,3047.6,950.8,27
806,173.3584906,1210.584906,933.3584906,92.03773585,205.4,2563,1029.4,88.6,180.8983051,2447.322034,957.0677966,108.7627119,152.25,1215.5,858.5,76,176.1016949,1784.118644,949.8305085,89.89830508,200.5454545,2461.363636,1050.818182,93.18181818,172,1276.615385,897.3846154,70.15384615,174,3037.6,934.5333333,95.96666667,141,1364.061856,839.1546392,59,148,1742,868.7391304,75.73913043,28,3049.2,950.6,27
807,173.1886792,1208.886792,933.1886792,92.28301887,206,2565,1032,87,181.1186441,2443.457627,957.2542373,108.6101695,152.171875,1217.09375,858.40625,76,175.8135593,1779.949153,949.6440678,90.18644068,200.8181818,2463.545455,1050.727273,92.27272727,172,1276.788462,897.4615385,69.88461538,174,3039.2,934.4,95.6,141,1364.082474,839.2061856,59,148,1744,868.8695652,75.86956522,28,3050.8,950.4,27
808,173.0188679,1207.188679,933.0188679,92.52830189,206,2564.545455,1032.818182,87.54545455,181.3389831,2439.59322,957.440678,108.4576271,152.09375,1218.6875,858.3125,76,175.5254237,1775.779661,949.4576271,90.47457627,201.0909091,2465.727273,1050.636364,91.36363636,172,1276.961538,897.5384615,69.61538462,174,3040.8,934.2666667,95.23333333,141,1364.103093,839.257732,59,148,1746,869,76,28,3052.4,950.2,27
809,172.8490566,1205.490566,932.8490566,92.77358491,206,2564.090909,1033.636364,88.09090909,181.559322,2435.728814,957.6271186,108.3050847,152.015625,1220.28125,858.21875,76,175.2372881,1771.610169,949.2711864,90.76271186,201.3636364,2467.909091,1050.545455,90.45454545,172,1277.134615,897.6153846,69.34615385,174,3042.4,934.1333333,94.86666667,141,1364.123711,839.3092784,59,147.9722222,1748.416667,869.0277778,76.11111111,28,3054,950,27
810,172.6792453,1203.792453,932.6792453,93.01886792,206,2563.636364,1034.454545,88.63636364,181.779661,2431.864407,957.8135593,108.1525424,151.9375,1221.875,858.125,76,174.9491525,1767.440678,949.0847458,91.05084746,201.6363636,2470.090909,1050.454545,89.54545455,172,1277.307692,897.6923077,69.07692308,174,3044,934,94.5,141,1364.14433,839.3608247,59,147.9444444,1750.833333,869.0555556,76.22222222,28,3056.4,948.2,27
811,172.509434,1202.09434,932.509434,93.26415094,206,2563.181818,1035.272727,89.18181818,182,2428,958,108,151.859375,1223.46875,858.03125,76,174.6610169,1763.271186,948.8983051,91.33898305,201.9090909,2472.272727,1050.363636,88.63636364,172,1277.480769,897.7692308,68.80769231,174,3045.6,933.8666667,94.13333333,141,1364.164948,839.4123711,59,147.9166667,1753.25,869.0833333,76.33333333,28,3058.8,946.4,27
812,172.3396226,1200.396226,932.3396226,93.50943396,206,2562.727273,1036.090909,89.72727273,182.2142857,2425.107143,958.2142857,107.8571429,151.78125,1225.0625,857.9375,76,174.3728814,1759.101695,948.7118644,91.62711864,202.1818182,2474.454545,1050.272727,87.72727273,172,1277.653846,897.8461538,68.53846154,174,3047.2,933.7333333,93.76666667,141,1364.185567,839.4639175,59,147.8888889,1755.666667,869.1111111,76.44444444,28,3061.2,944.6,27
813,172.1698113,1198.698113,932.1698113,93.75471698,206,2562.272727,1036.909091,90.27272727,182.4285714,2422.214286,958.4285714,107.7142857,151.703125,1226.65625,857.84375,76,174.0847458,1754.932203,948.5254237,91.91525424,202.4545455,2476.636364,1050.181818,86.81818182,172,1277.826923,897.9230769,68.26923077,174,3048.8,933.6,93.4,141,1364.206186,839.5154639,59,147.8611111,1758.083333,869.1388889,76.55555556,28,3063.6,942.8,27
814,172,1197,932,94,206,2561.818182,1037.727273,90.81818182,182.6428571,2419.321429,958.6428571,107.5714286,151.625,1228.25,857.75,76,173.7966102,1750.762712,948.3389831,92.20338983,202.7272727,2478.818182,1050.090909,85.90909091,172,1278,898,68,174,3050.4,933.4666667,93.03333333,141,1364.226804,839.5670103,59,147.8333333,1760.5,869.1666667,76.66666667,28,3066,941,27
815,172.2608696,1195.304348,931.826087,93.60869565,206,2561.363636,1038.545455,91.36363636,182.8571429,2416.428571,958.8571429,107.4285714,151.546875,1229.84375,857.65625,76,173.5084746,1746.59322,948.1525424,92.49152542,203,2481,1050,85,171.8235294,1277.147059,898.0294118,69.08823529,174,3052,933.3333333,92.66666667,141,1364.247423,839.6185567,59,147.8055556,1762.916667,869.1944444,76.77777778,28,3069,939.5,27
816,172.5217391,1193.608696,931.6521739,93.2173913,206,2560.909091,1039.363636,91.90909091,183.0714286,2413.535714,959.0714286,107.2857143,151.46875,1231.4375,857.5625,76,173.220339,1742.423729,947.9661017,92.77966102,202.6,2482.55,1049.2,86.25,171.6470588,1276.294118,898.0588235,70.17647059,174,3053.6,933.2,92.3,141,1364.268041,839.6701031,59,147.7777778,1765.333333,869.2222222,76.88888889,28,3072,938,27
817,172.7826087,1191.913043,931.4782609,92.82608696,206,2560.454545,1040.181818,92.45454545,183.2857143,2410.642857,959.2857143,107.1428571,151.390625,1233.03125,857.46875,76,172.9322034,1738.254237,947.779661,93.06779661,202.2,2484.1,1048.4,87.5,171.4705882,1275.441176,898.0882353,71.26470588,174,3055.2,933.0666667,91.93333333,141,1364.28866,839.7216495,59,147.75,1767.75,869.25,77,28,3075,936.5,27
818,173.0434783,1190.217391,931.3043478,92.43478261,206,2560,1041,93,183.5,2407.75,959.5,107,151.3125,1234.625,857.375,76,172.6440678,1734.084746,947.5932203,93.3559322,201.8,2485.65,1047.6,88.75,171.2941176,1274.588235,898.1176471,72.35294118,174,3056.8,932.9333333,91.56666667,141,1364.309278,839.7731959,59,147.7222222,1770.166667,869.2777778,77.11111111,28,3078,935,27
819,173.3043478,1188.521739,931.1304348,92.04347826,206,2558.772727,1042.227273,93.54545455,183.7142857,2404.857143,959.7142857,106.8571429,151.234375,1236.21875,857.28125,76,172.3559322,1729.915254,947.4067797,93.6440678,201.4,2487.2,1046.8,90,171.1176471,1273.735294,898.1470588,73.44117647,174,3058.4,932.8,91.2,141,1364.329897,839.8247423,59,147.6944444,1772.583333,869.3055556,77.22222222,28,3081,933.5,27
820,173.5652174,1186.826087,930.9565217,91.65217391,206,2557.545455,1043.454545,94.09090909,183.9285714,2401.964286,959.9285714,106.7142857,151.15625,1237.8125,857.1875,76,172.0677966,1725.745763,947.220339,93.93220339,201,2488.75,1046,91.25,170.9411765,1272.882353,898.1764706,74.52941176,174,3060,932.6666667,90.83333333,141,1364.350515,839.8762887,59,147.6666667,1775,869.3333333,77.33333333,28,3084,932,27
821,173.826087,1185.130435,930.7826087,91.26086957,206,2556.318182,1044.681818,94.63636364,184.1428571,2399.071429,960.1428571,106.5714286,151.078125,1239.40625,857.09375,76,171.779661,1721.576271,947.0338983,94.22033898,200.6,2490.3,1045.2,92.5,170.7647059,1272.029412,898.2058824,75.61764706,174,3061.6,932.5333333,90.46666667,141,1364.371134,839.9278351,59,147.6388889,1777.416667,869.3611111,77.44444444,28,3086.75,931.25,27
822,174.0869565,1183.434783,930.6086957,90.86956522,206,2555.090909,1045.909091,95.18181818,184.3571429,2396.178571,960.3571429,106.4285714,151,1241,857,76,171.4915254,1717.40678,946.8474576,94.50847458,200.2,2491.85,1044.4,93.75,170.5882353,1271.176471,898.2352941,76.70588235,174,3063.2,932.4,90.1,141,1364.391753,839.9793814,59,147.6111111,1779.833333,869.3888889,77.55555556,28,3089.5,930.5,27
823,174.3478261,1181.73913,930.4347826,90.47826087,206,2553.863636,1047.136364,95.72727273,184.5714286,2393.285714,960.5714286,106.2857143,151,1241.225806,856.9354839,76.51612903,171.2033898,1713.237288,946.6610169,94.79661017,199.8,2493.4,1043.6,95,170.4117647,1270.323529,898.2647059,77.79411765,174,3064.8,932.2666667,89.73333333,141,1364.412371,840.0309278,59,147.5833333,1782.25,869.4166667,77.66666667,28,3092.25,929.75,27
824,174.6086957,1180.043478,930.2608696,90.08695652,206,2552.636364,1048.363636,96.27272727,184.7857143,2390.392857,960.7857143,106.1428571,151,1241.451613,856.8709677,77.03225806,170.9152542,1709.067797,946.4745763,95.08474576,199.4,2494.95,1042.8,96.25,170.2352941,1269.470588,898.2941176,78.88235294,174,3066.4,932.1333333,89.36666667,141,1364.43299,840.0824742,59,147.5555556,1784.666667,869.4444444,77.77777778,28,3095,929,27
825,174.8695652,1178.347826,930.0869565,89.69565217,206,2551.409091,1049.590909,96.81818182,185,2387.5,961,106,151,1241.677419,856.8064516,77.5483871,170.6271186,1704.898305,946.2881356,95.37288136,199,2496.5,1042,97.5,170.0588235,1268.617647,898.3235294,79.97058824,174,3068,932,89,141,1364.453608,840.1340206,59,147.5277778,1787.083333,869.4722222,77.88888889,28,3096.4,929,27
826,175.1304348,1176.652174,929.9130435,89.30434783,206,2550.181818,1050.818182,97.36363636,185.2142857,2384.607143,961.2142857,105.8571429,151,1241.903226,856.7419355,78.06451613,170.3389831,1700.728814,946.1016949,95.66101695,198.6,2498.05,1041.2,98.75,169.8823529,1267.764706,898.3529412,81.05882353,174,3068.117647,932.1764706,88.58823529,141,1364.474227,840.185567,59,147.5,1789.5,869.5,78,28,3097.8,929,27
827,175.3913043,1174.956522,929.7391304,88.91304348,206,2548.954545,1052.045455,97.90909091,185.4285714,2381.714286,961.4285714,105.7142857,151,1242.129032,856.6774194,78.58064516,170.0508475,1696.559322,945.9152542,95.94915254,198.2,2499.6,1040.4,100,169.7058824,1266.911765,898.3823529,82.14705882,174,3068.235294,932.3529412,88.17647059,141,1364.494845,840.2371134,59,147.4722222,1791.916667,869.5277778,78.11111111,28,3099.2,929,27
828,175.6521739,1173.26087,929.5652174,88.52173913,206,2547.727273,1053.272727,98.45454545,185.6428571,2378.821429,961.6428571,105.5714286,151,1242.354839,856.6129032,79.09677419,169.7627119,1692.389831,945.7288136,96.23728814,197.8,2501.15,1039.6,101.25,169.5294118,1266.058824,898.4117647,83.23529412,174,3068.352941,932.5294118,87.76470588,141,1364.515464,840.2886598,59,147.4444444,1794.333333,869.5555556,78.22222222,28,3100.6,929,27
829,175.9130435,1171.565217,929.3913043,88.13043478,206,2546.5,1054.5,99,185.8571429,2375.928571,961.8571429,105.4285714,151,1242.580645,856.5483871,79.61290323,169.4745763,1688.220339,945.5423729,96.52542373,197.4,2502.7,1038.8,102.5,169.3529412,1265.205882,898.4411765,84.32352941,174,3068.470588,932.7058824,87.35294118,141,1364.536082,840.3402062,59,147.4166667,1796.75,869.5833333,78.33333333,28,3102,929,27
830,176.173913,1169.869565,929.2173913,87.73913043,206,2545.272727,1055.727273,99.54545455,186.0714286,2373.035714,962.0714286,105.2857143,151,1242.806452,856.483871,80.12903226,169.1864407,1684.050847,945.3559322,96.81355932,197,2504.25,1038,103.75,169.1764706,1264.352941,898.4705882,85.41176471,174,3068.588235,932.8823529,86.94117647,141,1364.556701,840.3917526,59,147.3888889,1799.166667,869.6111111,78.44444444,28,3099.166667,929.6666667,27
831,176.4347826,1168.173913,929.0434783,87.34782609,206,2544.045455,1056.954545,100.0909091,186.2857143,2370.142857,962.2857143,105.1428571,151,1243.032258,856.4193548,80.64516129,168.8983051,1679.881356,945.1694915,97.10169492,196.6,2505.8,1037.2,105,169,1263.5,898.5,86.5,174,3068.705882,933.0588235,86.52941176,141,1364.57732,840.443299,59,147.3611111,1801.583333,869.6388889,78.55555556,28,3096.333333,930.3333333,27
832,176.6956522,1166.478261,928.8695652,86.95652174,206,2542.818182,1058.181818,100.6363636,186.5,2367.25,962.5,105,151,1243.258065,856.3548387,81.16129032,168.6101695,1675.711864,944.9830508,97.38983051,196.2,2507.35,1036.4,106.25,168.8235294,1262.647059,898.5294118,87.58823529,174,3068.823529,933.2352941,86.11764706,141,1364.597938,840.4948454,59,147.3333333,1804,869.6666667,78.66666667,28,3093.5,931,27
833,176.9565217,1164.782609,928.6956522,86.56521739,206,2541.590909,1059.409091,101.1818182,186.7142857,2364.357143,962.7142857,104.8571429,151,1243.483871,856.2903226,81.67741935,168.3220339,1671.542373,944.7966102,97.6779661,195.8,2508.9,1035.6,107.5,168.6470588,1261.794118,898.5588235,88.67647059,174,3068.941176,933.4117647,85.70588235,141,1364.618557,840.5463918,59,147.3055556,1806.416667,869.6944444,78.77777778,28,3090.666667,931.6666667,27
834,177.2173913,1163.086957,928.5217391,86.17391304,206,2540.363636,1060.636364,101.7272727,186.9285714,2361.464286,962.9285714,104.7142857,151,1243.709677,856.2258065,82.19354839,168.0338983,1667.372881,944.6101695,97.96610169,195.4,2510.45,1034.8,108.75,168.4705882,1260.941176,898.5882353,89.76470588,174,3069.058824,933.5882353,85.29411765,141,1364.639175,840.5979381,59,147.2777778,1808.833333,869.7222222,78.88888889,28,3087.833333,932.3333333,27
835,177.4782609,1161.391304,928.3478261,85.7826087,206,2539.136364,1061.863636,102.2727273,187.1428571,2358.571429,963.1428571,104.5714286,151,1243.935484,856.1612903,82.70967742,167.7457627,1663.20339,944.4237288,98.25423729,195,2512,1034,110,168.2941176,1260.088235,898.6176471,90.85294118,174,3069.176471,933.7647059,84.88235294,141,1364.659794,840.6494845,59,147.25,1811.25,869.75,79,28,3085,933,27
836,177.7391304,1159.695652,928.173913,85.39130435,206,2537.909091,1063.090909,102.8181818,187.3571429,2355.678571,963.3571429,104.4285714,151,1244.16129,856.0967742,83.22580645,167.4576271,1659.033898,944.2372881,98.54237288,194.5789474,2514.947368,1032.789474,108.9473684,168.1176471,1259.235294,898.6470588,91.94117647,174,3069.294118,933.9411765,84.47058824,141,1364.680412,840.7010309,59,147.2222222,1813.666667,869.7777778,79.11111111,28,3073,934,27
837,178,1158,928,85,206,2536.681818,1064.318182,103.3636364,187.5714286,2352.785714,963.5714286,104.2857143,151,1244.387097,856.0322581,83.74193548,167.1694915,1654.864407,944.0508475,98.83050847,194.1578947,2517.894737,1031.578947,107.8947368,167.9411765,1258.382353,898.6764706,93.02941176,174,3069.411765,934.1176471,84.05882353,141,1364.701031,840.7525773,59,147.1944444,1816.083333,869.8055556,79.22222222,28,3061,935,27
838,178,1155.818182,928.1818182,87.09090909,206,2535.454545,1065.545455,103.9090909,187.7857143,2349.892857,963.7857143,104.1428571,151,1244.612903,855.9677419,84.25806452,166.8813559,1650.694915,943.8644068,99.11864407,193.7368421,2520.842105,1030.368421,106.8421053,167.7647059,1257.529412,898.7058824,94.11764706,174,3069.529412,934.2941176,83.64705882,141,1364.721649,840.8041237,59,147.1666667,1818.5,869.8333333,79.33333333,28,3049,936,27
839,178,1153.636364,928.3636364,89.18181818,206,2534.227273,1066.772727,104.4545455,188,2347,964,104,151,1244.83871,855.9032258,84.77419355,166.5932203,1646.525424,943.6779661,99.40677966,193.3157895,2523.789474,1029.157895,105.7894737,167.5882353,1256.676471,898.7352941,95.20588235,174,3069.647059,934.4705882,83.23529412,141,1364.742268,840.8556701,59,147.1388889,1820.916667,869.8611111,79.44444444,28,3037,937,27
840,178,1151.454545,928.5454545,91.27272727,206,2533,1068,105,187.6666667,2344.52381,964.0952381,103.5238095,151,1245.064516,855.8387097,85.29032258,166.3050847,1642.355932,943.4915254,99.69491525,192.8947368,2526.736842,1027.947368,104.7368421,167.4117647,1255.823529,898.7647059,96.29411765,174,3069.764706,934.6470588,82.82352941,141,1364.762887,840.9072165,59,147.1111111,1823.333333,869.8888889,79.55555556,28,3022,941,27
841,178,1149.272727,928.7272727,93.36363636,206,2529.4,1068.52,105.56,187.3333333,2342.047619,964.1904762,103.047619,151,1245.290323,855.7741935,85.80645161,166.0169492,1638.186441,943.3050847,99.98305085,192.4736842,2529.684211,1026.736842,103.6842105,167.2352941,1254.970588,898.7941176,97.38235294,174,3069.882353,934.8235294,82.41176471,141,1364.783505,840.9587629,59,147.0833333,1825.75,869.9166667,79.66666667,28,3007,945,27
842,178,1147.090909,928.9090909,95.45454545,206,2525.8,1069.04,106.12,187,2339.571429,964.2857143,102.5714286,151,1245.516129,855.7096774,86.32258065,165.7288136,1634.016949,943.1186441,100.2711864,192.0526316,2532.631579,1025.526316,102.6315789,167.0588235,1254.117647,898.8235294,98.47058824,174,3070,935,82,141,1364.804124,841.0103093,59,147.0555556,1828.166667,869.9444444,79.77777778,28,2990.8,952.6,27
843,178,1144.909091,929.0909091,97.54545455,206,2522.2,1069.56,106.68,186.6666667,2337.095238,964.3809524,102.0952381,151,1245.741935,855.6451613,86.83870968,165.440678,1629.847458,942.9322034,100.559322,191.6315789,2535.578947,1024.315789,101.5789474,166.8823529,1253.264706,898.8529412,99.55882353,173.4090909,3068,935.4090909,83.09090909,141,1364.824742,841.0618557,59,147.0277778,1830.583333,869.9722222,79.88888889,28,2974.6,960.2,27
844,178,1142.727273,929.2727273,99.63636364,206,2518.6,1070.08,107.24,186.3333333,2334.619048,964.4761905,101.6190476,151,1245.967742,855.5806452,87.35483871,165.1525424,1625.677966,942.7457627,100.8474576,191.2105263,2538.526316,1023.105263,100.5263158,166.7058824,1252.411765,898.8823529,100.6470588,172.8181818,3066,935.8181818,84.18181818,141,1364.845361,841.1134021,59,147,1833,870,80,28,2958.4,967.8,27
845,178,1140.545455,929.4545455,101.7272727,206,2515,1070.6,107.8,186,2332.142857,964.5714286,101.1428571,151,1246.193548,855.516129,87.87096774,164.8644068,1621.508475,942.559322,101.1355932,190.7894737,2541.473684,1021.894737,99.47368421,166.5294118,1251.558824,898.9117647,101.7352941,172.2272727,3064,936.2272727,85.27272727,141,1364.865979,841.1649485,59,147.047619,1833.666667,870,79.85714286,28,2942.2,975.4,27
846,178,1138.363636,929.6363636,103.8181818,206,2511.4,1071.12,108.36,185.6666667,2329.666667,964.6666667,100.6666667,151,1246.419355,855.4516129,88.38709677,164.5762712,1617.338983,942.3728814,101.4237288,190.3684211,2544.421053,1020.684211,98.42105263,166.3529412,1250.705882,898.9411765,102.8235294,171.6363636,3062,936.6363636,86.36363636,141,1364.886598,841.2164948,59,147.0952381,1834.333333,870,79.71428571,28,2926,983,27
847,178,1136.181818,929.8181818,105.9090909,206,2507.8,1071.64,108.92,185.3333333,2327.190476,964.7619048,100.1904762,151,1246.645161,855.3870968,88.90322581,164.2881356,1613.169492,942.1864407,101.7118644,189.9473684,2547.368421,1019.473684,97.36842105,166.1764706,1249.852941,898.9705882,103.9117647,171.0454545,3060,937.0454545,87.45454545,141,1364.907216,841.2680412,59,147.1428571,1835,870,79.57142857,28,2910,995.3333333,27
848,178,1134,930,108,206,2504.2,1072.16,109.48,185,2324.714286,964.8571429,99.71428571,151,1246.870968,855.3225806,89.41935484,164,1609,942,102,189.5263158,2550.315789,1018.263158,96.31578947,166,1249,899,105,170.4545455,3058,937.4545455,88.54545455,141,1364.927835,841.3195876,59,147.1904762,1835.666667,870,79.42857143,28,2894,1007.666667,27
849,178,1131.826923,930.2115385,107.5576923,206,2500.6,1072.68,110.04,184.6666667,2322.238095,964.952381,99.23809524,151,1247.096774,855.2580645,89.93548387,164,1605.673077,941.7884615,101.5,189.1052632,2553.263158,1017.052632,95.26315789,165.9565217,1249.826087,898.826087,104.6521739,169.8636364,3056,937.8636364,89.63636364,141,1364.948454,841.371134,59,147.2380952,1836.333333,870,79.28571429,28,2878,1020,27
850,178,1129.653846,930.4230769,107.1153846,206,2497,1073.2,110.6,184.3333333,2319.761905,965.047619,98.76190476,151,1247.322581,855.1935484,90.4516129,164,1602.346154,941.5769231,101,188.6842105,2556.210526,1015.842105,94.21052632,165.9130435,1250.652174,898.6521739,104.3043478,169.2727273,3054,938.2727273,90.72727273,141,1364.969072,841.4226804,59,147.2857143,1837,870,79.14285714,28,2862,1032.333333,27
851,178,1127.480769,930.6346154,106.6730769,206,2493.4,1073.72,111.16,184,2317.285714,965.1428571,98.28571429,151,1247.548387,855.1290323,90.96774194,164,1599.019231,941.3653846,100.5,188.2631579,2559.157895,1014.631579,93.15789474,165.8695652,1251.478261,898.4782609,103.9565217,168.6818182,3052,938.6818182,91.81818182,141,1364.989691,841.4742268,59,147.3333333,1837.666667,870,79,28,2846,1044.666667,27
852,178,1125.307692,930.8461538,106.2307692,206,2489.8,1074.24,111.72,183.6666667,2314.809524,965.2380952,97.80952381,151,1247.774194,855.0645161,91.48387097,164,1595.692308,941.1538462,100,187.8421053,2562.105263,1013.421053,92.10526316,165.826087,1252.304348,898.3043478,103.6086957,168.0909091,3050,939.0909091,92.90909091,141,1365.010309,841.5257732,59,147.3809524,1838.333333,870,78.85714286,28,2830,1057,27
853,178,1123.134615,931.0576923,105.7884615,206,2486.2,1074.76,112.28,183.3333333,2312.333333,965.3333333,97.33333333,151,1248,855,92,164,1592.365385,940.9423077,99.5,187.4210526,2565.052632,1012.210526,91.05263158,165.7826087,1253.130435,898.1304348,103.2608696,167.5,3048,939.5,94,141,1365.030928,841.5773196,59,147.4285714,1839,870,78.71428571,28,2814,1069.333333,27
854,178,1120.961538,931.2692308,105.3461538,206,2482.6,1075.28,112.84,183,2309.857143,965.4285714,96.85714286,151.0851064,1247,855.3191489,91.53191489,164,1589.038462,940.7307692,99,187,2568,1011,90,165.7391304,1253.956522,897.9565217,102.9130435,166.9090909,3046,939.9090909,95.09090909,141,1365.051546,841.628866,59,147.4761905,1839.666667,870,78.57142857,28,2798,1081.666667,27
855,178,1118.788462,931.4807692,104.9038462,206,2479,1075.8,113.4,182.6666667,2307.380952,965.5238095,96.38095238,151.1702128,1246,855.6382979,91.06382979,164,1585.711538,940.5192308,98.5,186.5833333,2569.416667,1010.416667,90.33333333,165.6956522,1254.782609,897.7826087,102.5652174,166.3181818,3044,940.3181818,96.18181818,141,1365.072165,841.6804124,59,147.5238095,1840.333333,870,78.42857143,28,2782,1094,27
856,178,1116.615385,931.6923077,104.4615385,206,2475.4,1076.32,113.96,182.3333333,2304.904762,965.6190476,95.9047619,151.2553191,1245,855.9574468,90.59574468,164,1582.384615,940.3076923,98,186.1666667,2570.833333,1009.833333,90.66666667,165.6521739,1255.608696,897.6086957,102.2173913,165.7272727,3042,940.7272727,97.27272727,141,1365.092784,841.7319588,59,147.5714286,1841,870,78.28571429,28,2774.6,1085,27
857,178,1114.442308,931.9038462,104.0192308,206,2471.8,1076.84,114.52,182,2302.428571,965.7142857,95.42857143,151.3404255,1244,856.2765957,90.12765957,164,1579.057692,940.0961538,97.5,185.75,2572.25,1009.25,91,165.6086957,1256.434783,897.4347826,101.8695652,165.1363636,3040,941.1363636,98.36363636,141,1365.113402,841.7835052,59,147.6190476,1841.666667,870,78.14285714,28,2767.2,1076,27
858,178,1112.269231,932.1153846,103.5769231,206,2468.2,1077.36,115.08,181.6666667,2299.952381,965.8095238,94.95238095,151.4255319,1243,856.5957447,89.65957447,164,1575.730769,939.8846154,97,185.3333333,2573.666667,1008.666667,91.33333333,165.5652174,1257.26087,897.2608696,101.5217391,164.5454545,3038,941.5454545,99.45454545,141,1365.134021,841.8350515,59,147.6666667,1842.333333,870,78,28,2759.8,1067,27
859,178,1110.096154,932.3269231,103.1346154,206,2464.6,1077.88,115.64,181.3333333,2297.47619,965.9047619,94.47619048,151.5106383,1242,856.9148936,89.19148936,164,1572.403846,939.6730769,96.5,184.9166667,2575.083333,1008.083333,91.66666667,165.5217391,1258.086957,897.0869565,101.173913,163.9545455,3036,941.9545455,100.5454545,141,1365.154639,841.8865979,59,147.7142857,1843,870,77.85714286,28,2752.4,1058,27
860,178,1107.923077,932.5384615,102.6923077,206,2461,1078.4,116.2,181,2295,966,94,151.5957447,1241,857.2340426,88.72340426,164,1569.076923,939.4615385,96,184.5,2576.5,1007.5,92,165.4782609,1258.913043,896.9130435,100.826087,163.3636364,3034,942.3636364,101.6363636,141,1365.175258,841.9381443,59,147.7619048,1843.666667,870,77.71428571,28,2745,1049,27
861,178,1105.75,932.75,102.25,206,2457.4,1078.92,116.76,180.6842105,2291.578947,966.0526316,94.78947368,151.6808511,1240,857.5531915,88.25531915,164,1565.75,939.25,95.5,184.0833333,2577.916667,1006.916667,92.33333333,165.4347826,1259.73913,896.7391304,100.4782609,162.7727273,3032,942.7727273,102.7272727,141,1365.195876,841.9896907,59,147.8095238,1844.333333,870,77.57142857,28,2736.666667,1042.333333,27
862,178,1103.576923,932.9615385,101.8076923,206,2453.8,1079.44,117.32,180.3684211,2288.157895,966.1052632,95.57894737,151.7659574,1239,857.8723404,87.78723404,164,1562.423077,939.0384615,95,183.6666667,2579.333333,1006.333333,92.66666667,165.3913043,1260.565217,896.5652174,100.1304348,162.1818182,3030,943.1818182,103.8181818,141,1365.216495,842.0412371,59,147.8571429,1845,870,77.42857143,28,2728.333333,1035.666667,27
863,178,1101.403846,933.1730769,101.3653846,206,2450.2,1079.96,117.88,180.0526316,2284.736842,966.1578947,96.36842105,151.8510638,1238,858.1914894,87.31914894,164,1559.096154,938.8269231,94.5,183.25,2580.75,1005.75,93,165.3478261,1261.391304,896.3913043,99.7826087,161.5909091,3028,943.5909091,104.9090909,141,1365.237113,842.0927835,59,147.9047619,1845.666667,870,77.28571429,28,2720,1029,27
864,178,1099.230769,933.3846154,100.9230769,206,2446.6,1080.48,118.44,179.7368421,2281.315789,966.2105263,97.15789474,151.9361702,1237,858.5106383,86.85106383,164,1555.769231,938.6153846,94,182.8333333,2582.166667,1005.166667,93.33333333,165.3043478,1262.217391,896.2173913,99.43478261,161,3026,944,106,141,1365.257732,842.1443299,59,147.952381,1846.333333,870,77.14285714,28,2712.75,1027,27
865,178,1097.057692,933.5961538,100.4807692,206,2443,1081,119,179.4210526,2277.894737,966.2631579,97.94736842,152.0212766,1236,858.8297872,86.38297872,164,1552.442308,938.4038462,93.5,182.4166667,2583.583333,1004.583333,93.66666667,165.2608696,1263.043478,896.0434783,99.08695652,161.1818182,3023.681818,943.9090909,105.8181818,141,1365.278351,842.1958763,59,148,1847,870,77,28,2705.5,1025,27
866,178,1094.884615,933.8076923,100.0384615,205.8571429,2439.357143,1080.928571,119.8571429,179.1052632,2274.473684,966.3157895,98.73684211,152.106383,1235,859.1489362,85.91489362,164,1549.115385,938.1923077,93,182,2585,1004,94,165.2173913,1263.869565,895.8695652,98.73913043,161.3636364,3021.363636,943.8181818,105.6363636,141,1365.298969,842.2474227,59,148.0571429,1845.257143,870.0857143,76.82857143,28,2698.25,1023,27
867,178,1092.711538,934.0192308,99.59615385,205.7142857,2435.714286,1080.857143,120.7142857,178.7894737,2271.052632,966.3684211,99.52631579,152.1914894,1234,859.4680851,85.44680851,164,1545.788462,937.9807692,92.5,181.5384615,2584,1003.538462,94.30769231,165.173913,1264.695652,895.6956522,98.39130435,161.5454545,3019.045455,943.7272727,105.4545455,141,1365.319588,842.2989691,59,148.1142857,1843.514286,870.1714286,76.65714286,28,2691,1021,27
868,178,1090.538462,934.2307692,99.15384615,205.5714286,2432.071429,1080.785714,121.5714286,178.4736842,2267.631579,966.4210526,100.3157895,152.2765957,1233,859.787234,84.9787234,164,1542.461538,937.7692308,92,181.0769231,2583,1003.076923,94.61538462,165.1304348,1265.521739,895.5217391,98.04347826,161.7272727,3016.727273,943.6363636,105.2727273,141,1365.340206,842.3505155,59,148.1714286,1841.771429,870.2571429,76.48571429,28,2683,1022.8,27
869,178,1088.365385,934.4423077,98.71153846,205.4285714,2428.428571,1080.714286,122.4285714,178.1578947,2264.210526,966.4736842,101.1052632,152.3617021,1232,860.106383,84.5106383,164,1539.134615,937.5576923,91.5,180.6153846,2582,1002.615385,94.92307692,165.0869565,1266.347826,895.3478261,97.69565217,161.9090909,3014.409091,943.5454545,105.0909091,141,1365.360825,842.4020619,59,148.2285714,1840.028571,870.3428571,76.31428571,28,2675,1024.6,27
870,178,1086.192308,934.6538462,98.26923077,205.2857143,2424.785714,1080.642857,123.2857143,177.8421053,2260.789474,966.5263158,101.8947368,152.4468085,1231,860.4255319,84.04255319,164,1535.807692,937.3461538,91,180.1538462,2581,1002.153846,95.23076923,165.0434783,1267.173913,895.173913,97.34782609,162.0909091,3012.090909,943.4545455,104.9090909,141,1365.381443,842.4536082,59,148.2857143,1838.285714,870.4285714,76.14285714,28,2667,1026.4,27
871,178,1084.019231,934.8653846,97.82692308,205.1428571,2421.142857,1080.571429,124.1428571,177.5263158,2257.368421,966.5789474,102.6842105,152.5319149,1230,860.7446809,83.57446809,164,1532.480769,937.1346154,90.5,179.6923077,2580,1001.692308,95.53846154,165,1268,895,97,162.2727273,3009.772727,943.3636364,104.7272727,141,1365.402062,842.5051546,59,148.3428571,1836.542857,870.5142857,75.97142857,28,2659,1028.2,27
872,178,1081.846154,935.0769231,97.38461538,205,2417.5,1080.5,125,177.2105263,2253.947368,966.6315789,103.4736842,152.6170213,1229,861.0638298,83.10638298,164,1529.153846,936.9230769,90,179.2307692,2579,1001.230769,95.84615385,165,1267.793103,894.7931034,97,162.4545455,3007.454545,943.2727273,104.5454545,141,1365.42268,842.556701,59,148.4,1834.8,870.6,75.8,28,2651,1030,27
873,178,1079.673077,935.2884615,96.94230769,204.8571429,2413.857143,1080.428571,125.8571429,176.8947368,2250.526316,966.6842105,104.2631579,152.7021277,1228,861.3829787,82.63829787,164,1525.826923,936.7115385,89.5,178.7692308,2578,1000.769231,96.15384615,165,1267.586207,894.5862069,97,162.6363636,3005.136364,943.1818182,104.3636364,141,1365.443299,842.6082474,59,148.4571429,1833.057143,870.6857143,75.62857143,28,2642.333333,1037.666667,27
874,178,1077.5,935.5,96.5,204.7142857,2410.214286,1080.357143,126.7142857,176.5789474,2247.105263,966.7368421,105.0526316,152.787234,1227,861.7021277,82.17021277,164,1522.5,936.5,89,178.3076923,2577,1000.307692,96.46153846,165,1267.37931,894.3793103,97,162.8181818,3002.818182,943.0909091,104.1818182,141,1365.463918,842.6597938,59,148.5142857,1831.314286,870.7714286,75.45714286,28,2633.666667,1045.333333,27
875,178,1075.326923,935.7115385,96.05769231,204.5714286,2406.571429,1080.285714,127.5714286,176.2631579,2243.684211,966.7894737,105.8421053,152.8723404,1226,862.0212766,81.70212766,164,1519.173077,936.2884615,88.5,177.8461538,2576,999.8461538,96.76923077,165,1267.172414,894.1724138,97,163,3000.5,943,104,141,1365.484536,842.7113402,59,148.5714286,1829.571429,870.8571429,75.28571429,28,2625,1053,27
876,178,1073.153846,935.9230769,95.61538462,204.4285714,2402.928571,1080.214286,128.4285714,175.9473684,2240.263158,966.8421053,106.6315789,152.9574468,1225,862.3404255,81.23404255,164,1515.846154,936.0769231,88,177.3846154,2575,999.3846154,97.07692308,165,1266.965517,893.9655172,97,163.1818182,2998.181818,942.9090909,103.8181818,141,1365.505155,842.7628866,59,148.6285714,1827.828571,870.9428571,75.11428571,28,2621.25,1051.583333,27
877,178,1070.980769,936.1346154,95.17307692,204.2857143,2399.285714,1080.142857,129.2857143,175.6315789,2236.842105,966.8947368,107.4210526,153.0425532,1224,862.6595745,80.76595745,164,1512.519231,935.8653846,87.5,176.9230769,2574,998.9230769,97.38461538,165,1266.758621,893.7586207,97,163.3636364,2995.863636,942.8181818,103.6363636,141,1365.525773,842.814433,59,148.6857143,1826.085714,871.0285714,74.94285714,28,2617.5,1050.166667,27
878,178,1068.807692,936.3461538,94.73076923,204.1428571,2395.642857,1080.071429,130.1428571,175.3157895,2233.421053,966.9473684,108.2105263,153.1276596,1223,862.9787234,80.29787234,164,1509.192308,935.6538462,87,176.4615385,2573,998.4615385,97.69230769,165,1266.551724,893.5517241,97,163.5454545,2993.545455,942.7272727,103.4545455,141,1365.546392,842.8659794,59,148.7428571,1824.342857,871.1142857,74.77142857,28,2613.75,1048.75,27
879,178,1066.634615,936.5576923,94.28846154,204,2392,1080,131,175,2230,967,109,153.212766,1222,863.2978723,79.82978723,164,1505.865385,935.4423077,86.5,176,2572,998,98,165,1266.344828,893.3448276,97,163.7272727,2991.227273,942.6363636,103.2727273,141,1365.56701,842.9175258,59,148.8,1822.6,871.2,74.6,28,2610,1047.333333,27
880,178,1064.461538,936.7692308,93.84615385,203.75,2391.5,1079.25,123.5,174.7142857,2226.619048,967.047619,107.3809524,153.2978723,1221,863.6170213,79.36170213,164,1502.538462,935.2307692,86,176,2568.733333,997.0666667,98,165,1266.137931,893.137931,97,163.9090909,2988.909091,942.5454545,103.0909091,141,1365.587629,842.9690722,59,148.8571429,1820.857143,871.2857143,74.42857143,28,2606.25,1045.916667,27
881,178,1062.288462,936.9807692,93.40384615,203.5,2391,1078.5,116,174.4285714,2223.238095,967.0952381,105.7619048,153.3829787,1220,863.9361702,78.89361702,164,1499.211538,935.0192308,85.5,176,2565.466667,996.1333333,98,165,1265.931034,892.9310345,97,164.0909091,2986.590909,942.4545455,102.9090909,141,1365.608247,843.0206186,59,148.9142857,1819.114286,871.3714286,74.25714286,28,2602.5,1044.5,27
882,178,1060.115385,937.1923077,92.96153846,203.25,2390.5,1077.75,108.5,174.1428571,2219.857143,967.1428571,104.1428571,153.4680851,1219,864.2553191,78.42553191,164,1495.884615,934.8076923,85,176,2562.2,995.2,98,165,1265.724138,892.7241379,97,164.2727273,2984.272727,942.3636364,102.7272727,141,1365.628866,843.0721649,59,148.9714286,1817.371429,871.4571429,74.08571429,28,2598.75,1043.083333,27
883,178,1057.942308,937.4038462,92.51923077,203,2390,1077,101,173.8571429,2216.47619,967.1904762,102.5238095,153.5531915,1218,864.5744681,77.95744681,164,1492.557692,934.5961538,84.5,176,2558.933333,994.2666667,98,165,1265.517241,892.5172414,97,164.4545455,2981.954545,942.2727273,102.5454545,141,1365.649485,843.1237113,59,149.0285714,1815.628571,871.5428571,73.91428571,28,2595,1041.666667,27
884,178,1055.769231,937.6153846,92.07692308,202.7647059,2385.588235,1077.117647,100.0588235,173.5714286,2213.095238,967.2380952,100.9047619,153.6382979,1217,864.893617,77.4893617,164,1489.230769,934.3846154,84,176,2555.666667,993.3333333,98,165,1265.310345,892.3103448,97,164.6363636,2979.636364,942.1818182,102.3636364,141,1365.670103,843.1752577,59,149.0857143,1813.885714,871.6285714,73.74285714,28,2591.25,1040.25,27
885,178,1053.596154,937.8269231,91.63461538,202.5294118,2381.176471,1077.235294,99.11764706,173.2857143,2209.714286,967.2857143,99.28571429,153.7234043,1216,865.212766,77.0212766,164,1485.903846,934.1730769,83.5,176,2552.4,992.4,98,165,1265.103448,892.1034483,97,164.8181818,2977.318182,942.0909091,102.1818182,141,1365.690722,843.2268041,59,149.1428571,1812.142857,871.7142857,73.57142857,28,2587.5,1038.833333,27
886,178,1051.423077,938.0384615,91.19230769,202.2941176,2376.764706,1077.352941,98.17647059,173,2206.333333,967.3333333,97.66666667,153.8085106,1215,865.5319149,76.55319149,164,1482.576923,933.9615385,83,176,2549.133333,991.4666667,98,165,1264.896552,891.8965517,97,165,2975,942,102,141,1365.71134,843.2783505,59,149.2,1810.4,871.8,73.4,28,2583.75,1037.416667,27
887,178,1049.25,938.25,90.75,202.0588235,2372.352941,1077.470588,97.23529412,172.7142857,2202.952381,967.3809524,96.04761905,153.893617,1214,865.8510638,76.08510638,164,1479.25,933.75,82.5,176,2545.866667,990.5333333,98,165,1264.689655,891.6896552,97,165.2,2971.6,941.4,101.8,141,1365.731959,843.3298969,59,149.2571429,1808.657143,871.8857143,73.22857143,28,2580,1036,27
888,178,1047.076923,938.4615385,90.30769231,201.8235294,2367.941176,1077.588235,96.29411765,172.4285714,2199.571429,967.4285714,94.42857143,153.9787234,1213,866.1702128,75.61702128,164,1475.923077,933.5384615,82,176,2542.6,989.6,98,165,1264.482759,891.4827586,97,165.4,2968.2,940.8,101.6,141,1365.752577,843.3814433,59,149.3142857,1806.914286,871.9714286,73.05714286,28,2574.428571,1034.857143,27
889,178,1044.903846,938.6730769,89.86538462,201.5882353,2363.529412,1077.705882,95.35294118,172.1428571,2196.190476,967.4761905,92.80952381,154.0638298,1212,866.4893617,75.14893617,164,1472.596154,933.3269231,81.5,176,2539.333333,988.6666667,98,165,1264.275862,891.2758621,97,165.6,2964.8,940.2,101.4,141,1365.773196,843.4329897,59,149.3714286,1805.171429,872.0571429,72.88571429,28,2568.857143,1033.714286,27
890,178,1042.730769,938.8846154,89.42307692,201.3529412,2359.117647,1077.823529,94.41176471,171.8571429,2192.809524,967.5238095,91.19047619,154.1489362,1211,866.8085106,74.68085106,164,1469.269231,933.1153846,81,176,2536.066667,987.7333333,98,165,1264.068966,891.0689655,97,165.8,2961.4,939.6,101.2,141,1365.793814,843.4845361,59,149.4285714,1803.428571,872.1428571,72.71428571,28,2563.285714,1032.571429,27
891,178,1040.557692,939.0961538,88.98076923,201.1176471,2354.705882,1077.941176,93.47058824,171.5714286,2189.428571,967.5714286,89.57142857,154.2340426,1210,867.1276596,74.21276596,164,1465.942308,932.9038462,80.5,176,2532.8,986.8,98,165,1263.862069,890.862069,97,166,2958,939,101,141,1365.814433,843.5360825,59,149.4857143,1801.685714,872.2285714,72.54285714,28,2557.714286,1031.428571,27
892,178,1038.384615,939.3076923,88.53846154,200.8823529,2350.294118,1078.058824,92.52941176,171.2857143,2186.047619,967.6190476,87.95238095,154.3191489,1209,867.4468085,73.74468085,164,1462.615385,932.6923077,80,176,2529.533333,985.8666667,98,165,1263.655172,890.6551724,97,166.2222222,2953.555556,938.7777778,100.8888889,141,1365.835052,843.5876289,59,149.5428571,1799.942857,872.3142857,72.37142857,28,2552.142857,1030.285714,27
893,178,1036.211538,939.5192308,88.09615385,200.6470588,2345.882353,1078.176471,91.58823529,171,2182.666667,967.6666667,86.33333333,154.4042553,1208,867.7659574,73.27659574,164,1459.288462,932.4807692,79.5,176,2526.266667,984.9333333,98,165,1263.448276,890.4482759,97,166.4444444,2949.111111,938.5555556,100.7777778,141,1365.85567,843.6391753,59,149.6,1798.2,872.4,72.2,28,2546.571429,1029.142857,27
894,178,1034.038462,939.7307692,87.65384615,200.4117647,2341.470588,1078.294118,90.64705882,170.7142857,2179.285714,967.7142857,84.71428571,154.4893617,1207,868.0851064,72.80851064,164,1455.961538,932.2692308,79,176,2523,984,98,165,1263.241379,890.2413793,97,166.6666667,2944.666667,938.3333333,100.6666667,141,1365.876289,843.6907216,59,149.6571429,1796.457143,872.4857143,72.02857143,28,2541,1028,27
895,178,1031.865385,939.9423077,87.21153846,200.1764706,2337.058824,1078.411765,89.70588235,170.4285714,2175.904762,967.7619048,83.0952381,154.5744681,1206,868.4042553,72.34042553,164,1452.634615,932.0576923,78.5,176,2516.833333,982.3333333,98,165,1263.034483,890.0344828,97,166.8888889,2940.222222,938.1111111,100.5555556,141,1365.896907,843.742268,59,149.7142857,1794.714286,872.5714286,71.85714286,28,2531.5,1029,27
896,178,1029.692308,940.1538462,86.76923077,199.9411765,2332.647059,1078.529412,88.76470588,170.1428571,2172.52381,967.8095238,81.47619048,154.6595745,1205,868.7234043,71.87234043,164,1449.307692,931.8461538,78,176,2510.666667,980.6666667,98,165,1262.827586,889.8275862,97,167.1111111,2935.777778,937.8888889,100.4444444,141,1365.917526,843.7938144,59,149.7714286,1792.971429,872.6571429,71.68571429,28,2522,1030,27
897,178,1027.519231,940.3653846,86.32692308,199.7058824,2328.235294,1078.647059,87.82352941,169.8571429,2169.142857,967.8571429,79.85714286,154.7446809,1204,869.0425532,71.40425532,164,1445.980769,931.6346154,77.5,176,2504.5,979,98,165,1262.62069,889.6206897,97,167.3333333,2931.333333,937.6666667,100.3333333,141,1365.938144,843.8453608,59,149.8285714,1791.228571,872.7428571,71.51428571,28,2514,1033,27
898,178,1025.346154,940.5769231,85.88461538,199.4705882,2323.823529,1078.764706,86.88235294,169.5714286,2165.761905,967.9047619,78.23809524,154.8297872,1203,869.3617021,70.93617021,164,1442.653846,931.4230769,77,176,2498.333333,977.3333333,98,165,1262.413793,889.4137931,97,167.5555556,2926.888889,937.4444444,100.2222222,141,1365.958763,843.8969072,59,149.8857143,1789.485714,872.8285714,71.34285714,28,2506,1036,27
899,178,1023.173077,940.7884615,85.44230769,199.2352941,2319.411765,1078.882353,85.94117647,169.2857143,2162.380952,967.952381,76.61904762,154.9148936,1202,869.6808511,70.46808511,164,1439.326923,931.2115385,76.5,176,2492.166667,975.6666667,98,165,1262.206897,889.2068966,97,167.7777778,2922.444444,937.2222222,100.1111111,141,1365.979381,843.9484536,59,149.9428571,1787.742857,872.9142857,71.17142857,28,2497.5,1044.5,27
900,178,1021,941,85,199,2315,1079,85,169,2159,968,75,155,1201,870,70,164,1436,931,76,176,2486,974,98,165,1262,889,97,168,2918,937,100,141,1366,844,59,150,1786,873,71,28,2489,1053,27
